Date,SP500,DAX,Nikkei
1988-01-04,255.9400,956.4900,21217.0391
1988-01-05,258.6300,996.1000,21575.2793
1988-01-06,258.8900,1006.0100,22790.5000
1988-01-07,261.0700,1014.4700,22792.1309
1988-01-08,243.4000,1026.6899,22872.5605
1988-01-11,247.4900,987.5200,22578.4297
1988-01-12,245.4200,986.8900,22625.0508
1988-01-13,245.8100,965.7700,22324.9902
1988-01-14,245.8800,974.4600,22603.6504
1988-01-18,251.8800,1003.1300,22910.1992
1988-01-19,249.3200,980.1800,22898.1699
1988-01-20,242.6300,960.4400,22843.1406
1988-01-21,243.1400,949.2400,22710.2598
1988-01-22,246.5000,966.4800,22876.5801
1988-01-25,252.1700,962.6300,23318.4004
1988-01-26,249.5700,968.2600,23498.7598
1988-01-27,249.3800,959.6700,23335.9102
1988-01-28,253.2900,937.7600,23587.2500
1988-01-29,257.0700,936.0000,23622.3203
1988-02-01,255.0400,951.5000,23732.3203
1988-02-02,255.5700,955.6700,23672.2109
1988-02-03,252.2100,972.1900,23595.3691
1988-02-04,252.2100,990.2200,23709.0996
1988-02-05,250.9600,979.3800,23650.8008
1988-02-08,249.1000,986.9500,23771.5996
1988-02-09,251.7200,983.3100,23662.2695
1988-02-10,256.6600,997.1400,23771.8809
1988-02-12,257.6300,1033.4900,23981.9395
1988-02-16,259.8300,1055.7700,24345.6602
1988-02-17,259.2100,1053.2700,24429.9492
1988-02-18,257.9100,1051.9399,24675.3594
1988-02-19,261.6100,1046.7800,24773.4102
1988-02-22,265.6400,1059.4800,24846.7109
1988-02-23,265.0200,1069.0300,24949.4492
1988-02-24,264.4300,1069.9000,24968.6504
1988-02-25,261.5800,1091.5900,25100.6602
1988-02-26,262.4600,1079.4000,25165.1797
1988-02-29,267.8200,1083.3400,25242.8105
1988-03-01,267.2200,1087.3199,25435.9004
1988-03-02,267.9800,1080.4399,25682.8203
1988-03-03,267.8800,1082.2400,25596.3105
1988-03-04,267.3000,1075.1300,25615.6191
1988-03-07,267.3800,1077.3700,25616.5801
1988-03-08,269.4300,1079.4200,25465.7305
1988-03-09,269.0600,1078.6200,25605.3906
1988-03-10,263.8400,1082.5400,25617.8203
1988-03-11,264.9400,1073.4500,25543.7305
1988-03-14,266.3700,1071.8900,25433.5098
1988-03-15,266.1300,1088.1300,25475.6699
1988-03-16,268.6500,1098.7600,25704.4297
1988-03-17,271.2200,1104.2700,25872.2891
1988-03-18,271.1200,1123.2700,25966.2598
1988-03-22,268.8400,1107.1000,25842.7500
1988-03-23,268.9100,1116.1100,25895.2305
1988-03-24,263.3500,1100.4500,25781.2793
1988-03-25,258.5100,1065.7100,25626.7109
1988-03-28,258.0600,1037.2600,25622.7109
1988-03-29,260.0700,1062.3300,25953.0898
1988-03-30,258.0700,1066.5000,26320.0703
1988-03-31,258.8900,1062.3300,26260.2598
1988-04-05,258.5100,1063.2800,26315.3496
1988-04-06,265.4900,1073.0200,26511.1699
1988-04-07,266.1600,1081.9000,26769.2207
1988-04-08,269.4300,1078.4100,26748.8906
1988-04-11,270.1600,1088.2400,26924.8691
1988-04-12,271.3700,1102.3300,26930.8398
1988-04-13,271.5800,1094.1200,26985.5508
1988-04-14,259.7500,1093.1200,27111.3496
1988-04-15,259.7700,1071.2300,26893.5703
1988-04-18,259.2100,1075.1300,26671.4492
1988-04-19,257.9200,1083.4500,26657.0000
1988-04-20,256.1300,1075.7600,26864.0898
1988-04-21,256.4200,1067.5000,26828.1602
1988-04-22,260.1400,1067.0601,26837.1191
1988-04-25,262.5100,1066.8199,27213.4492
1988-04-26,263.9300,1053.7100,27246.7695
1988-04-27,263.8000,1054.3000,27191.9707
1988-04-28,262.6100,1058.2500,27434.1191
1988-05-02,261.5600,1052.8400,27669.7207
1988-05-06,257.4800,1037.2400,27534.3906
1988-05-09,256.5400,1023.6200,27264.3008
1988-05-10,257.6200,1010.1500,27412.2500
1988-05-11,253.3100,994.3500,27161.0508
1988-05-13,256.7800,1006.9700,27468.3105
1988-05-16,258.7100,1049.5900,27759.8691
1988-05-17,255.3900,1046.3600,27819.9805
1988-05-18,251.3500,1043.2000,27767.5801
1988-05-19,252.5700,1020.3200,27373.2402
1988-05-20,253.0200,1031.3300,27393.8496
1988-05-24,253.5100,1031.9200,27312.6602
1988-05-25,253.7600,1043.6100,27443.6504
1988-05-26,254.6300,1046.6200,27428.2402
1988-05-27,253.4200,1054.9200,27290.4902
1988-05-31,262.1600,1075.6600,27416.6992
1988-06-01,266.6900,1095.4301,27703.9102
1988-06-03,266.4500,1102.0300,27821.5391
1988-06-06,267.0500,1105.9100,27996.2402
1988-06-07,265.1700,1101.1300,27967.3203
1988-06-08,271.5200,1097.6700,27912.6504
1988-06-09,270.2000,1125.6600,28072.0195
1988-06-10,271.2600,1115.7800,27920.3594
1988-06-13,271.4300,1122.2600,28036.5391
1988-06-14,274.3000,1117.8400,28061.8008
1988-06-15,274.4500,1134.0200,28093.5195
1988-06-16,269.7700,1124.1400,28147.3203
1988-06-20,268.9400,1104.7000,28139.0293
1988-06-21,271.6700,1119.5601,27925.5703
1988-06-22,275.6600,1137.2300,27860.7793
1988-06-23,274.8200,1135.7700,27732.9297
1988-06-24,273.7800,1131.1899,27750.3906
1988-06-27,269.0600,1138.8400,27435.0098
1988-06-28,272.3100,1124.7300,27398.0898
1988-06-29,270.9800,1133.5200,27607.3301
1988-06-30,273.5000,1133.8101,27769.4004
1988-07-01,271.7800,1153.6801,27503.5293
1988-07-05,275.8100,1177.4000,27577.1699
1988-07-06,272.0200,1194.9600,27766.5996
1988-07-07,271.7800,1186.4200,27728.1309
1988-07-08,270.0200,1199.9200,27917.0801
1988-07-11,270.5500,1191.5300,27985.9902
1988-07-12,267.8500,1182.4700,28099.8398
1988-07-13,269.3200,1167.7400,28020.0996
1988-07-14,270.2600,1185.1500,28084.0801
1988-07-15,272.0500,1189.5900,27913.7891
1988-07-18,270.5100,1188.4000,27662.1191
1988-07-19,268.4700,1168.5800,27149.0293
1988-07-20,270.0000,1169.7900,27553.9805
1988-07-21,266.6600,1181.0500,27676.1406
1988-07-22,263.5000,1156.2500,27285.0098
1988-07-25,264.6800,1149.7700,27183.5293
1988-07-26,265.1900,1167.6500,27303.7598
1988-07-27,262.5000,1176.5000,27738.5703
1988-07-28,266.0200,1163.2700,27796.0898
1988-07-29,272.0200,1178.5300,27911.6309
1988-08-01,272.2100,1190.6700,28326.3105
1988-08-02,272.0600,1187.1100,28366.3301
1988-08-03,272.9800,1192.4200,28348.4492
1988-08-04,271.9300,1182.9800,28292.6602
1988-08-05,271.1500,1193.8700,28423.3809
1988-08-08,269.9800,1202.2800,28253.1191
1988-08-09,266.4900,1193.4600,28170.3594
1988-08-10,261.9000,1174.9900,27554.8691
1988-08-11,262.7500,1162.7600,27784.9805
1988-08-12,262.5500,1172.6100,27833.5098
1988-08-15,258.6900,1170.4399,27901.2891
1988-08-16,260.5600,1158.6100,27896.5508
1988-08-17,260.7700,1175.0300,28178.8594
1988-08-18,261.0300,1180.3900,28129.3594
1988-08-19,260.2400,1164.4700,28209.4199
1988-08-22,256.9800,1165.9800,28079.1797
1988-08-23,257.0900,1151.4600,27919.9492
1988-08-24,261.1300,1161.6801,27799.6699
1988-08-25,259.1800,1164.6500,27870.4395
1988-08-26,259.6800,1156.5800,27565.4102
1988-08-29,262.3300,1150.9700,27379.0996
1988-08-30,262.5100,1164.3000,27511.6504
1988-08-31,261.5200,1169.4600,27365.9492
1988-09-01,258.3500,1154.3300,26934.2598
1988-09-02,264.4800,1152.9200,27116.5000
1988-09-06,265.5900,1176.7700,27320.5098
1988-09-07,265.8700,1182.5400,27504.0098
1988-09-08,265.8800,1186.8600,27740.1094
1988-09-09,266.8400,1186.5900,27647.0996
1988-09-12,266.4700,1199.8300,27756.7402
1988-09-13,267.4300,1211.2400,27794.1602
1988-09-14,269.3100,1224.0500,27805.6699
1988-09-16,270.6500,1229.2800,27866.3809
1988-09-19,268.8200,1248.4700,27901.0000
1988-09-20,269.7300,1243.0400,27548.5801
1988-09-21,270.1600,1257.8000,27712.6602
1988-09-22,269.1800,1250.0699,27428.3105
1988-09-26,268.8800,1254.9301,27333.7500
1988-09-27,268.2600,1252.5400,27499.5605
1988-09-28,269.0800,1239.9000,27752.0098
1988-09-29,272.5900,1248.0100,27700.1309
1988-09-30,271.9100,1253.6801,27923.6699
1988-10-03,271.3800,1243.2800,27545.5293
1988-10-04,270.6200,1245.2600,27501.0195
1988-10-05,271.8600,1252.2600,27405.4902
1988-10-06,272.3900,1257.5800,27172.3398
1988-10-07,278.0700,1265.0601,27258.2695
1988-10-11,277.9300,1275.5200,27469.5996
1988-10-12,273.9800,1263.0000,27409.3691
1988-10-13,275.2200,1269.2700,27273.3008
1988-10-14,275.5000,1284.5100,27306.5703
1988-10-17,276.4100,1282.7500,27268.7402
1988-10-18,279.3800,1299.5900,27141.9805
1988-10-19,276.9700,1309.2300,27293.6699
1988-10-20,282.8800,1288.4399,27390.5508
1988-10-21,283.6600,1297.6000,27401.4199
1988-10-24,282.2800,1288.1100,27281.5391
1988-10-25,282.3800,1290.0699,27421.4902
1988-10-26,281.3800,1308.0900,27620.5996
1988-10-27,277.2800,1319.2500,27722.9199
1988-10-28,278.5300,1314.7100,27741.3398
1988-10-31,278.9700,1308.2500,27982.5391
1988-11-01,279.0600,1304.9700,28013.6699
1988-11-02,279.0600,1299.7100,27985.2598
1988-11-04,276.3100,1289.3700,27953.2500
1988-11-07,273.9300,1271.0300,27866.3594
1988-11-08,275.1500,1284.6000,28007.2695
1988-11-09,273.3300,1283.4100,28212.7793
1988-11-10,273.6900,1266.9200,28166.4199
1988-11-11,267.9200,1252.1100,28489.5703
1988-11-14,267.7200,1252.8300,28520.9004
1988-11-15,268.3400,1265.4000,28829.4102
1988-11-17,264.6000,1261.2800,29076.8105
1988-11-18,266.4700,1278.2500,29180.1992
1988-11-21,266.2200,1286.9900,29284.2598
1988-11-22,267.2100,1275.0400,29430.1191
1988-11-25,267.2300,1275.6700,29406.6504
1988-11-28,268.6400,1261.5500,28983.3203
1988-11-29,270.9100,1259.1899,29318.3008
1988-11-30,273.7000,1273.7600,29578.9004
1988-12-01,272.4900,1281.6100,29541.4609
1988-12-02,271.8100,1272.0900,29532.2500
1988-12-05,274.9300,1281.3199,29614.6797
1988-12-06,277.5900,1292.7100,29669.3809
1988-12-07,278.1300,1300.6600,30050.8203
1988-12-08,276.5900,1298.0200,29758.9004
1988-12-09,277.0300,1300.7600,29793.4199
1988-12-12,276.5200,1293.2300,29672.2891
1988-12-13,276.3100,1288.0900,29597.8105
1988-12-14,275.3100,1294.5200,29754.7305
1988-12-15,274.2800,1282.2800,29705.7500
1988-12-16,276.2900,1298.3101,29536.7109
1988-12-19,278.9100,1310.3800,29470.0801
1988-12-20,277.4700,1331.5200,29567.9395
1988-12-21,277.3800,1321.6899,29698.1895
1988-12-22,276.8700,1324.7900,29774.6094
1988-12-23,277.8700,1326.2000,29686.2598
1988-12-27,276.8300,1342.4600,30050.9297
1988-12-28,277.0800,1332.3900,30159.0000
1989-01-04,279.4300,1369.7800,30243.6602
1989-01-05,280.0100,1372.4000,30183.7891
1989-01-06,280.6700,1356.4800,30209.5391
1989-01-09,280.9800,1367.0900,30678.3906
1989-01-10,280.3800,1349.9000,31006.5098
1989-01-11,282.0100,1352.4301,31143.4492
1989-01-12,283.1700,1360.6100,31143.4492
1989-01-13,283.8700,1356.7000,31298.3809
1989-01-17,283.5500,1328.2700,31227.5195
1989-01-18,286.5300,1316.9301,31354.5508
1989-01-19,286.9100,1339.9800,31311.4004
1989-01-20,286.6300,1329.8101,31170.3809
1989-01-23,284.5000,1313.2900,31332.8809
1989-01-24,288.4900,1326.6100,31557.6797
1989-01-25,289.1400,1345.6300,31567.7891
1989-01-26,291.6900,1330.8000,31511.8105
1989-01-27,293.8200,1341.8199,31646.1309
1989-01-30,294.9900,1335.9399,31567.5000
1989-01-31,297.4700,1324.3400,31581.3008
1989-02-01,297.0900,1305.9301,31360.6797
1989-02-02,296.8400,1313.6600,31498.3008
1989-02-03,296.9700,1328.9900,31685.7793
1989-02-06,296.0400,1332.6600,31828.7500
1989-02-07,299.6300,1344.8000,31880.6504
1989-02-08,298.6500,1356.5400,32065.1191
1989-02-09,296.0600,1349.7200,32078.4297
1989-02-10,292.0200,1347.1700,32131.9902
1989-02-13,292.5400,1335.5000,31985.3203
1989-02-14,291.8100,1333.9600,31982.8906
1989-02-15,294.2400,1321.2000,32149.4805
1989-02-16,294.8100,1322.5900,32083.5801
1989-02-17,296.7600,1319.9301,32173.3906
1989-02-21,295.9800,1310.5900,31980.0801
1989-02-22,290.9100,1296.1100,32311.9297
1989-02-23,292.0500,1273.0800,32452.4902
1989-02-27,287.8200,1269.6801,32285.7695
1989-02-28,288.8600,1289.7900,31985.5996
1989-03-01,287.1100,1305.7500,31964.3008
1989-03-02,289.9500,1303.2600,32073.7305
1989-03-03,291.1800,1324.8900,32000.0996
1989-03-06,294.8100,1332.6700,31876.8594
1989-03-07,293.8700,1331.0100,31937.9395
1989-03-08,294.0800,1314.6700,31837.6602
1989-03-09,293.9300,1315.8600,31656.4492
1989-03-10,292.8800,1320.3600,31701.7793
1989-03-13,295.3200,1310.3600,31552.9609
1989-03-14,295.1400,1329.0200,31724.3496
1989-03-15,296.6700,1332.6600,32100.4805
1989-03-16,299.4400,1323.6400,32098.2402
1989-03-17,292.6900,1325.5100,32021.0098
1989-03-20,289.9200,1299.1600,31654.8008
1989-03-22,290.4900,1308.7900,31443.2402
1989-03-23,288.9800,1303.7600,31588.6602
1989-03-28,291.5900,1308.2400,32306.3594
1989-03-29,292.3500,1310.6600,32737.2793
1989-03-30,292.5200,1316.0000,32826.1289
1989-03-31,294.8700,1319.8800,32838.6797
1989-04-03,296.3900,1339.4301,33042.0703
1989-04-04,295.3100,1341.9000,33312.2500
1989-04-05,296.2400,1346.5900,33360.7891
1989-04-06,295.2900,1351.4800,32995.7812
1989-04-07,297.1600,1346.0699,33185.0508
1989-04-10,297.1100,1362.5900,32999.0195
1989-04-11,298.4900,1371.6700,33249.5781
1989-04-12,298.9900,1379.3000,33256.4492
1989-04-13,296.4000,1396.3400,33063.9414
1989-04-14,301.3600,1378.3500,33150.4414
1989-04-17,301.7200,1395.6899,33308.3281
1989-04-18,306.0200,1390.6100,33321.6602
1989-04-19,307.1500,1391.0400,33363.8281
1989-04-20,306.1900,1387.2700,33185.1484
1989-04-21,309.6100,1375.9301,33029.8086
1989-04-24,308.6900,1373.4900,32805.9219
1989-04-25,306.7500,1368.6000,33244.7812
1989-04-26,306.9300,1374.1899,33434.9297
1989-04-27,309.5800,1374.7600,33500.8281
1989-04-28,309.6400,1374.0400,33713.3516
1989-05-02,308.1200,1359.0601,33954.9883
1989-05-08,306.0000,1379.3800,34135.2383
1989-05-09,305.1900,1369.4200,34031.8711
1989-05-10,305.8000,1368.1300,33992.3516
1989-05-11,306.9500,1367.3700,34081.4883
1989-05-12,313.8400,1348.2600,33866.3281
1989-05-16,315.2800,1338.9301,33926.4492
1989-05-17,317.4800,1338.3800,33992.4492
1989-05-18,317.9700,1348.6700,33856.3281
1989-05-19,321.2400,1354.0800,34001.9609
1989-05-22,321.9800,1351.5800,34067.8594
1989-05-23,318.3200,1348.5900,33816.6094
1989-05-24,319.1400,1369.5500,33851.8203
1989-05-26,321.5900,1373.5500,34191.6211
1989-05-30,319.0500,1402.5699,34076.8906
1989-05-31,320.5200,1407.0500,34266.7500
1989-06-01,321.9700,1406.9600,33981.3516
1989-06-02,325.5200,1417.8300,33667.4219
1989-06-05,322.0300,1421.7400,33457.0781
1989-06-06,324.2400,1408.9500,33452.0117
1989-06-07,326.9500,1429.9000,33626.8906
1989-06-08,326.7500,1440.0000,33718.2891
1989-06-09,326.6900,1436.9000,33639.9805
1989-06-12,326.2400,1433.8199,33398.0117
1989-06-13,323.9100,1425.7800,33213.5508
1989-06-14,323.8300,1433.2400,33402.9883
1989-06-15,320.0800,1426.1801,32913.0898
1989-06-16,321.3500,1430.2100,33055.1719
1989-06-19,321.8900,1453.5900,33013.1797
1989-06-20,321.2500,1477.1899,33233.4688
1989-06-21,320.4800,1470.3800,33345.2812
1989-06-22,322.3200,1485.3000,33324.9688
1989-06-23,328.0000,1485.3101,33530.7109
1989-06-26,326.6000,1486.7900,33625.8203
1989-06-27,328.4400,1475.0800,33469.2109
1989-06-28,325.8100,1492.0601,33245.6016
1989-06-29,319.6800,1488.1600,32956.3086
1989-06-30,317.9800,1477.2200,32948.6914
1989-07-03,319.2300,1485.4000,33236.4219
1989-07-05,320.6400,1496.8101,33309.7109
1989-07-06,321.5500,1486.7900,33423.4805
1989-07-07,324.9100,1507.8800,33703.9688
1989-07-10,327.0700,1520.6000,33676.0195
1989-07-11,328.7800,1503.3600,33746.7695
1989-07-12,329.8100,1511.3900,33701.5195
1989-07-13,329.9500,1513.5601,33631.1602
1989-07-14,331.8400,1527.6000,33574.7695
1989-07-17,332.4400,1530.2400,33456.2188
1989-07-18,331.3500,1515.6200,33343.7305
1989-07-19,335.7300,1535.1200,33557.1719
1989-07-20,333.5100,1546.4900,33664.8711
1989-07-21,335.9000,1556.3800,33899.4297
1989-07-24,333.6700,1554.5800,34093.3281
1989-07-25,333.8800,1550.0100,34538.8984
1989-07-26,338.0500,1570.5500,34515.8281
1989-07-27,341.9900,1564.8700,34785.2812
1989-07-28,342.1500,1554.5900,34705.6289
1989-07-31,346.0800,1548.6801,34953.8711
1989-08-01,343.7500,1576.3900,34898.4609
1989-08-02,344.3400,1590.1300,34899.3398
1989-08-03,344.7400,1574.7200,34779.8086
1989-08-04,343.9200,1585.3700,34741.9883
1989-08-07,349.4100,1584.2800,34630.3789
1989-08-08,349.3500,1604.6400,34759.4805
1989-08-09,346.9400,1602.8900,34859.2695
1989-08-10,348.2500,1615.5800,34719.8008
1989-08-11,344.7400,1610.4200,34712.9609
1989-08-14,343.0600,1586.7500,34671.6211
1989-08-15,344.7100,1567.9000,34810.6914
1989-08-16,345.6600,1591.1899,35084.1484
1989-08-17,344.4500,1574.4700,35090.1094
1989-08-18,346.0300,1572.9800,35063.1406
1989-08-21,340.6700,1594.4301,35140.8281
1989-08-22,341.1900,1600.7000,35114.3516
1989-08-23,344.7000,1594.7300,34893.2812
1989-08-24,351.5200,1592.8500,34786.5508
1989-08-25,350.5200,1604.4700,34739.9297
1989-08-28,352.0900,1600.9900,34607.4102
1989-08-29,349.8400,1594.5900,34687.6484
1989-08-30,350.6500,1589.0100,34471.6602
1989-08-31,351.4500,1594.7000,34431.1992
1989-09-01,353.7300,1608.0500,34348.2188
1989-09-05,352.5600,1636.8000,34441.9492
1989-09-06,349.2400,1639.3700,34271.3086
1989-09-07,348.3500,1638.5300,34152.5586
1989-09-08,348.7600,1654.4700,34115.8086
1989-09-11,347.6600,1641.0601,34113.6602
1989-09-12,348.7000,1630.4900,34332.8789
1989-09-13,345.4600,1609.6600,34286.9414
1989-09-14,343.1600,1609.8900,34401.8789
1989-09-18,346.7300,1597.0800,34472.5391
1989-09-19,346.5500,1613.1200,34471.0703
1989-09-20,346.4700,1617.9500,34470.5781
1989-09-21,345.7000,1615.2100,34745.0195
1989-09-22,347.0500,1626.0200,34771.7891
1989-09-25,344.2300,1635.0500,34960.7109
1989-09-26,344.3300,1617.9500,35444.8203
1989-09-27,345.1000,1585.0601,35370.5703
1989-09-28,348.6000,1586.2400,35689.9805
1989-09-29,349.1500,1570.6400,35636.7617
1989-10-02,350.8700,1578.4900,35622.9688
1989-10-03,354.7100,1596.7900,35366.3711
1989-10-04,356.9400,1616.8101,35382.8008
1989-10-05,356.9700,1615.7700,35522.9883
1989-10-06,358.7800,1629.6100,35209.3516
1989-10-09,359.8000,1636.1500,35376.3516
1989-10-11,356.9900,1610.4900,35240.0703
1989-10-12,355.3900,1608.0200,34795.0508
1989-10-13,333.6500,1595.6300,35116.0195
1989-10-16,342.8500,1385.9100,34468.6914
1989-10-17,341.1600,1477.1700,34996.0781
1989-10-18,341.7600,1501.4900,35107.5586
1989-10-19,347.1300,1522.2900,35374.2188
1989-10-20,347.1600,1520.0100,35486.3789
1989-10-23,344.8300,1518.2400,35585.5195
1989-10-24,343.7000,1508.2500,35526.5508
1989-10-25,342.5000,1479.2200,35442.3984
1989-10-26,337.9300,1492.9200,35678.4883
1989-10-27,335.0600,1467.3101,35527.2891
1989-10-30,335.0700,1457.8101,35417.4414
1989-10-31,340.3600,1464.8700,35549.4414
1989-11-01,341.2000,1473.2900,35564.4297
1989-11-02,338.4800,1465.6000,35494.8594
1989-11-06,332.6100,1444.7400,35434.0000
1989-11-07,334.8100,1432.1899,35270.4609
1989-11-08,338.1500,1436.8900,35595.5898
1989-11-09,336.5700,1464.5100,35657.4219
1989-11-10,339.1000,1490.9700,35663.1992
1989-11-13,339.5500,1527.6700,35750.1211
1989-11-14,337.9900,1502.7900,35768.6406
1989-11-15,340.5400,1500.2300,35852.2305
1989-11-16,340.5800,1515.6600,35876.3398
1989-11-17,341.6100,1527.6000,35963.7383
1989-11-20,339.3500,1533.7500,35893.5781
1989-11-21,339.5900,1514.0601,36059.8711
1989-11-24,343.9700,1549.8101,36484.4688
1989-11-27,345.6100,1560.0400,36881.5312
1989-11-28,345.7700,1547.9301,36985.3008
1989-11-29,343.6000,1565.8300,37021.4609
1989-11-30,345.9900,1556.4100,37268.7891
1989-12-01,350.6300,1603.8101,37132.6797
1989-12-04,351.4100,1636.8700,37303.8711
1989-12-05,349.5800,1621.1100,37494.1719
1989-12-06,348.5500,1654.1600,37654.2891
1989-12-07,347.5900,1667.8600,37858.1094
1989-12-08,348.6900,1646.4900,37724.0586
1989-12-11,348.5600,1652.2200,37752.6719
1989-12-12,351.7300,1650.3400,37803.5312
1989-12-13,352.7500,1630.3101,38062.4219
1989-12-14,350.9300,1629.1000,38180.6992
1989-12-15,350.1400,1628.4900,38271.0391
1989-12-18,343.6900,1633.4000,38586.1797
1989-12-19,342.4600,1640.5000,38439.1016
1989-12-20,342.8400,1671.9600,38512.0000
1989-12-21,344.7800,1676.8500,38215.4805
1989-12-22,347.4200,1685.6400,38040.3711
1989-12-27,348.8100,1732.8800,38801.6289
1989-12-28,350.6700,1778.1200,38876.9414
1990-01-04,355.6700,1830.9200,38712.8789
1990-01-05,352.2000,1812.9000,38274.7617
1990-01-08,353.7900,1841.4700,38294.9609
1990-01-09,349.6200,1865.5200,37951.4609
1990-01-10,347.3100,1843.0500,37696.5117
1990-01-11,348.5300,1843.4200,38170.1289
1990-01-12,339.9300,1860.9600,37516.7695
1990-01-16,340.7500,1806.1000,36850.3594
1990-01-17,337.4000,1810.6100,36821.1406
1990-01-18,338.1900,1771.6700,36729.4609
1990-01-19,339.1500,1775.2900,36836.5391
1990-01-22,330.3800,1787.0800,37257.0117
1990-01-23,331.6100,1785.0000,37378.0195
1990-01-24,330.2600,1751.6200,36778.9805
1990-01-25,326.0800,1791.5200,36969.1094
1990-01-26,325.8000,1798.2200,36874.0703
1990-01-29,325.2000,1815.6899,37173.6992
1990-01-30,322.9800,1815.2000,37215.6719
1990-01-31,329.0800,1821.2100,37188.9492
1990-02-01,328.7900,1852.9200,37206.4219
1990-02-02,330.9200,1908.4600,37650.1484
1990-02-05,331.8500,1939.8199,37631.4102
1990-02-06,329.6600,1936.2500,37666.8281
1990-02-07,333.7500,1895.6500,37301.8711
1990-02-08,332.9600,1909.9500,37516.2383
1990-02-09,333.6200,1895.9301,37288.1406
1990-02-13,331.0200,1857.1000,37107.0312
1990-02-14,332.0100,1836.5800,37155.8906
1990-02-15,334.8900,1845.9200,37471.9883
1990-02-16,332.7200,1888.8199,37460.3203
1990-02-20,327.9900,1830.5100,36895.5195
1990-02-21,327.6700,1807.4000,35734.3281
1990-02-22,325.7000,1823.5000,35826.8398
1990-02-23,324.1500,1788.3900,34890.9688
1990-02-26,328.6700,1764.0601,33321.8711
1990-02-27,330.2600,1797.0400,33897.9492
1990-02-28,331.8900,1806.6300,34591.9883
1990-03-01,332.7400,1796.1801,33829.5781
1990-03-02,335.5400,1804.9800,34057.5586
1990-03-05,333.7400,1838.1801,33845.1992
1990-03-06,337.9300,1820.3600,33791.0781
1990-03-07,336.9500,1841.9200,33362.3398
1990-03-08,340.2700,1861.9500,33690.8906
1990-03-09,337.9300,1858.8900,33993.1211
1990-03-12,338.6700,1843.7400,33368.2305
1990-03-13,336.0000,1866.5699,32620.5703
1990-03-14,336.8700,1876.8900,32352.1309
1990-03-15,338.0700,1884.2600,32671.6406
1990-03-16,341.9100,1881.9800,32616.4395
1990-03-19,343.5300,1924.5601,31263.2402
1990-03-20,341.5700,1903.3000,30807.1895
1990-03-22,335.6900,1931.7500,29843.3398
1990-03-23,337.2200,1921.6400,30372.1602
1990-03-26,337.6300,1934.7800,31840.4902
1990-03-27,341.5000,1926.9200,31825.9609
1990-03-28,342.0000,1918.3000,31263.5703
1990-03-29,340.7900,1955.8800,31026.1602
1990-03-30,339.9400,1966.7500,29980.4492
1990-04-02,338.7000,1935.2600,28002.0703
1990-04-03,343.6400,1965.9100,28759.7207
1990-04-04,341.0900,1960.8900,28442.9395
1990-04-05,340.7300,1952.8000,28249.0605
1990-04-06,340.0800,1959.0800,29278.7793
1990-04-09,341.3700,1919.7800,30397.9297
1990-04-10,342.0700,1913.1400,29624.6797
1990-04-11,341.9200,1890.9000,29440.2793
1990-04-12,344.3400,1909.8700,29623.1992
1990-04-17,344.6800,1916.2300,28461.5996
1990-04-18,340.7200,1896.9100,29249.0605
1990-04-19,338.0900,1873.7900,29945.4102
1990-04-20,335.1200,1890.6200,29835.4395
1990-04-23,331.0500,1851.3500,29679.0703
1990-04-24,330.3600,1841.2100,29501.3809
1990-04-25,332.0300,1845.9399,29564.3594
1990-04-26,332.9200,1830.9200,29424.5801
1990-04-27,329.1100,1817.8000,29584.8008
1990-05-02,334.4800,1835.8101,30173.6406
1990-05-07,340.5300,1920.8800,30956.2695
1990-05-08,342.0100,1910.1801,30970.5801
1990-05-09,342.8600,1903.6100,30945.6094
1990-05-10,343.8200,1884.9000,30980.2598
1990-05-11,352.0000,1884.7600,31512.1406
1990-05-14,354.7500,1857.9800,32042.6504
1990-05-15,354.2800,1843.7700,31997.0391
1990-05-16,354.0000,1850.2600,31967.6191
1990-05-17,354.4700,1831.5900,32061.5996
1990-05-18,354.6400,1856.4500,32013.7207
1990-05-21,358.0000,1817.7100,31765.0508
1990-05-22,358.4300,1803.2500,31938.3008
1990-05-23,359.2900,1833.6600,32176.5098
1990-05-25,354.5800,1826.9900,32793.8789
1990-05-29,360.6500,1851.9500,32817.6719
1990-05-30,360.8600,1843.3199,32926.2617
1990-05-31,361.2300,1836.6899,33130.8008
1990-06-01,363.1600,1850.2400,32891.1211
1990-06-05,366.6400,1880.6300,32921.6211
1990-06-06,364.9600,1857.9500,32953.5000
1990-06-07,363.1500,1846.1400,33192.5000
1990-06-08,358.7100,1826.5601,32993.2891
1990-06-11,361.6300,1809.7100,32540.1797
1990-06-12,366.2500,1812.3500,32322.3105
1990-06-13,364.9000,1792.2500,32371.7695
1990-06-15,362.9100,1787.2800,32538.4004
1990-06-18,356.8800,1804.3800,32376.8008
1990-06-19,358.4700,1821.3400,32040.3809
1990-06-20,359.1000,1853.1000,32087.7598
1990-06-21,360.4700,1863.5500,32087.2695
1990-06-22,355.4300,1874.0601,31694.5703
1990-06-25,352.3100,1881.8800,31124.1895
1990-06-26,352.0600,1887.8800,31571.7695
1990-06-27,355.1400,1887.3000,32312.7500
1990-06-28,357.6300,1911.0800,32106.1895
1990-06-29,358.0200,1884.6700,31940.2402
1990-07-02,359.5400,1911.3400,32160.2305
1990-07-03,360.1600,1911.2600,32414.5996
1990-07-05,355.6800,1927.0699,32351.6699
1990-07-06,358.4200,1924.1000,32445.1191
1990-07-09,359.5200,1927.2800,32538.2793
1990-07-10,356.4900,1904.0200,32152.4297
1990-07-11,361.2300,1902.3600,32294.1797
1990-07-12,365.4400,1929.2400,32575.3203
1990-07-13,367.3100,1931.8500,32644.3691
1990-07-16,368.9500,1932.4301,33021.7305
1990-07-17,367.5200,1929.0601,33172.2812
1990-07-18,364.2200,1962.0699,33048.1094
1990-07-19,365.3200,1962.2200,33055.6211
1990-07-20,361.6100,1950.1600,32421.5195
1990-07-23,355.3100,1939.8199,31894.7891
1990-07-24,355.7900,1922.6700,31702.4609
1990-07-25,357.0900,1924.3400,31701.2695
1990-07-26,355.9100,1930.5699,31369.7500
1990-07-27,353.4400,1920.2500,30863.4805
1990-07-30,355.5500,1909.2000,30442.9492
1990-07-31,356.1500,1922.9200,31035.6602
1990-08-01,355.5200,1903.9800,30837.9902
1990-08-02,351.4800,1870.8900,30245.1797
1990-08-03,344.8600,1848.5000,29515.7598
1990-08-06,334.4300,1759.5900,28599.5293
1990-08-07,334.8300,1786.0400,27653.0703
1990-08-08,338.3500,1733.5699,28509.1406
1990-08-09,339.9400,1751.5100,27615.7305
1990-08-10,335.5200,1752.4800,27329.5508
1990-08-13,338.8400,1721.5400,26176.4297
1990-08-14,339.3900,1714.5300,26672.5293
1990-08-15,340.0600,1737.5200,28112.1191
1990-08-16,332.3900,1739.5800,27549.4395
1990-08-17,327.8300,1677.8900,26786.7207
1990-08-20,328.5100,1645.3800,26490.4707
1990-08-21,321.8600,1584.9900,26297.8398
1990-08-22,316.5500,1568.1801,25210.9102
1990-08-23,307.0600,1532.2900,23737.6309
1990-08-24,311.5100,1545.7600,24165.7598
1990-08-27,321.4400,1633.6100,25141.7598
1990-08-28,321.3400,1623.0601,25710.7598
1990-08-29,324.1900,1626.1899,24894.7891
1990-08-30,318.7100,1653.5500,25669.9609
1990-08-31,322.5600,1622.0100,25978.3691
1990-09-04,323.0900,1605.6801,24907.6406
1990-09-05,324.3900,1581.6600,24078.3398
1990-09-06,320.4600,1555.9399,23811.9102
1990-09-07,323.4000,1559.6700,23962.0703
1990-09-10,321.6300,1603.4200,25080.9004
1990-09-11,321.0400,1578.9900,24604.6602
1990-09-12,322.5400,1599.3500,25216.1406
1990-09-13,318.6500,1581.2600,25075.0801
1990-09-14,316.8300,1561.8000,24897.4609
1990-09-17,317.7700,1527.3199,24365.5996
1990-09-18,318.6000,1509.8900,23884.8203
1990-09-19,316.6000,1479.4000,23726.1699
1990-09-20,311.4800,1465.7700,23602.9805
1990-09-21,311.3200,1430.4700,23777.8301
1990-09-25,308.2600,1367.9000,23359.3203
1990-09-26,305.0600,1377.0900,22250.6191
1990-09-27,300.9700,1399.5000,21771.9102
1990-09-28,306.0500,1327.9800,20983.5000
1990-10-01,314.9400,1405.6700,20221.8594
1990-10-02,315.2100,1448.4500,22898.4102
1990-10-04,312.6900,1413.3800,22278.1895
1990-10-05,311.5000,1402.5500,22827.6504
1990-10-08,313.4800,1458.0699,23630.0000
1990-10-09,305.1000,1445.9399,23495.1094
1990-10-11,295.4600,1425.6400,22585.6309
1990-10-12,300.0300,1461.9000,22390.1602
1990-10-15,303.2300,1472.7300,23109.1992
1990-10-16,298.9200,1462.7100,23606.0996
1990-10-17,298.7600,1441.3101,23859.3594
1990-10-18,305.7400,1468.5400,24367.0801
1990-10-19,312.4800,1484.0900,24481.4902
1990-10-22,314.7600,1474.1600,25070.8594
1990-10-23,312.3600,1488.3400,25298.3008
1990-10-24,312.6000,1523.1700,24876.8809
1990-10-25,310.1700,1498.5100,25352.6309
1990-10-26,304.7100,1463.1200,25005.6406
1990-10-29,301.8800,1453.1801,25329.3105
1990-10-30,304.0600,1439.7200,25242.4004
1990-10-31,304.0000,1434.5000,25194.0996
1990-11-01,307.0200,1421.2300,24295.1602
1990-11-02,311.8500,1420.0500,24194.9902
1990-11-05,314.5900,1422.8300,24385.3301
1990-11-06,311.6200,1404.7600,23965.7500
1990-11-07,306.0100,1370.5000,23500.2500
1990-11-08,307.6100,1359.1801,22969.8105
1990-11-09,313.7400,1384.1200,22931.8008
1990-11-13,317.6700,1421.8101,23973.6699
1990-11-14,320.4000,1402.3000,23937.4395
1990-11-15,317.0200,1417.4800,23487.4805
1990-11-16,317.1200,1430.2000,23171.6309
1990-11-19,319.3400,1462.8101,23518.1602
1990-11-20,315.3100,1459.8700,23205.4805
1990-11-26,316.5100,1458.2800,23762.8594
1990-11-27,318.1000,1434.3700,23623.5098
1990-11-28,317.9500,1425.6700,23053.8809
1990-11-29,316.4200,1424.4100,22712.5996
1990-11-30,322.2200,1436.5699,22454.6309
1990-12-03,324.1000,1466.4000,22725.9902
1990-12-04,326.3500,1442.7000,21862.6094
1990-12-05,329.9200,1459.9000,22193.7207
1990-12-06,329.0700,1493.0601,22553.0996
1990-12-07,327.7500,1510.9800,23522.4902
1990-12-10,328.8900,1514.6000,23784.6699
1990-12-11,326.4400,1487.6801,23956.9707
1990-12-12,330.1900,1518.5800,23999.4102
1990-12-13,329.3400,1527.3600,24642.9707
1990-12-14,326.8200,1513.2500,24349.5000
1990-12-17,326.0200,1491.1300,24087.9102
1990-12-18,330.0500,1480.3199,24424.0195
1990-12-19,330.2000,1460.9800,24876.7793
1990-12-20,330.1200,1417.9600,24524.9395
1990-12-21,331.7500,1421.2300,24119.5996
1990-12-27,328.2900,1413.3199,23940.6992
1990-12-28,328.7200,1389.3500,23848.7109
1991-01-04,321.0000,1390.0800,24069.1797
1991-01-07,315.4400,1356.4800,23736.5703
1991-01-08,314.9000,1351.2100,22897.8398
1991-01-09,311.4900,1367.7200,22969.2695
1991-01-10,314.5300,1376.7600,23047.3594
1991-01-11,315.2300,1377.4900,23241.0195
1991-01-14,312.4900,1345.2600,23213.2305
1991-01-16,316.1700,1324.9399,22442.6992
1991-01-17,327.9700,1404.3500,23446.8105
1991-01-18,332.2300,1401.6500,23808.3008
1991-01-21,331.0600,1393.0200,23352.1895
1991-01-22,328.3100,1373.9100,23253.6504
1991-01-23,330.2100,1365.4700,23050.0996
1991-01-24,334.7800,1379.5699,23269.0098
1991-01-25,336.0700,1381.3000,23573.2500
1991-01-28,336.0300,1378.5000,23569.4395
1991-01-29,335.8400,1388.3900,23460.1191
1991-01-30,340.9100,1395.5400,23409.6094
1991-01-31,343.9300,1421.1600,23293.1406
1991-02-01,343.0500,1417.5200,23156.6992
1991-02-04,348.3400,1446.2300,23287.3594
1991-02-05,351.2600,1442.7300,23821.5703
1991-02-06,358.0700,1425.2200,23952.0391
1991-02-07,356.5200,1442.8300,24104.4297
1991-02-08,359.3500,1449.0699,24296.0801
1991-02-12,365.5000,1470.0100,24935.0098
1991-02-13,369.0200,1482.8700,25139.4707
1991-02-14,364.2200,1497.2900,25356.3691
1991-02-15,369.0600,1500.6200,25343.7402
1991-02-19,369.3900,1588.5601,26166.9805
1991-02-20,365.1400,1567.2600,26198.7891
1991-02-21,364.9700,1569.5400,26024.3691
1991-02-22,365.6500,1574.7700,25902.8105
1991-02-25,367.2600,1606.0601,26462.7598
1991-02-26,362.8100,1564.7900,26282.9609
1991-02-27,367.7400,1553.9900,26094.2500
1991-02-28,367.0700,1564.4500,26409.2207
1991-03-01,370.4700,1521.3000,25881.5703
1991-03-04,369.3300,1529.3101,25976.0195
1991-03-05,376.7200,1546.6100,25913.4805
1991-03-06,376.1700,1584.1500,26382.9902
1991-03-07,375.9100,1586.6899,26397.9609
1991-03-08,374.9500,1604.6700,26607.5195
1991-03-11,372.9600,1575.6899,26669.3691
1991-03-12,370.0300,1568.4700,26727.4199
1991-03-13,374.5700,1558.7500,26418.3203
1991-03-14,373.5000,1563.6400,26542.3301
1991-03-15,373.5900,1572.2100,26843.0996
1991-03-18,372.1100,1558.2300,27146.9102
1991-03-19,366.5900,1542.8500,27006.6602
1991-03-20,367.9200,1530.6899,26449.3496
1991-03-22,367.4800,1507.6400,26613.1895
1991-03-25,369.8300,1508.8101,26645.7891
1991-03-26,376.3000,1499.2600,26339.3809
1991-03-27,375.3500,1514.8600,26104.6504
1991-03-28,375.2200,1515.3199,26206.9199
1991-04-02,379.5000,1541.8400,26252.0000
1991-04-03,378.9400,1572.4399,26780.0605
1991-04-04,379.7700,1568.4000,26689.8105
1991-04-05,375.3600,1576.1700,26767.3301
1991-04-08,378.6600,1576.3700,26607.6504
1991-04-09,373.5600,1588.4500,26317.3906
1991-04-10,373.1500,1560.5300,26268.8594
1991-04-11,377.6300,1566.5200,26425.1895
1991-04-12,380.4000,1577.6500,26582.5000
1991-04-15,381.1900,1600.5000,26695.5293
1991-04-16,387.6200,1602.5000,26813.3008
1991-04-17,390.4500,1616.9200,26980.3691
1991-04-18,388.4600,1614.1600,26798.9004
1991-04-19,384.2000,1599.8300,26541.9707
1991-04-22,380.9500,1577.0500,26237.0098
1991-04-23,381.7600,1593.6200,26491.5703
1991-04-24,382.7600,1599.4100,26330.2109
1991-04-25,379.2500,1625.8700,26038.8594
1991-04-26,379.0200,1620.5200,26123.6797
1991-04-30,375.3400,1606.8700,26111.2500
1991-05-02,380.5200,1631.1600,26477.8594
1991-05-07,377.3200,1628.9900,26342.1406
1991-05-08,378.5100,1608.7700,26309.7891
1991-05-10,375.7400,1620.3900,26274.2891
1991-05-13,376.7600,1607.2800,26093.1992
1991-05-14,371.6200,1598.0699,26030.0801
1991-05-15,368.5700,1587.7700,25822.4707
1991-05-16,372.1900,1592.3199,25520.2695
1991-05-17,372.3900,1602.5900,25701.9395
1991-05-21,375.3500,1612.4800,25481.2109
1991-05-22,376.1900,1640.7300,25398.6602
1991-05-23,374.9600,1641.2100,25643.6504
1991-05-24,377.4900,1662.2900,25529.1406
1991-05-28,381.9400,1675.2800,25390.6699
1991-05-29,382.7900,1686.4200,25495.4102
1991-05-31,389.8300,1707.9600,25789.6191
1991-06-03,388.0600,1704.1899,25912.6094
1991-06-04,387.7400,1689.3000,25556.8594
1991-06-05,385.0900,1705.7400,25289.5703
1991-06-06,383.6300,1708.7000,24984.1191
1991-06-07,379.4300,1708.3600,25035.1094
1991-06-10,378.5700,1698.0800,24598.3809
1991-06-11,381.0500,1713.3000,24662.5898
1991-06-12,376.6500,1699.2800,24482.6895
1991-06-13,377.6300,1688.8500,24808.1699
1991-06-14,382.2900,1702.8800,25093.8906
1991-06-17,380.1300,1714.2200,24943.0898
1991-06-18,378.5900,1694.0000,24685.4707
1991-06-19,375.0900,1687.7000,23996.7500
1991-06-20,375.4200,1689.7200,24082.2598
1991-06-21,377.7500,1706.7600,24275.0801
1991-06-24,370.9400,1690.6801,23765.4609
1991-06-25,370.6500,1691.4700,23907.4199
1991-06-26,371.5900,1677.5800,23766.3809
1991-06-27,374.4000,1668.6100,23543.0293
1991-06-28,371.1600,1623.7300,23290.9609
1991-07-01,377.9200,1628.7500,24108.7598
1991-07-02,377.4700,1613.6300,23995.7598
1991-07-03,373.3300,1606.5100,23373.4707
1991-07-05,374.0800,1618.1600,22898.3398
1991-07-08,377.9400,1610.6100,22176.1699
1991-07-09,376.1100,1630.7500,22608.9609
1991-07-10,375.7400,1640.1700,23121.3008
1991-07-11,376.9700,1635.4700,22937.9199
1991-07-12,380.2500,1645.8900,23137.7793
1991-07-15,382.3900,1647.8400,23459.0391
1991-07-16,381.5400,1638.3500,23375.1504
1991-07-17,381.1800,1629.9301,23060.6992
1991-07-18,385.3700,1621.4900,22908.7109
1991-07-19,384.2200,1624.7400,22866.3594
1991-07-22,382.8800,1627.6300,22705.2891
1991-07-23,379.4200,1631.9900,22758.9805
1991-07-24,378.6400,1621.1801,23297.4707
1991-07-25,380.9600,1613.4200,23332.7109
1991-07-26,380.9300,1604.9500,23519.0703
1991-07-29,383.1500,1605.7500,23443.5801
1991-07-30,386.6900,1616.6700,23872.6309
1991-07-31,387.8100,1619.2900,24120.7500
1991-08-01,387.1200,1620.4900,24072.7305
1991-08-02,387.1800,1619.6700,24027.9707
1991-08-05,385.0600,1623.0699,23833.2500
1991-08-06,390.6200,1613.9800,23464.9609
1991-08-07,390.5600,1631.8700,23691.0195
1991-08-08,389.3200,1630.3700,23482.4609
1991-08-09,387.1200,1633.4700,23434.6191
1991-08-12,388.0200,1626.5500,22985.6699
1991-08-13,389.6200,1650.4301,22872.0000
1991-08-14,389.9000,1650.0601,23393.3008
1991-08-15,389.3300,1654.1100,23018.6797
1991-08-16,385.5800,1653.6000,22814.3691
1991-08-19,376.4700,1501.8199,21456.7598
1991-08-20,379.4300,1524.2800,21687.0605
1991-08-21,390.5900,1603.6500,22051.5996
1991-08-22,391.3300,1622.4900,22515.7695
1991-08-23,394.1700,1636.6801,22065.3398
1991-08-26,393.8500,1652.1000,21592.2695
1991-08-27,393.0600,1645.8101,21641.3008
1991-08-28,396.6400,1650.3600,21621.6309
1991-08-29,396.4700,1651.5500,22002.1699
1991-08-30,395.4300,1649.8800,22335.8691
1991-09-03,392.1500,1657.5100,22469.8008
1991-09-04,389.9700,1649.5500,22402.6895
1991-09-05,389.1400,1649.0900,22499.6504
1991-09-06,389.1000,1646.4100,22692.5996
1991-09-09,388.5700,1638.6500,22573.9805
1991-09-10,384.5600,1625.8000,22411.5801
1991-09-11,385.0900,1628.6400,22504.7891
1991-09-12,387.3400,1632.2200,22530.1992
1991-09-13,383.5900,1633.6500,23134.4297
1991-09-17,385.5000,1635.8000,23443.6094
1991-09-18,386.9400,1621.2700,23317.7793
1991-09-19,387.5600,1624.7000,23332.3105
1991-09-20,387.9200,1616.1300,23192.7402
1991-09-24,387.7100,1627.8000,23333.6992
1991-09-25,386.8800,1625.7900,23577.4199
1991-09-26,386.4900,1614.8000,23968.0801
1991-09-27,385.9000,1612.8000,23969.4707
1991-09-30,387.8600,1605.4700,23916.4395
1991-10-01,389.2000,1609.3199,24377.0098
1991-10-02,388.2600,1607.4800,24375.1094
1991-10-04,381.2500,1604.8900,24596.9004
1991-10-07,379.5000,1589.1200,24330.8301
1991-10-08,380.6700,1582.2700,24155.6191
1991-10-09,376.8000,1567.9900,24485.2598
1991-10-11,381.4500,1569.7100,24157.7207
1991-10-14,386.4700,1571.7400,23860.6699
1991-10-15,391.0100,1585.4100,24307.6504
1991-10-16,392.8000,1570.0100,24334.6699
1991-10-17,391.9200,1561.8900,24439.8496
1991-10-18,392.5000,1565.1801,24894.8203
1991-10-21,390.0200,1570.3400,25016.8105
1991-10-22,387.8300,1577.0000,24954.6602
1991-10-23,387.9400,1590.2900,24799.9395
1991-10-24,385.0700,1572.7200,24949.2598
1991-10-25,384.2000,1572.0699,24906.4297
1991-10-28,389.5200,1579.1899,24901.7207
1991-10-29,391.4800,1588.7300,25140.6094
1991-10-30,392.9600,1586.0100,24981.1797
1991-10-31,392.4500,1579.7700,25222.2793
1991-11-01,391.3200,1572.5800,25044.2402
1991-11-05,388.7100,1578.2100,24950.8594
1991-11-06,389.9700,1573.9399,24750.1992
1991-11-07,393.7200,1582.0601,24446.7598
1991-11-08,392.8900,1610.1801,24486.4902
1991-11-11,393.1200,1605.1600,24232.9902
1991-11-12,396.7400,1623.8400,24667.7305
1991-11-13,397.4100,1615.2600,24416.2305
1991-11-14,397.1500,1627.0800,24176.5391
1991-11-15,382.6200,1626.9700,24099.1797
1991-11-18,385.2400,1605.7000,23400.1191
1991-11-19,379.4200,1589.7000,23326.8594
1991-11-21,380.0600,1603.2600,23177.8398
1991-11-22,376.1400,1599.7500,23117.3906
1991-11-25,375.3400,1590.8600,22868.6895
1991-11-26,377.9600,1603.5000,23112.0898
1991-11-27,376.5500,1589.8600,22973.2793
1991-11-29,375.2200,1571.0601,22687.3496
1991-12-02,381.4000,1549.8101,21992.2891
1991-12-03,380.9600,1549.3600,22166.8301
1991-12-04,380.0700,1554.6500,22669.4395
1991-12-05,377.3900,1557.5200,22459.1699
1991-12-06,379.1000,1555.3101,22445.0605
1991-12-09,378.2600,1559.7600,22352.8809
1991-12-10,377.9000,1548.4399,21953.0605
1991-12-11,377.7000,1543.9900,21502.9004
1991-12-12,381.5500,1550.2100,21712.5703
1991-12-13,384.4700,1557.0300,22754.9004
1991-12-16,384.4600,1551.7800,22836.6699
1991-12-17,382.7400,1562.8900,22736.2891
1991-12-18,383.4800,1570.2800,22629.9004
1991-12-19,382.5200,1559.2600,21991.1895
1991-12-20,387.0400,1545.8700,21777.1191
1991-12-27,406.4600,1564.2700,22437.3203
1991-12-30,415.1400,1577.2600,22983.7695
1992-01-06,417.9600,1604.6899,23801.1797
1992-01-07,417.4000,1593.6500,23566.3906
1992-01-08,418.1000,1581.6801,22715.0000
1992-01-09,417.6100,1599.1400,23113.6406
1992-01-10,415.1000,1613.8199,22381.9004
1992-01-13,414.3400,1620.4500,21696.8594
1992-01-14,420.4400,1629.5100,21775.1309
1992-01-16,418.2100,1664.0900,21612.1895
1992-01-17,418.8600,1669.2900,21321.3691
1992-01-20,416.3600,1685.1400,20913.8203
1992-01-21,412.6400,1687.0699,20858.3008
1992-01-22,418.1300,1680.1300,21534.1191
1992-01-23,414.9600,1671.8400,21580.7207
1992-01-24,415.4800,1669.5200,21072.1504
1992-01-27,414.9900,1686.7100,21007.1094
1992-01-28,414.9600,1685.5100,21390.5195
1992-01-29,410.3400,1671.0100,21362.2598
1992-01-30,411.6200,1683.0601,21557.6699
1992-01-31,408.7800,1685.7000,22023.0508
1992-02-03,409.5300,1685.6600,22139.5898
1992-02-04,413.8500,1678.7700,21999.5996
1992-02-05,413.8400,1685.8500,21936.3691
1992-02-06,413.8200,1683.7100,22104.9199
1992-02-07,411.0900,1686.5900,22107.1191
1992-02-10,413.7700,1683.7300,21819.5195
1992-02-12,417.1300,1685.0300,21541.6406
1992-02-13,413.6900,1680.8101,21391.0195
1992-02-14,412.4800,1676.1700,20883.8594
1992-02-18,407.3800,1696.5500,20872.0293
1992-02-19,408.2600,1690.2400,20618.3008
1992-02-20,413.9000,1711.3500,20771.9199
1992-02-21,411.4300,1711.2900,21291.8105
1992-02-24,412.2700,1729.8600,20973.2402
1992-02-25,410.4500,1716.6300,21025.5508
1992-02-26,415.3500,1743.3600,21364.7695
1992-02-27,413.8600,1745.1700,21333.6992
1992-02-28,412.7000,1746.7600,21338.8105
1992-03-02,412.4500,1749.2900,21487.8203
1992-03-03,412.8500,1763.8600,21051.7109
1992-03-04,409.3300,1762.2700,21105.4199
1992-03-05,406.5100,1762.2900,20864.4199
1992-03-06,404.4400,1746.7700,20992.9902
1992-03-09,405.2100,1753.5000,20797.6797
1992-03-10,406.8900,1753.2100,20854.5898
1992-03-11,404.0300,1739.8800,20592.1406
1992-03-12,403.8900,1723.9200,20561.8809
1992-03-13,405.8400,1734.4200,20456.0605
1992-03-16,406.3900,1723.1300,19837.1602
1992-03-17,409.5800,1732.9200,19917.6309
1992-03-18,409.1500,1729.8900,19764.3105
1992-03-19,409.8000,1725.7400,20185.0898
1992-03-23,409.9100,1714.1700,20239.5996
1992-03-24,408.8800,1716.2000,19891.5703
1992-03-25,407.5200,1719.0601,20226.7793
1992-03-26,407.8600,1718.2100,19885.4902
1992-03-27,403.5000,1698.8400,19636.9902
1992-03-30,403.0000,1714.7600,19669.3105
1992-03-31,403.6900,1718.3500,19345.9492
1992-04-01,404.2300,1706.6899,18581.7891
1992-04-02,400.5000,1723.3700,18286.0293
1992-04-03,401.5500,1716.1801,18559.7109
1992-04-06,405.5900,1738.7800,18436.3691
1992-04-07,398.0600,1737.4100,17791.5508
1992-04-08,394.5000,1714.7700,17175.5293
1992-04-09,400.6400,1724.2400,16598.1504
1992-04-10,404.2900,1733.7700,17850.6602
1992-04-13,406.0800,1729.9600,17236.6504
1992-04-14,412.3900,1734.4600,17439.5801
1992-04-15,416.2800,1744.3500,17948.0098
1992-04-16,416.0400,1746.8800,17959.7598
1992-04-21,410.2600,1747.4700,16787.3301
1992-04-22,409.8100,1753.1000,16839.1191
1992-04-23,411.6000,1745.1700,17402.0508
1992-04-24,409.0200,1745.7200,17542.4492
1992-04-27,408.4500,1742.9200,17450.5195
1992-04-28,409.1100,1731.6801,17527.4004
1992-04-30,414.9500,1728.0900,17390.7109
1992-05-06,416.7900,1745.7800,17878.6602
1992-05-07,415.8500,1752.5699,18410.8809
1992-05-08,416.0500,1748.1300,18375.9492
1992-05-11,418.4900,1750.7000,18608.0898
1992-05-12,416.2900,1747.9100,18508.5293
1992-05-13,416.4500,1745.7900,18768.5703
1992-05-14,413.1400,1735.3400,18804.5996
1992-05-15,410.0900,1719.9200,18074.2695
1992-05-18,412.8100,1763.5900,18443.0996
1992-05-19,416.3700,1766.7600,18754.1094
1992-05-20,415.3900,1785.4000,18674.9297
1992-05-21,412.6000,1783.5601,18691.2891
1992-05-22,414.0200,1804.4200,18221.0000
1992-05-26,411.4100,1799.5100,18204.6406
1992-05-27,412.1700,1792.8000,17822.5605
1992-05-29,415.3500,1806.3600,18347.7500
1992-06-01,417.3000,1798.2300,18004.1094
1992-06-02,413.5000,1800.6200,18125.5508
1992-06-03,414.5900,1786.1899,18188.6797
1992-06-04,413.2600,1791.3500,17964.0703
1992-06-05,413.4800,1789.0500,17790.0391
1992-06-09,410.0600,1784.7100,17845.0391
1992-06-10,407.2500,1789.4500,17742.8691
1992-06-11,409.0500,1779.7400,17709.0508
1992-06-12,409.7600,1786.9700,17383.6797
1992-06-15,410.2900,1773.2500,16953.2305
1992-06-16,408.3200,1781.6200,16953.5293
1992-06-17,402.2600,1773.7500,16445.8008
1992-06-19,403.6700,1776.3400,16519.8691
1992-06-22,403.4000,1770.7200,15921.2197
1992-06-23,404.0400,1772.3900,16106.9902
1992-06-24,403.8400,1762.5500,15853.6699
1992-06-25,403.1200,1764.3500,16143.7197
1992-06-26,403.4500,1752.8300,15812.7305
1992-06-29,408.9400,1755.9800,15741.2695
1992-06-30,408.1400,1754.9500,15951.7305
1992-07-01,412.8800,1759.9000,16325.0703
1992-07-02,411.7700,1759.8400,16757.6309
1992-07-06,413.8400,1769.9800,16657.0703
1992-07-07,409.1600,1766.9800,16459.5508
1992-07-08,410.2800,1752.2900,16600.2598
1992-07-09,414.2300,1760.1700,16848.6602
1992-07-10,414.6200,1750.3199,16783.7207
1992-07-13,414.8700,1731.4399,17201.7305
1992-07-14,417.6800,1735.5100,17064.6309
1992-07-15,417.1000,1733.8400,17116.9199
1992-07-16,417.5400,1730.7800,16987.6602
1992-07-17,415.6200,1699.4600,16548.0703
1992-07-20,413.7500,1652.7100,15884.4805
1992-07-21,413.7600,1654.0900,16002.4102
1992-07-22,410.9300,1636.8101,15541.9502
1992-07-23,412.0800,1622.8101,16039.9404
1992-07-24,411.6000,1613.3600,15497.7900
1992-07-27,411.5400,1617.7800,15373.3398
1992-07-28,417.5200,1617.1801,15426.6396
1992-07-29,422.2300,1637.6200,15095.9502
1992-07-30,423.9200,1622.2000,15555.5996
1992-07-31,424.2100,1608.4900,15910.2803
1992-08-03,425.0900,1605.1100,15709.4502
1992-08-04,424.3600,1609.6100,15692.5898
1992-08-05,422.1900,1624.9399,15983.6396
1992-08-06,420.5900,1618.0699,15926.4404
1992-08-07,418.8800,1611.9600,15518.2695
1992-08-10,419.4200,1578.9500,15066.3398
1992-08-11,418.9000,1561.3900,14822.5596
1992-08-12,417.7800,1547.8700,14773.7900
1992-08-13,417.7300,1548.6300,14768.1699
1992-08-14,419.9100,1560.1600,14820.2500
1992-08-17,420.7400,1554.7600,14929.5498
1992-08-18,421.3400,1531.8700,14309.4102
1992-08-19,418.1900,1526.1400,14650.7402
1992-08-20,418.2600,1509.0300,15267.7598
1992-08-21,414.8500,1530.0300,16216.8799
1992-08-24,410.7200,1484.9700,16627.9609
1992-08-25,411.6100,1464.0300,16380.7695
1992-08-26,413.5100,1475.1100,16541.6504
1992-08-27,413.5300,1516.1200,17555.0000
1992-08-28,414.8400,1519.6899,17970.7891
1992-08-31,414.0300,1529.9700,18061.1191
1992-09-01,416.0700,1516.4399,17740.0605
1992-09-02,417.9800,1515.5300,17587.7207
1992-09-03,417.9800,1543.8900,18386.4902
1992-09-04,417.0800,1534.7200,18555.3008
1992-09-08,414.4400,1536.7100,18282.4199
1992-09-09,416.3600,1523.8300,18875.5508
1992-09-10,419.9500,1527.1000,18908.4707
1992-09-11,419.5800,1530.2000,18107.6895
1992-09-14,425.2700,1601.5000,18471.4004
1992-09-16,419.9200,1595.0900,17944.6992
1992-09-17,419.9300,1579.4700,18116.5195
1992-09-18,422.9300,1600.5900,18166.8008
1992-09-21,422.1400,1566.0000,18066.2402
1992-09-22,417.1400,1557.0100,18282.7207
1992-09-24,418.4700,1536.3000,18609.9492
1992-09-25,414.3500,1510.6600,18394.7598
1992-09-28,416.6200,1481.0300,17972.6094
1992-09-29,416.8000,1483.8300,17748.0898
1992-09-30,417.8000,1470.0900,17399.0801
1992-10-01,416.2900,1484.7800,17369.9102
1992-10-02,410.4700,1475.4100,17324.0703
1992-10-05,407.5700,1402.3400,17101.5000
1992-10-06,407.1800,1421.4900,17268.0996
1992-10-07,404.2500,1434.6100,17111.7402
1992-10-08,407.7500,1446.3199,17335.5098
1992-10-09,402.6600,1437.6500,17059.7793
1992-10-12,407.4400,1441.5699,17302.0098
1992-10-13,409.3000,1471.6400,17490.6699
1992-10-14,409.3700,1453.9500,17344.0293
1992-10-15,409.6000,1453.7900,17628.4902
1992-10-16,411.7300,1458.0200,17369.8105
1992-10-19,414.9800,1479.5900,16903.8105
1992-10-20,415.4800,1504.8900,16987.6602
1992-10-21,415.6700,1496.5400,17141.5195
1992-10-22,414.9000,1511.0000,17013.0391
1992-10-23,414.1000,1528.8600,17117.6504
1992-10-26,418.1600,1534.0200,17011.3301
1992-10-27,418.4900,1536.6000,17185.2598
1992-10-28,420.1300,1508.1899,17068.4102
1992-10-29,420.8600,1493.5400,16937.7109
1992-10-30,418.6800,1489.6801,16767.4004
1992-11-02,422.7500,1482.4399,16853.3594
1992-11-04,417.1100,1470.5699,17065.1992
1992-11-05,418.3400,1484.8400,17031.5898
1992-11-06,417.5800,1487.7100,16869.8105
1992-11-09,418.5900,1508.6300,16417.0508
1992-11-10,418.6200,1515.2700,16437.1094
1992-11-11,422.2000,1509.8400,16318.1504
1992-11-12,422.8700,1542.2800,16376.9297
1992-11-13,422.4300,1541.7900,16330.7900
1992-11-16,420.6800,1542.4800,16162.9902
1992-11-17,419.2700,1550.2700,15993.4805
1992-11-19,423.6100,1543.3700,16871.3105
1992-11-20,426.6500,1547.8400,17033.5996
1992-11-24,427.5900,1526.6801,17096.0898
1992-11-25,429.1900,1513.4200,17302.0098
1992-11-27,430.1600,1529.6899,17470.6094
1992-11-30,431.3500,1545.1200,17683.6504
1992-12-01,430.7800,1546.8199,17313.0391
1992-12-02,429.8900,1528.1200,17393.6797
1992-12-03,429.9100,1530.6500,17260.0801
1992-12-04,432.0600,1526.2500,17295.6895
1992-12-07,435.3100,1519.4800,17207.1191
1992-12-08,436.9900,1506.6500,17281.8496
1992-12-09,435.6500,1504.3000,17406.2207
1992-12-10,434.6400,1480.6500,17501.3008
1992-12-11,433.7300,1476.7000,17441.0195
1992-12-14,432.8400,1478.0699,17289.9707
1992-12-15,432.5700,1479.6200,17480.7402
1992-12-16,431.5200,1477.5500,17268.7109
1992-12-17,435.4300,1472.5900,17437.9102
1992-12-18,441.2800,1495.6000,17680.7402
1992-12-21,440.7000,1517.4500,17645.4395
1992-12-22,440.3100,1520.9301,17690.6699
1992-12-28,439.1500,1547.5100,17188.6191
1992-12-29,437.9800,1545.8199,17285.6406
1992-12-30,438.8200,1538.4301,16924.9492
1993-01-04,435.3800,1538.0400,16994.0801
1993-01-05,434.3400,1554.0300,16842.5801
1993-01-06,434.5200,1551.1700,16782.8809
1993-01-07,430.7300,1538.3700,16780.9805
1993-01-08,429.0500,1529.1000,16634.6895
1993-01-11,430.9500,1522.2600,16589.5508
1993-01-12,431.0400,1533.7900,16681.0508
1993-01-13,433.0300,1510.1801,16517.9102
1993-01-14,435.9400,1526.9100,16515.5996
1993-01-18,436.8400,1581.4900,16617.2402
1993-01-19,435.1300,1572.6100,16798.6406
1993-01-20,433.3700,1572.6899,16510.1797
1993-01-21,435.4900,1580.6400,16538.6797
1993-01-22,436.1100,1593.3500,16336.8096
1993-01-25,440.0100,1571.2800,16287.4502
1993-01-26,439.9500,1575.5900,16492.6309
1993-01-27,438.1100,1561.7800,16509.6797
1993-01-28,438.6600,1572.6801,17063.4102
1993-01-29,438.7800,1574.0400,17023.7793
1993-02-01,442.5200,1590.3300,17133.6406
1993-02-02,442.5500,1584.1400,17186.3105
1993-02-03,447.2000,1605.9100,17222.0293
1993-02-04,449.5600,1615.9800,17190.6309
1993-02-05,448.9300,1643.8300,17332.9004
1993-02-08,447.8500,1646.8500,17281.7305
1993-02-09,445.3300,1639.1200,17022.2695
1993-02-10,446.2300,1642.8000,17089.9004
1993-02-12,444.5800,1649.6400,16851.5098
1993-02-16,433.9100,1651.6000,16916.3203
1993-02-17,433.3000,1656.3500,17009.6309
1993-02-18,431.9000,1670.9000,16982.1406
1993-02-19,434.2200,1683.3000,17010.0293
1993-02-22,435.2400,1679.4100,16820.6094
1993-02-23,434.8000,1658.0900,16863.1504
1993-02-24,440.8700,1652.9200,16798.9395
1993-02-25,442.3400,1661.9600,16907.3906
1993-02-26,443.3800,1680.0200,16953.3496
1993-03-01,442.0100,1691.3700,16879.5996
1993-03-02,447.9000,1701.4600,16864.2500
1993-03-03,449.2600,1690.4800,16853.9199
1993-03-04,447.3400,1685.4600,16759.6094
1993-03-05,446.1100,1686.1500,16817.6992
1993-03-08,454.7100,1702.2700,17686.4707
1993-03-09,454.4000,1711.9100,17848.3008
1993-03-10,456.3300,1714.4800,17858.6309
1993-03-11,453.7200,1708.6500,17904.7891
1993-03-12,449.8300,1688.7400,18037.5195
1993-03-15,451.4300,1705.0500,18086.1797
1993-03-16,451.3700,1700.2800,17968.3008
1993-03-17,448.3100,1689.7100,18173.3691
1993-03-18,451.8900,1696.3800,18727.9004
1993-03-19,450.1800,1686.5699,18537.1699
1993-03-22,448.8800,1656.5900,18784.3906
1993-03-23,448.7600,1653.2000,18491.6191
1993-03-24,448.0700,1666.7200,18450.6895
1993-03-25,450.8800,1663.2700,18764.9199
1993-03-26,447.7800,1667.2600,18788.6992
1993-03-29,450.7700,1675.1801,19048.3809
1993-03-30,451.9700,1686.6400,18963.1602
1993-03-31,451.6700,1676.8400,18591.4492
1993-04-01,450.3000,1670.0400,19099.0898
1993-04-02,441.3900,1657.0601,19446.9395
1993-04-05,442.2900,1658.3600,19759.4609
1993-04-06,441.1600,1667.6400,19486.8008
1993-04-07,442.7300,1654.6000,19829.2305
1993-04-08,441.8400,1658.1300,19967.2695
1993-04-13,449.2200,1671.5400,20740.2891
1993-04-14,448.6600,1674.9500,20533.3809
1993-04-15,448.4000,1674.6700,20675.8398
1993-04-16,448.9400,1678.6500,20297.8594
1993-04-19,447.4600,1687.1400,20112.3398
1993-04-20,445.1000,1680.0601,19828.4297
1993-04-21,443.6300,1666.4900,19773.0098
1993-04-22,439.4600,1680.0100,19591.3105
1993-04-23,437.0300,1656.0300,19704.1504
1993-04-26,433.5400,1643.5300,19623.6309
1993-04-27,438.0100,1636.5900,20206.7109
1993-04-28,438.0200,1630.8800,20454.5703
1993-04-30,440.1900,1626.8300,20919.1797
1993-05-06,443.2600,1617.7400,20622.0293
1993-05-07,442.3100,1607.7000,20811.3594
1993-05-10,442.8000,1616.4500,21054.7109
1993-05-11,444.3600,1613.4600,20940.3691
1993-05-12,444.8000,1632.9900,20615.1992
1993-05-13,439.2300,1636.0200,20532.7793
1993-05-14,439.5600,1632.3500,20474.1504
1993-05-17,440.3700,1630.3700,20565.5098
1993-05-18,440.3200,1619.2600,20229.3906
1993-05-19,447.5700,1606.6400,20380.7891
1993-05-21,445.8400,1613.9800,20557.4707
1993-05-24,448.0000,1608.5800,20476.1602
1993-05-25,448.8500,1623.0500,20631.7598
1993-05-26,453.4400,1617.1801,20895.9902
1993-05-27,452.4100,1633.1801,20852.6309
1993-05-28,450.1900,1627.2100,20843.6895
1993-06-01,453.8300,1625.5900,20591.4102
1993-06-02,453.8500,1628.5300,20691.6992
1993-06-03,452.4900,1630.5601,21076.0000
1993-06-04,450.0600,1638.4700,20882.2402
1993-06-07,447.6900,1660.8800,20844.1895
1993-06-08,444.7100,1662.2800,20575.2402
1993-06-11,447.2600,1685.8500,20500.9492
1993-06-14,447.7100,1686.4399,20397.3496
1993-06-15,446.2700,1684.5699,20045.8809
1993-06-16,447.4300,1689.9301,19902.4199
1993-06-17,448.5400,1681.4700,19925.5098
1993-06-18,443.6800,1687.1400,19804.5391
1993-06-21,446.2200,1697.2600,19212.4297
1993-06-22,445.9300,1698.3300,19538.3008
1993-06-23,443.1900,1690.9600,19492.5195
1993-06-24,446.6200,1692.1600,19685.0703
1993-06-25,447.6000,1699.5200,19659.5703
1993-06-28,451.8500,1712.3300,19886.7598
1993-06-29,450.6900,1703.0500,19543.4199
1993-06-30,450.5300,1700.9301,19590.0000
1993-07-01,449.0200,1698.3600,19924.6094
1993-07-02,445.8400,1697.3900,19621.4609
1993-07-06,441.4300,1705.6600,19829.7793
1993-07-07,442.8300,1739.4800,19720.6699
1993-07-08,448.6400,1798.6300,19688.6699
1993-07-09,448.1100,1798.3600,19877.3906
1993-07-12,448.9800,1808.7400,19980.0000
1993-07-13,448.0900,1806.5200,20180.4199
1993-07-14,450.0800,1815.6300,20139.1094
1993-07-15,449.2200,1807.1200,20158.0195
1993-07-16,445.7500,1829.3600,20331.5293
1993-07-19,446.0300,1835.0900,20150.9199
1993-07-20,447.3100,1826.4500,20038.0000
1993-07-21,447.1800,1821.2800,20080.9102
1993-07-22,444.5100,1828.5300,20115.8105
1993-07-23,447.1000,1830.6100,19734.5703
1993-07-26,449.0900,1859.4900,19822.0801
1993-07-27,448.2400,1846.0200,19891.3906
1993-07-28,447.1900,1832.2000,19829.5801
1993-07-29,450.2400,1823.4000,20456.8496
1993-07-30,448.1300,1823.0699,20380.1406
1993-08-02,450.1500,1818.1000,20343.5293
1993-08-03,449.2700,1857.3600,20357.6406
1993-08-04,448.5400,1861.2200,20497.5508
1993-08-05,448.1300,1870.8000,20425.6406
1993-08-06,448.6800,1878.9399,20357.9395
1993-08-09,450.7200,1870.2400,20493.0508
1993-08-10,449.4500,1864.5100,20493.7500
1993-08-11,450.4600,1894.5601,20732.5703
1993-08-12,448.9600,1908.6899,20765.2793
1993-08-13,450.1400,1917.6899,20745.1699
1993-08-16,452.3800,1903.4399,20901.4902
1993-08-17,453.1300,1918.7500,20841.9805
1993-08-18,456.0400,1930.2900,20773.1797
1993-08-19,456.4300,1937.7700,20687.4707
1993-08-20,456.1600,1909.5300,20607.2598
1993-08-23,455.2300,1893.4800,20414.1406
1993-08-24,459.7700,1907.6500,20431.8398
1993-08-25,460.1300,1915.5900,20521.4492
1993-08-26,461.0400,1890.5800,20591.7598
1993-08-27,460.5400,1909.5400,20791.6797
1993-08-30,461.9000,1929.5601,20912.6895
1993-08-31,463.5600,1931.8800,21026.5996
1993-09-01,463.1500,1923.6700,20953.3008
1993-09-02,461.3000,1928.6300,20983.1992
1993-09-03,461.3400,1920.4301,21116.2109
1993-09-07,458.5200,1878.7700,20962.0996
1993-09-08,456.6500,1870.3199,20918.1895
1993-09-09,457.5000,1870.4600,20825.5801
1993-09-10,461.7200,1868.2800,20817.9805
1993-09-13,462.0600,1874.3800,21148.1094
1993-09-14,459.9000,1869.2500,20947.7891
1993-09-16,459.4300,1862.6200,20502.1504
1993-09-17,458.8300,1884.6700,20391.0391
1993-09-20,455.0500,1922.6899,20266.0293
1993-09-21,452.9500,1922.0500,20466.6504
1993-09-22,456.2000,1899.5400,20174.6191
1993-09-24,457.6300,1890.1801,20307.5293
1993-09-27,461.8000,1914.4000,20094.1094
1993-09-28,461.5300,1915.6100,20172.7207
1993-09-29,460.1100,1908.9700,20077.4102
1993-09-30,458.9300,1910.2300,20105.7109
1993-10-01,461.2800,1920.4600,20283.1309
1993-10-04,461.3400,1934.9900,20264.4297
1993-10-05,461.2000,1973.4500,20321.9297
1993-10-06,460.7400,1994.0900,20500.2500
1993-10-07,459.1800,1991.9500,20265.6309
1993-10-08,460.3100,2015.7100,20378.6406
1993-10-12,461.1200,2004.1100,20137.3105
1993-10-13,461.4900,1999.6000,20038.4004
1993-10-14,466.8300,1995.3500,20082.8105
1993-10-15,469.5000,2023.2600,20174.4199
1993-10-18,468.4500,2032.2500,20072.2109
1993-10-19,466.2100,2036.9301,20069.9102
1993-10-20,466.0700,2029.8700,20173.4199
1993-10-21,465.3600,2048.0500,20179.4199
1993-10-22,463.2700,2083.6201,20264.8301
1993-10-25,464.2000,2061.1799,20309.3301
1993-10-26,464.3000,2048.7500,20023.5996
1993-10-27,464.6100,2040.9700,19838.7793
1993-10-28,467.7300,2053.6599,19479.4492
1993-10-29,467.8300,2064.9800,19702.9707
1993-11-01,469.1000,2068.5100,19438.2402
1993-11-02,468.4400,2086.3999,19381.2402
1993-11-04,457.4900,2057.1001,18949.7891
1993-11-05,459.5700,2013.6500,18590.4609
1993-11-08,460.2100,2007.5000,18625.1602
1993-11-09,460.3300,2040.7400,18125.7109
1993-11-10,463.7200,2020.1100,18121.7109
1993-11-11,462.6400,2021.8101,18158.5195
1993-11-12,465.3900,2023.0601,18493.5508
1993-11-15,463.7500,2047.2000,18074.6094
1993-11-16,466.7400,2070.1699,18246.1191
1993-11-18,463.6200,2075.9900,18166.3203
1993-11-19,462.6000,2072.1299,17941.1895
1993-11-22,459.1300,2020.3600,17384.8398
1993-11-24,462.3600,2036.4500,17067.1094
1993-11-26,463.0600,2045.2500,16726.3691
1993-11-29,461.9000,2052.0901,16078.7100
1993-11-30,461.7900,2052.9199,16406.5391
1993-12-01,461.8900,2089.7700,17125.3105
1993-12-02,463.1100,2099.7600,17458.7500
1993-12-03,464.8900,2128.3000,17459.3496
1993-12-06,466.4300,2118.0100,16840.3809
1993-12-07,466.7600,2127.3899,16903.4902
1993-12-08,466.2900,2165.9500,16507.9492
1993-12-09,464.1800,2166.5801,17061.9102
1993-12-10,463.9300,2165.5000,17257.4297
1993-12-13,465.7000,2163.8301,17327.3301
1993-12-14,463.0600,2128.0701,17308.7305
1993-12-15,461.8400,2128.3301,17489.1504
1993-12-16,463.3400,2144.0300,17789.2793
1993-12-17,466.3800,2154.7600,18051.9102
1993-12-20,465.8500,2188.1799,17404.2402
1993-12-21,465.3000,2183.7800,17315.4297
1993-12-22,467.3200,2209.1699,17445.7402
1993-12-27,470.5400,2266.7000,16819.8809
1993-12-28,470.9400,2236.9099,17131.2109
1993-12-29,470.5800,2229.6201,17272.0293
1993-12-30,468.6400,2255.2900,17417.2402
1994-01-04,466.8900,2249.8501,17369.7402
1994-01-05,467.5500,2223.6101,17783.4805
1994-01-06,467.1200,2220.6299,17881.9902
1994-01-07,469.9000,2224.9500,18124.0098
1994-01-10,475.2700,2225.0000,18443.4395
1994-01-11,474.1300,2228.1001,18485.2500
1994-01-12,474.1700,2182.0601,18793.8809
1994-01-13,472.4700,2142.3701,18577.2598
1994-01-14,474.9100,2151.0500,18973.6992
1994-01-17,473.3000,2115.5601,18725.3691
1994-01-18,474.2500,2130.3501,18514.5508
1994-01-19,474.3000,2132.5200,19039.4004
1994-01-20,474.9800,2098.3601,19183.9199
1994-01-21,474.7200,2073.9399,19307.4297
1994-01-24,471.9700,2107.2900,18353.2402
1994-01-25,470.9200,2090.7800,18648.3594
1994-01-26,473.2000,2128.6599,19138.2109
1994-01-27,477.0500,2123.3101,18891.7891
1994-01-28,478.7000,2156.6101,18757.8809
1994-01-31,481.6100,2192.6001,20229.1191
1994-02-01,479.6200,2181.8799,20416.3398
1994-02-02,482.0000,2184.0500,20250.0293
1994-02-03,480.7100,2137.0801,20174.8203
1994-02-04,469.8100,2143.8999,20301.4297
1994-02-07,471.7600,2095.1101,20014.4004
1994-02-08,471.0500,2099.5701,20251.2305
1994-02-09,472.7700,2116.4299,19841.3809
1994-02-10,468.9300,2119.6899,19990.6992
1994-02-14,470.2300,2101.9299,19459.2500
1994-02-15,472.5200,2130.7100,18974.5996
1994-02-16,472.7900,2135.2500,19052.1094
1994-02-17,470.3400,2162.2900,18931.3906
1994-02-18,467.6900,2133.8501,18959.5996
1994-02-22,471.4600,2113.6399,19342.6309
1994-02-23,470.6900,2140.2500,19341.8301
1994-02-24,464.2600,2082.8999,19765.4805
1994-02-25,466.0700,2075.3301,19803.3809
1994-02-28,467.1400,2103.2400,19997.1992
1994-03-01,464.4400,2056.6101,20216.6191
1994-03-02,464.8100,2018.6899,19744.7695
1994-03-03,463.0100,2044.4500,19605.8594
1994-03-04,464.7400,2076.7600,19966.0000
1994-03-07,466.9100,2132.1201,19811.8809
1994-03-08,465.8800,2125.4700,19898.3906
1994-03-09,467.0600,2118.0100,19839.1797
1994-03-10,463.9000,2124.5100,20090.7109
1994-03-11,466.4400,2101.8899,20115.3105
1994-03-14,467.3900,2169.3999,20526.1504
1994-03-15,467.0100,2178.9099,20508.8496
1994-03-16,469.4200,2168.1101,20677.7695
1994-03-17,470.9000,2160.4500,20592.1602
1994-03-18,471.0600,2140.3899,20469.4492
1994-03-22,468.8000,2141.7000,20253.5293
1994-03-23,468.5400,2162.9600,19962.0996
1994-03-24,464.3500,2144.3601,20037.9004
1994-03-25,460.5800,2144.0000,19836.4805
1994-03-28,460.0000,2167.7200,19941.7891
1994-03-29,452.4800,2162.8201,19709.7402
1994-03-30,445.5500,2151.8401,19559.9102
1994-03-31,445.7700,2142.8799,19111.9199
1994-04-05,448.2900,2177.0901,19563.2109
1994-04-06,448.0500,2184.8899,19696.7402
1994-04-07,450.8800,2202.5701,19890.9805
1994-04-08,447.1000,2203.1799,19934.9902
1994-04-11,449.8700,2224.8501,19898.0801
1994-04-12,447.5700,2211.1899,19648.3301
1994-04-13,446.2600,2215.1899,20060.4102
1994-04-14,446.3800,2198.2400,19987.1992
1994-04-15,446.1800,2211.9199,20164.6309
1994-04-18,442.4600,2218.3701,20277.3594
1994-04-19,442.5400,2193.8899,20192.3398
1994-04-20,441.9600,2194.0901,19882.1797
1994-04-21,448.7300,2194.4099,19799.3594
1994-04-22,447.6300,2218.1299,19964.3906
1994-04-25,452.7100,2208.6799,19709.1406
1994-04-26,451.8700,2241.3601,19628.9297
1994-04-28,449.1000,2237.8201,19725.2500
1994-05-02,453.0200,2266.7200,19570.2109
1994-05-06,447.8200,2233.5500,19862.4707
1994-05-09,442.3200,2218.7700,19786.9609
1994-05-10,446.0100,2241.3401,19917.7793
1994-05-11,441.4900,2248.0200,20150.1309
1994-05-13,444.1400,2257.3301,20270.7500
1994-05-16,444.4900,2272.9600,20188.4395
1994-05-17,449.3700,2268.1101,20133.5293
1994-05-18,453.6900,2254.2100,20152.7305
1994-05-19,456.4800,2245.7900,20221.3398
1994-05-20,454.9200,2238.9700,20342.1699
1994-05-24,454.8100,2188.0100,20622.1191
1994-05-25,456.3400,2137.5601,20663.6309
1994-05-26,457.0600,2146.0000,20495.8008
1994-05-27,457.3300,2112.8000,20777.1602
1994-05-31,456.5000,2137.3401,20973.5898
1994-06-01,457.6300,2113.6201,21053.1094
1994-06-03,460.1300,2158.8799,20954.1895
1994-06-06,458.8800,2163.5901,20726.6504
1994-06-07,458.2100,2131.8000,21042.7109
1994-06-08,457.0600,2143.9299,21261.9492
1994-06-09,457.8600,2131.1399,21402.7793
1994-06-10,458.6700,2143.5801,21395.1797
1994-06-13,459.1000,2084.4199,21552.8105
1994-06-14,462.3700,2088.4399,21353.9707
1994-06-15,460.6100,2073.2100,21282.9609
1994-06-16,461.9300,2047.2900,21367.4707
1994-06-17,458.4500,2031.8000,21503.3008
1994-06-20,455.4800,1986.4200,21152.0293
1994-06-21,451.3400,1957.0800,20813.1602
1994-06-22,453.0900,2004.9301,20581.3203
1994-06-23,449.6300,2032.5200,21040.2109
1994-06-24,442.8000,2005.0699,20766.7500
1994-06-27,447.3100,2000.4800,20300.9609
1994-06-28,446.0700,2022.2500,20639.2305
1994-06-29,447.6300,2042.4500,20481.0000
1994-06-30,444.2700,2020.8500,20643.9297
1994-07-01,446.2000,2040.6899,20543.4102
1994-07-05,446.3700,2034.6400,20834.3691
1994-07-06,446.1300,2031.3300,20629.0293
1994-07-07,448.3800,2049.1001,20620.0195
1994-07-08,449.5500,2047.8300,20526.5098
1994-07-11,448.0600,2069.4600,20473.0898
1994-07-12,447.9500,2048.5701,20400.4805
1994-07-13,448.7300,2051.2500,20540.4102
1994-07-14,453.4100,2070.7100,20718.0391
1994-07-15,454.1600,2103.5400,20770.1504
1994-07-18,455.2200,2116.9600,20717.6406
1994-07-19,453.8600,2129.8601,20775.1602
1994-07-20,451.6000,2120.9700,20780.7598
1994-07-21,452.6100,2126.7500,20622.9199
1994-07-22,453.1100,2148.2300,20462.8906
1994-07-25,454.2500,2144.2100,20297.6602
1994-07-26,453.3600,2163.3201,20345.3691
1994-07-27,452.5700,2135.9299,20137.2305
1994-07-28,454.2400,2134.1201,20247.8496
1994-07-29,458.2600,2152.1899,20449.3906
1994-08-01,461.0100,2161.5000,20271.3496
1994-08-02,460.5600,2193.6299,20660.1309
1994-08-03,461.4500,2190.8301,20632.7305
1994-08-04,458.4000,2176.6599,20676.8398
1994-08-05,457.0900,2188.8101,20521.6992
1994-08-08,457.8900,2182.3201,20635.8301
1994-08-09,457.9200,2160.5601,20590.2207
1994-08-10,460.3000,2166.5100,20770.2500
1994-08-11,458.8800,2156.3101,20821.3594
1994-08-12,461.9400,2133.7400,20663.8301
1994-08-15,461.2300,2134.3401,20626.3301
1994-08-16,465.0100,2152.6499,20786.3594
1994-08-17,465.1700,2166.5601,20824.5605
1994-08-18,463.1700,2151.4399,20862.7695
1994-08-19,463.6800,2143.8401,20512.6992
1994-08-22,462.3200,2113.3701,20394.5801
1994-08-23,464.5100,2121.2500,20380.7793
1994-08-24,469.0300,2132.9800,20511.5996
1994-08-25,468.0800,2153.4800,20443.2891
1994-08-26,473.8000,2190.5801,20471.4902
1994-08-29,474.5900,2215.7200,20600.4199
1994-08-30,476.0700,2205.8201,20592.1191
1994-08-31,475.4900,2207.0901,20628.5293
1994-09-01,473.1700,2185.7800,20642.9297
1994-09-02,470.9900,2197.3799,20653.8301
1994-09-06,471.8600,2158.0701,20393.9805
1994-09-07,470.9900,2167.6799,20023.8008
1994-09-08,473.1400,2178.1001,19917.7793
1994-09-09,468.1800,2155.5801,19897.8809
1994-09-12,466.2100,2155.8101,19917.2793
1994-09-13,467.5100,2157.1499,20046.1094
1994-09-14,468.8000,2118.1699,19919.3809
1994-09-16,471.1900,2097.4500,19796.2598
1994-09-19,470.8500,2100.5500,19554.1094
1994-09-20,463.3600,2059.1499,19837.2695
1994-09-21,461.4600,2067.1699,19885.3809
1994-09-22,461.2700,2072.8101,19833.6699
1994-09-26,460.8200,2057.8301,19814.3594
1994-09-27,462.0500,2056.8899,19468.8906
1994-09-28,464.8400,2070.3601,19507.5996
1994-09-29,462.2400,2016.0800,19615.1191
1994-09-30,462.7100,2002.3000,19563.8105
1994-10-04,454.5900,1988.6700,19568.6094
1994-10-05,453.5200,1946.4900,19751.5508
1994-10-06,452.3600,1965.4100,19655.2305
1994-10-07,455.1000,1977.6700,19744.7500
1994-10-11,465.7900,2087.7100,19821.4609
1994-10-12,465.4700,2072.6799,20089.7207
1994-10-13,467.7900,2108.0801,20148.8301
1994-10-14,469.1000,2118.5200,19969.2891
1994-10-17,468.9600,2095.5801,19958.2891
1994-10-18,467.6600,2069.5801,19992.4004
1994-10-19,470.2800,2058.1299,19868.8691
1994-10-20,466.8500,2048.1499,19991.9004
1994-10-21,464.8900,2016.6000,19899.0801
1994-10-24,460.8300,2022.6400,19852.3691
1994-10-25,461.5300,1995.8500,19732.1504
1994-10-26,462.6200,2009.4500,19746.3496
1994-10-27,465.8500,2026.3700,19796.3594
1994-10-28,473.7700,2064.8601,19805.1602
1994-10-31,472.3500,2061.5801,19989.5996
1994-11-01,468.4200,2066.1799,19916.4805
1994-11-02,466.5100,2039.9100,19750.6504
1994-11-04,462.2800,2069.3899,19811.5605
1994-11-07,463.0700,2043.3000,19619.2207
1994-11-08,465.6500,2056.3601,19609.0195
1994-11-09,465.4000,2090.7800,19423.8809
1994-11-10,464.3700,2098.0400,19264.8496
1994-11-11,462.3500,2073.6699,19284.3594
1994-11-14,466.0400,2091.0400,19261.4492
1994-11-15,465.0300,2112.2100,19391.6797
1994-11-17,463.5700,2091.9399,19336.5703
1994-11-18,461.4700,2089.4800,19302.5605
1994-11-21,458.3000,2097.2000,19121.7207
1994-11-22,450.0900,2073.2900,18962.9902
1994-11-25,452.2900,2056.2700,18666.9297
1994-11-28,454.1600,2050.8201,18811.3594
1994-11-29,455.1700,2036.2400,18926.4902
1994-11-30,453.6900,2057.2800,19075.6191
1994-12-01,448.9200,2045.5400,19013.5996
1994-12-02,453.3000,2042.3800,18998.3008
1994-12-05,453.3200,2067.2600,19305.6602
1994-12-06,453.1100,2046.9900,19340.4707
1994-12-07,451.2300,2044.0400,19174.2305
1994-12-08,445.4500,2041.8500,19180.0391
1994-12-09,446.9600,2024.1899,18978.3008
1994-12-12,449.4700,2003.6400,18975.0996
1994-12-13,450.1500,2019.1300,18875.4805
1994-12-14,454.9700,2040.9399,18931.4902
1994-12-15,455.3400,2054.2300,19121.1191
1994-12-16,458.8000,2069.8999,19163.4297
1994-12-19,457.9100,2066.5901,19270.8496
1994-12-20,457.1000,2080.1599,19406.9805
1994-12-21,459.6100,2095.5000,19340.6699
1994-12-22,459.6800,2102.2500,19633.5293
1994-12-27,462.4700,2110.7700,19711.3594
1994-12-28,460.8600,2097.3401,19665.5293
1994-12-29,461.1700,2074.6799,19752.9805
1994-12-30,459.2700,2097.5100,19723.0605
1995-01-04,460.7100,2072.8999,19684.0391
1995-01-05,460.3400,2051.4600,19616.1094
1995-01-06,460.6800,2058.2000,19519.4609
1995-01-09,460.8300,2053.4099,19444.9199
1995-01-10,461.6800,2062.0801,19501.4492
1995-01-11,461.6600,2061.7600,19548.4707
1995-01-12,461.6400,2059.6799,19410.0098
1995-01-13,465.9700,2064.1399,19331.1699
1995-01-17,470.0500,2081.3899,19241.3203
1995-01-18,469.7100,2085.6201,19223.3105
1995-01-19,466.9500,2079.6001,19075.7402
1995-01-20,464.7800,2050.8601,18840.2207
1995-01-23,465.8200,2013.0300,17785.4902
1995-01-24,465.8600,2027.6700,18060.7305
1995-01-25,467.4400,2026.9700,18159.4805
1995-01-26,468.3200,2040.7900,18070.8398
1995-01-27,470.3900,2030.5601,18104.3496
1995-01-30,468.5100,2026.6801,18752.8809
1995-01-31,470.4200,2024.8199,18649.8203
1995-02-01,470.4000,2047.4399,18739.4707
1995-02-02,472.7900,2038.4600,18604.3008
1995-02-03,478.6500,2077.9399,18538.9707
1995-02-06,481.1400,2085.0801,18667.2305
1995-02-07,480.8100,2093.0100,18500.5508
1995-02-08,481.1900,2087.7800,18290.2500
1995-02-09,480.1900,2117.8000,18099.5508
1995-02-10,481.4600,2127.5601,18291.3496
1995-02-13,481.6500,2118.9600,18313.8594
1995-02-14,482.5500,2128.3301,18138.4707
1995-02-15,484.5400,2135.4900,17991.0000
1995-02-16,485.2200,2112.0601,17780.5898
1995-02-17,481.9700,2119.2900,18020.5098
1995-02-21,482.7200,2101.8201,18096.2500
1995-02-22,485.0700,2096.2600,18106.6504
1995-02-23,486.9100,2126.4399,17830.0195
1995-02-24,488.1100,2117.5901,17472.9395
1995-02-27,483.8100,2106.0500,16808.6992
1995-02-28,487.3900,2097.8501,17053.4297
1995-03-01,485.6500,2127.2100,16618.7109
1995-03-02,485.1300,2116.6399,16963.1797
1995-03-03,485.4200,2094.1599,17039.6191
1995-03-06,485.6300,2069.9500,17040.7207
1995-03-07,482.1200,2041.2600,16955.2793
1995-03-08,483.1400,2029.3800,16621.3105
1995-03-09,483.1600,1989.2000,16763.0801
1995-03-10,489.5700,2008.8500,16358.3799
1995-03-13,490.0500,1974.1400,16477.6406
1995-03-14,492.8900,2022.5000,16245.8203
1995-03-15,491.8800,1995.2200,16666.8301
1995-03-16,495.4100,2016.1500,16355.6797
1995-03-17,495.5200,1979.5200,16251.2305
1995-03-20,496.1400,1984.9900,16129.9600
1995-03-22,495.6700,1978.0699,15904.8496
1995-03-23,495.9500,1935.0800,15813.4102
1995-03-24,500.9700,1935.8700,15749.7695
1995-03-27,503.2000,1928.8199,16096.2500
1995-03-28,503.9000,1911.7000,16681.7305
1995-03-29,503.1200,1918.8500,16460.7305
1995-03-30,502.2200,1949.7600,16512.2207
1995-03-31,500.7100,1914.6899,16139.9502
1995-04-03,501.8500,1934.9600,15381.2900
1995-04-04,505.2400,1965.6801,15630.5303
1995-04-05,505.5700,1972.5900,15882.4902
1995-04-06,506.0800,1976.5200,15815.8701
1995-04-07,506.4200,1978.7100,15719.5000
1995-04-10,507.0100,1980.8101,16163.0898
1995-04-11,505.5300,1979.2600,16268.8799
1995-04-12,507.1700,1991.0800,16344.9199
1995-04-13,509.2300,1982.9900,16438.7891
1995-04-18,505.3700,1954.6200,16225.1104
1995-04-19,504.9200,1943.8800,16376.0801
1995-04-20,505.2900,1955.3300,16643.0605
1995-04-21,508.4900,1987.7000,16968.2402
1995-04-24,512.8900,1978.9700,16804.0508
1995-04-25,512.1000,2007.5699,16910.5391
1995-04-26,512.6600,2028.5200,16826.4902
1995-04-27,513.5500,2024.2500,16883.9902
1995-04-28,514.7100,2017.9500,16806.7500
1995-05-02,514.8600,2036.4700,17088.6602
1995-05-08,523.9600,2030.6500,17103.6895
1995-05-09,523.5600,2050.6599,16958.2207
1995-05-10,524.3600,2064.4099,16826.4902
1995-05-11,524.3700,2086.4099,16461.7305
1995-05-12,525.5500,2102.3999,16420.7598
1995-05-15,527.7400,2092.0000,16609.6992
1995-05-16,528.1900,2109.3601,16388.9004
1995-05-17,527.0700,2088.9900,16471.3496
1995-05-18,519.5800,2083.8000,16312.5596
1995-05-19,519.1900,2064.4199,16140.8496
1995-05-22,523.6500,2096.8701,15789.1201
1995-05-23,528.5900,2083.5500,15916.1504
1995-05-24,528.6100,2105.8799,15970.7500
1995-05-26,523.6500,2065.7100,15694.2500
1995-05-30,523.5800,2081.4600,15762.9697
1995-05-31,533.4000,2099.9500,15436.7900
1995-06-01,533.4900,2119.2400,15594.5703
1995-06-02,532.5100,2132.7200,15849.1299
1995-06-06,535.5500,2154.1699,15660.9902
1995-06-07,533.1300,2136.7200,15679.6201
1995-06-08,532.3500,2137.2100,15442.2998
1995-06-09,527.9400,2107.1599,15044.1797
1995-06-12,530.8800,2127.7900,14813.4600
1995-06-13,536.0500,2124.2500,14599.6797
1995-06-14,536.4700,2124.8401,14660.4902
1995-06-16,539.8300,2125.0601,14703.1699
1995-06-19,545.2200,2154.1299,14700.0596
1995-06-20,544.9800,2140.3601,14665.7002
1995-06-21,543.9800,2144.8799,14951.2100
1995-06-22,551.0700,2162.3899,14926.3701
1995-06-23,549.7100,2138.2200,15265.1797
1995-06-26,544.1300,2137.3601,15145.3604
1995-06-27,542.4300,2128.9900,14759.0498
1995-06-28,544.7300,2091.3000,14618.0703
1995-06-29,543.8700,2094.6799,14507.1699
1995-06-30,544.7500,2089.0400,14517.4004
1995-07-03,547.0900,2099.6799,14485.4102
1995-07-05,547.2600,2117.6299,14830.4404
1995-07-06,553.9900,2111.3501,15256.8896
1995-07-07,556.3700,2163.3701,16213.0801
1995-07-10,557.1900,2184.3899,16242.6602
1995-07-11,554.7800,2194.1499,16588.1895
1995-07-12,560.8900,2200.3201,16605.7402
1995-07-13,561.0000,2193.7200,16505.6699
1995-07-14,559.8900,2191.2500,16517.6992
1995-07-17,562.7200,2201.3601,16842.4707
1995-07-18,558.4600,2183.7100,16574.3496
1995-07-19,550.9800,2195.3101,16422.4395
1995-07-20,553.5400,2183.5200,16453.4199
1995-07-21,553.6200,2196.5400,16589.0898
1995-07-24,556.6300,2232.0200,16591.5000
1995-07-25,561.1000,2232.2300,16148.4004
1995-07-26,561.6100,2237.7300,16387.2500
1995-07-27,565.2200,2239.3601,16625.1895
1995-07-28,562.9300,2217.9099,16649.4492
1995-07-31,562.0600,2222.5100,16677.5293
1995-08-01,559.6400,2211.2600,16358.5703
1995-08-02,558.8000,2249.6001,16720.7500
1995-08-03,558.7500,2234.8601,16893.7109
1995-08-04,558.9400,2236.6799,16741.1992
1995-08-07,560.0300,2244.5601,16615.4609
1995-08-08,560.3900,2236.8899,16838.9707
1995-08-09,559.7100,2222.2800,16789.3301
1995-08-10,557.4500,2236.7200,16728.9707
1995-08-11,555.1100,2228.4399,16792.3398
1995-08-14,559.7400,2211.0300,16916.5703
1995-08-15,558.5700,2236.7300,17452.7207
1995-08-16,559.9700,2251.6399,18158.7305
1995-08-17,559.0400,2253.9299,18149.6992
1995-08-18,559.2100,2265.8601,18032.4902
1995-08-21,558.1100,2269.6001,17871.0508
1995-08-22,559.5200,2258.9700,17877.7695
1995-08-23,557.1400,2262.6599,17731.9805
1995-08-24,557.4600,2253.9099,17921.9902
1995-08-25,560.1000,2257.3401,17770.6797
1995-08-28,559.0500,2240.3101,17847.2891
1995-08-29,560.0000,2230.2700,18135.1602
1995-08-30,560.9200,2251.3000,17983.8594
1995-08-31,561.8800,2234.2300,18117.2207
1995-09-01,563.8400,2242.7600,18120.7305
1995-09-05,569.1700,2266.5701,17794.0391
1995-09-06,570.1700,2266.3701,17620.3809
1995-09-07,570.2900,2269.0100,17621.1797
1995-09-08,572.6800,2266.7700,18279.5508
1995-09-11,573.9100,2268.2600,18486.1094
1995-09-12,576.5100,2266.0701,18472.1699
1995-09-13,578.7700,2300.7200,18614.2598
1995-09-14,583.6100,2300.2900,18758.5508
1995-09-18,582.7700,2289.4900,18319.1602
1995-09-19,584.2000,2306.6599,18474.3809
1995-09-20,586.7700,2294.1499,18198.6406
1995-09-21,583.0000,2275.7200,18034.7891
1995-09-22,581.7300,2204.4399,17713.9297
1995-09-25,581.8100,2212.9700,17566.4297
1995-09-26,581.4100,2232.0200,17921.9805
1995-09-27,581.0400,2190.8999,18262.4297
1995-09-28,585.8700,2184.2400,18022.8594
1995-09-29,584.4100,2201.2700,17913.0605
1995-10-02,581.7200,2197.0100,17739.8398
1995-10-04,581.4700,2211.6001,18145.0801
1995-10-05,582.6300,2191.5400,18220.4102
1995-10-06,582.4900,2176.3501,18506.2793
1995-10-09,578.3700,2157.4099,18176.2695
1995-10-11,579.4600,2153.5601,17891.1895
1995-10-12,583.1000,2159.7300,17971.4004
1995-10-13,584.5000,2206.1101,17880.8301
1995-10-16,583.0300,2193.8501,18016.4395
1995-10-17,586.7800,2185.5200,17916.5996
1995-10-18,587.4400,2197.5701,17895.9707
1995-10-19,590.6500,2176.0901,17955.3594
1995-10-20,587.4600,2148.1201,18157.3301
1995-10-23,585.0600,2116.8601,18156.2402
1995-10-24,586.5400,2114.8799,18014.2500
1995-10-25,582.4700,2140.7400,17970.8105
1995-10-26,576.7200,2142.7400,17726.6797
1995-10-27,579.7000,2112.0100,17337.1895
1995-10-30,583.2500,2149.7100,17509.1699
1995-10-31,581.5000,2165.7600,17654.6406
1995-11-01,584.2200,2182.1101,17474.4902
1995-11-02,589.7200,2180.4900,18028.8008
1995-11-06,588.4600,2168.5701,18036.9707
1995-11-07,586.3200,2174.2700,18021.2207
1995-11-08,591.7100,2184.0500,17863.2891
1995-11-09,593.2600,2182.4700,17821.0391
1995-11-10,592.7200,2174.7800,17843.5605
1995-11-13,592.3000,2195.1499,17789.4609
1995-11-14,589.2900,2197.3401,17802.5098
1995-11-15,593.9600,2196.6399,17682.7402
1995-11-16,597.3400,2202.5000,17939.5195
1995-11-17,600.0700,2196.5901,18151.1602
1995-11-20,596.8500,2204.0100,18383.8203
1995-11-21,600.2400,2201.8999,18384.3203
1995-11-22,598.4000,2194.5300,18239.8398
1995-11-24,599.9700,2210.9199,18215.2305
1995-11-27,601.3200,2247.9700,18543.1406
1995-11-28,606.4500,2242.9099,18688.4199
1995-11-29,607.6400,2249.7500,18533.9805
1995-11-30,605.3700,2254.9500,18744.4199
1995-12-01,606.9800,2266.5601,18833.0996
1995-12-04,613.6800,2261.0801,18897.3691
1995-12-05,617.6800,2269.3401,18879.5293
1995-12-06,620.1800,2274.9399,19067.8594
1995-12-07,616.1700,2260.6201,19412.3203
1995-12-08,617.4800,2277.7000,19286.9707
1995-12-11,619.5200,2280.3899,19226.7793
1995-12-12,618.7800,2278.6399,19312.7695
1995-12-13,621.6900,2283.2600,19283.4805
1995-12-14,616.9200,2286.2100,19499.3008
1995-12-15,616.3400,2283.8401,19346.5508
1995-12-18,606.8100,2240.2400,19311.0801
1995-12-19,611.9300,2241.4299,19140.4902
1995-12-20,605.9400,2268.0701,19448.5898
1995-12-21,610.4900,2268.3501,19653.2500
1995-12-22,611.9500,2280.8101,19744.4199
1995-12-27,614.5300,2280.4399,20011.7598
1995-12-28,614.1200,2273.8999,19873.1309
1995-12-29,615.9300,2260.6899,19868.1504
1996-01-04,617.7000,2332.8101,20618.0000
1996-01-05,616.7100,2315.6599,20669.0293
1996-01-08,618.4600,2336.7600,20563.5801
1996-01-09,609.4500,2351.4700,20652.0801
1996-01-10,598.4800,2340.3101,20612.3203
1996-01-11,602.6900,2330.9800,20377.9199
1996-01-12,601.8100,2353.8899,20287.4199
1996-01-16,608.4400,2379.4299,20567.0703
1996-01-17,606.3700,2375.6299,20570.2598
1996-01-18,608.2400,2389.6201,20370.0391
1996-01-19,611.8300,2400.5801,20365.7598
1996-01-22,613.4000,2391.7400,20196.5293
1996-01-23,612.7900,2393.1201,20080.9199
1996-01-24,619.9600,2436.6799,20312.7402
1996-01-25,617.0300,2437.0200,20414.6895
1996-01-26,621.6200,2449.7100,20663.8398
1996-01-29,624.2200,2437.7000,20589.1992
1996-01-30,630.1500,2456.0901,20722.4395
1996-01-31,636.0200,2463.0000,20812.7402
1996-02-01,638.4600,2472.5300,20935.1191
1996-02-02,635.8400,2459.8101,20904.0293
1996-02-05,641.4300,2416.8401,20653.3809
1996-02-06,646.3300,2437.9800,20751.1504
1996-02-07,649.9300,2442.4299,20943.4902
1996-02-08,656.0700,2411.4900,21118.3008
1996-02-09,656.3700,2435.0701,20934.8203
1996-02-13,660.5100,2436.0901,20784.2305
1996-02-14,655.5800,2427.7700,20943.5898
1996-02-15,651.3200,2426.5100,20886.1895
1996-02-16,647.9800,2423.6001,20802.7695
1996-02-20,640.6500,2373.0100,20655.6699
1996-02-21,648.1000,2401.5901,20372.2305
1996-02-22,658.8600,2421.9299,20340.9395
1996-02-23,659.0800,2449.5200,20300.3809
1996-02-26,650.4600,2438.7300,20480.2695
1996-02-27,647.2400,2449.0901,20000.4004
1996-02-28,644.7500,2486.9500,19919.9707
1996-02-29,640.4300,2485.1799,20125.3691
1996-03-01,644.3700,2488.8501,20168.6309
1996-03-04,650.8100,2486.8301,20063.8809
1996-03-05,655.7900,2472.5200,20183.8691
1996-03-06,652.0000,2471.3799,20241.1797
1996-03-07,653.6500,2479.3799,19957.1504
1996-03-08,633.5000,2448.8000,20155.8691
1996-03-11,640.0200,2419.7200,19796.2891
1996-03-12,637.0900,2415.2900,19950.2695
1996-03-13,638.5500,2417.0000,19734.6992
1996-03-14,640.8700,2432.4600,19923.6602
1996-03-15,641.4300,2458.0000,20190.8496
1996-03-18,652.6500,2472.5500,20285.1309
1996-03-19,651.6900,2484.7400,20442.5996
1996-03-21,649.1900,2505.3201,20727.5293
1996-03-22,650.6200,2479.8401,20700.9199
1996-03-25,650.0400,2514.8000,20915.4395
1996-03-26,652.9700,2505.7800,21014.7695
1996-03-27,648.9100,2523.8101,21329.9805
1996-03-28,648.9400,2502.9399,21295.8203
1996-03-29,645.5000,2489.3501,21406.8496
1996-04-01,653.7300,2500.7500,21560.3906
1996-04-02,655.2600,2508.1101,21600.0801
1996-04-03,655.8800,2489.5200,21464.7305
1996-04-04,655.8600,2498.7500,21471.1602
1996-04-09,642.1900,2510.8101,21744.1699
1996-04-10,633.5000,2525.5901,21791.6992
1996-04-11,631.1800,2508.1201,21694.4297
1996-04-12,636.7100,2526.7400,21660.4707
1996-04-15,642.4900,2540.7900,21883.0391
1996-04-16,645.0000,2547.3201,21868.1699
1996-04-17,641.6100,2519.8201,21816.2207
1996-04-18,643.6100,2524.1799,21812.5000
1996-04-19,645.0700,2535.8601,21883.8398
1996-04-22,647.8900,2549.2700,22123.8906
1996-04-23,651.5800,2549.1201,22119.8809
1996-04-24,650.1700,2524.8401,22282.0508
1996-04-25,652.8700,2538.6799,22230.0996
1996-04-26,653.4600,2539.8799,22235.0293
1996-04-30,654.1700,2492.6299,22041.3008
1996-05-02,643.3800,2465.4900,21662.3809
1996-05-07,638.2600,2476.7900,21495.2793
1996-05-08,644.7700,2456.7800,21728.5996
1996-05-09,645.4400,2470.5701,21411.8809
1996-05-10,652.0900,2499.0200,21420.1191
1996-05-13,661.5100,2496.3301,21171.8203
1996-05-14,665.6000,2528.2000,21301.0508
1996-05-15,665.4200,2534.3999,22055.9707
1996-05-17,668.9100,2552.2900,21916.5996
1996-05-20,673.1500,2541.9800,21979.0000
1996-05-21,672.7600,2564.1201,22091.7402
1996-05-22,678.4200,2548.7900,21958.0000
1996-05-23,676.0000,2546.5500,21724.0801
1996-05-24,678.5100,2549.5300,21798.4297
1996-05-28,672.2300,2559.1499,21944.5293
1996-05-29,667.9300,2548.5300,22021.5000
1996-05-30,671.7000,2535.7800,21886.3496
1996-05-31,669.1200,2523.8101,21956.1895
1996-06-03,667.6800,2543.9900,21588.5195
1996-06-04,672.5600,2550.4199,21858.1191
1996-06-05,678.4400,2551.0300,21881.4297
1996-06-07,673.3100,2536.0300,21751.8105
1996-06-10,672.1600,2552.9600,21719.1504
1996-06-11,670.9700,2571.1001,21817.6191
1996-06-12,669.0400,2569.8999,22104.8008
1996-06-13,667.9200,2566.1299,22082.4004
1996-06-14,665.8500,2544.8999,22289.3906
1996-06-17,665.1600,2549.7100,22245.3809
1996-06-18,662.0600,2555.8101,22332.4004
1996-06-19,661.9600,2546.0400,22367.3594
1996-06-20,662.1000,2532.2200,22437.3008
1996-06-21,666.8400,2547.7800,22530.6504
1996-06-24,668.8500,2562.1899,22603.1992
1996-06-25,668.4800,2578.3601,22597.1699
1996-06-26,664.3900,2572.0601,22666.8008
1996-06-27,668.5500,2551.8000,22501.6094
1996-06-28,670.6300,2570.4399,22530.7500
1996-07-01,675.8800,2573.4399,22455.4902
1996-07-02,673.6100,2565.3201,22347.9707
1996-07-03,672.4000,2566.3201,22379.0195
1996-07-05,657.4400,2568.7900,22232.4199
1996-07-08,652.5400,2561.5100,21924.9395
1996-07-09,654.7500,2562.2400,21919.8203
1996-07-10,656.0600,2573.0000,21778.9395
1996-07-11,645.6700,2561.9500,21892.5801
1996-07-12,646.1900,2548.9700,21656.4492
1996-07-15,629.8000,2529.5000,21753.4199
1996-07-16,628.3700,2475.9800,21406.3496
1996-07-17,634.0700,2497.6899,21412.8809
1996-07-18,643.5600,2505.5601,21566.4199
1996-07-19,638.7300,2498.3501,21476.2891
1996-07-22,633.7700,2468.3201,21005.6309
1996-07-23,626.8700,2488.8201,21163.6895
1996-07-24,626.6500,2459.1299,20631.0293
1996-07-25,631.1700,2464.5100,20883.8398
1996-07-26,635.9000,2469.5100,21124.9004
1996-07-29,630.9100,2472.2500,20967.5391
1996-07-30,635.2600,2466.8401,20880.3301
1996-07-31,639.9500,2491.5000,20692.8301
1996-08-01,650.0200,2504.1599,20984.8301
1996-08-02,662.4900,2520.2600,20940.4102
1996-08-05,660.2300,2520.5200,21077.4707
1996-08-06,662.3800,2527.7300,20744.8809
1996-08-07,664.1600,2541.4099,20477.5898
1996-08-08,662.5900,2534.6299,20731.3105
1996-08-09,662.1000,2532.9600,20551.0508
1996-08-12,665.7700,2529.1399,20666.5996
1996-08-13,660.2000,2545.6499,20864.9492
1996-08-14,662.0500,2544.6101,20981.1094
1996-08-15,662.2800,2542.7500,20968.2500
1996-08-16,665.2100,2567.9600,20834.0000
1996-08-19,666.5800,2556.2500,21106.4102
1996-08-20,665.6900,2562.1201,21127.0098
1996-08-21,665.0700,2534.4399,21275.0195
1996-08-22,670.6800,2559.4199,21363.2402
1996-08-23,667.0300,2562.1201,21228.8008
1996-08-26,663.8800,2554.4199,20883.7402
1996-08-27,666.4000,2563.5901,20910.2695
1996-08-28,664.8100,2556.6399,20709.8105
1996-08-29,657.4000,2548.8401,20553.1602
1996-08-30,651.9900,2534.4900,20166.9004
1996-09-03,654.7200,2528.7300,20198.1504
1996-09-04,655.6100,2526.1799,20201.8691
1996-09-05,649.4400,2532.5500,20379.8203
1996-09-06,655.6800,2542.7400,20152.5293
1996-09-09,663.7600,2549.7100,20202.2695
1996-09-10,663.8100,2568.7700,20559.5898
1996-09-11,667.2800,2568.7000,20571.0391
1996-09-12,671.1500,2588.0400,20443.9297
1996-09-13,680.5400,2614.5000,20842.6406
1996-09-17,682.9400,2626.4299,21310.5898
1996-09-18,681.4700,2621.2000,21156.7500
1996-09-19,683.0000,2625.4600,21322.8496
1996-09-20,687.0300,2641.5000,21112.2402
1996-09-24,685.6100,2643.4199,21171.9902
1996-09-25,685.8300,2663.1001,21350.6699
1996-09-26,685.8600,2664.9600,21461.3691
1996-09-27,686.1900,2659.8601,21547.0195
1996-09-30,687.3300,2655.4900,21556.4004
1996-10-01,689.0800,2654.3401,21462.9707
1996-10-02,694.0100,2685.2900,21498.5996
1996-10-04,701.4600,2704.2500,21148.0293
1996-10-07,703.3400,2705.2100,21161.0098
1996-10-08,700.6400,2702.6001,21038.5293
1996-10-09,696.7400,2685.2300,20870.8301
1996-10-11,700.6600,2692.6899,20968.1602
1996-10-14,703.5400,2700.8301,21029.2500
1996-10-15,702.5700,2718.7300,21429.9297
1996-10-16,704.4100,2705.0601,21397.1895
1996-10-17,706.9900,2717.5000,21423.7402
1996-10-18,710.8200,2727.5601,21612.3008
1996-10-21,709.8500,2733.6699,21302.9492
1996-10-22,706.5700,2721.7400,21123.6797
1996-10-23,707.2700,2678.8899,21082.1504
1996-10-24,702.2900,2681.9399,21003.4902
1996-10-25,700.9200,2690.7900,20739.9707
1996-10-28,697.2600,2703.3301,20885.4102
1996-10-29,701.5000,2675.5000,20958.0801
1996-10-30,700.9000,2664.7200,20681.6699
1996-10-31,705.2700,2671.3999,20466.8594
1996-11-01,703.7700,2670.1899,20633.0605
1996-11-05,714.1400,2716.1599,20592.3301
1996-11-06,724.5900,2735.2800,20991.5195
1996-11-07,727.6500,2724.2500,20771.1094
1996-11-08,730.8200,2732.2900,21201.0391
1996-11-11,731.8700,2730.4399,21065.0801
1996-11-12,729.5600,2764.3000,21206.4297
1996-11-13,731.1300,2770.6101,20979.4395
1996-11-14,735.8800,2784.3899,21031.0391
1996-11-15,737.6200,2800.6001,20929.7305
1996-11-18,737.0200,2768.8999,20796.3691
1996-11-19,742.1600,2781.5400,20956.1797
1996-11-20,743.9500,2766.0801,21189.9609
1996-11-21,742.7500,2765.2900,21143.3398
1996-11-22,748.7300,2769.4700,21216.1094
1996-11-25,757.0300,2800.5200,21293.5703
1996-11-26,755.9600,2808.6201,21418.2500
1996-11-27,755.0000,2793.8601,21345.2793
1996-11-29,757.0200,2848.8401,21020.3594
1996-12-02,756.5600,2853.4600,20674.6895
1996-12-03,748.2800,2900.7600,20630.5605
1996-12-04,745.1000,2880.8899,20659.9102
1996-12-05,744.3800,2894.4299,20943.9004
1996-12-06,739.6000,2832.5300,20276.6992
1996-12-09,749.7600,2870.3000,20603.7109
1996-12-10,747.5400,2890.9500,20822.1191
1996-12-11,740.7300,2836.3601,20568.3809
1996-12-12,729.3000,2846.9399,20501.1992
1996-12-13,728.6400,2815.7700,20341.3906
1996-12-16,720.9800,2841.1599,20422.0391
1996-12-17,726.0400,2808.5000,20413.4609
1996-12-18,731.5400,2814.2300,20093.0293
1996-12-19,745.7600,2824.8301,19570.6699
1996-12-20,748.8700,2835.5400,19690.4609
1996-12-27,756.7900,2859.2200,19369.0391
1996-12-30,753.8500,2880.0701,19361.3496
1997-01-06,747.6500,2890.2000,19446.0000
1997-01-07,753.2300,2876.3401,18896.1895
1997-01-08,748.4100,2904.0801,18680.3809
1997-01-09,754.8500,2936.6899,18073.8691
1997-01-10,759.5000,2915.8101,17303.6504
1997-01-13,759.5100,2956.7800,18118.7891
1997-01-14,768.8600,2978.8401,18093.1309
1997-01-16,769.7500,2996.1201,18144.3398
1997-01-17,776.1700,3006.8701,18090.0391
1997-01-20,776.7000,2999.1899,17480.3398
1997-01-21,782.7200,3000.6599,17358.1602
1997-01-22,786.2300,3026.6299,18013.8809
1997-01-23,777.5600,3037.2800,17909.4609
1997-01-24,770.5200,2982.6299,17689.3594
1997-01-27,765.0200,2992.5500,17334.9004
1997-01-28,765.0200,3028.2700,17796.5703
1997-01-29,772.5000,2997.9500,18335.3008
1997-01-30,784.1700,3018.5801,17864.0391
1997-01-31,786.1600,3037.7000,18330.0098
1997-02-03,786.7300,3064.7000,18085.9492
1997-02-04,789.2600,3067.4800,18314.3301
1997-02-05,778.2800,3114.7300,18185.9707
1997-02-06,780.1500,3124.7800,18038.4297
1997-02-07,789.5600,3161.3601,17867.0391
1997-02-10,785.4300,3185.7200,18181.1699
1997-02-11,789.5900,3191.4500,18314.0000
1997-02-12,802.7700,3211.0100,18409.9609
1997-02-13,811.8200,3256.8601,18688.0605
1997-02-14,808.4800,3249.1699,18722.0000
1997-02-18,816.2900,3230.8301,18470.7500
1997-02-19,812.4900,3209.0400,18599.1191
1997-02-20,802.8000,3197.0901,19051.7109
1997-02-21,801.7700,3203.7900,19034.5391
1997-02-24,810.2800,3180.6299,18896.9902
1997-02-25,812.0300,3233.3401,19070.0703
1997-02-26,805.6800,3245.0200,18990.9199
1997-02-27,795.0700,3272.5801,19021.5605
1997-02-28,790.8200,3261.0400,18557.0000
1997-03-03,795.3100,3258.7400,18429.1309
1997-03-04,790.9500,3345.0901,18564.7793
1997-03-05,801.9900,3375.4500,18273.5098
1997-03-06,798.5600,3396.5500,18041.3301
1997-03-07,804.9700,3419.5100,18198.7402
1997-03-10,813.6500,3426.7700,18113.8906
1997-03-11,811.3400,3430.9500,18267.7207
1997-03-12,804.2600,3382.3999,18183.2695
1997-03-13,789.5600,3367.8201,17900.4805
1997-03-14,793.1700,3404.2900,17923.6406
1997-03-17,795.7100,3337.1101,18053.5000
1997-03-18,789.6600,3289.5901,18445.1992
1997-03-19,785.7700,3305.7200,18493.7109
1997-03-21,784.1000,3288.5200,18633.1602
1997-03-24,790.8900,3302.5701,18043.8203
1997-03-25,789.0700,3374.9299,18439.6094
1997-03-26,790.5000,3439.2200,18472.4492
1997-03-27,773.8800,3407.8301,18210.4199
1997-04-01,759.6400,3281.4600,17869.5898
1997-04-02,750.1100,3210.9399,18037.3008
1997-04-03,750.3200,3212.8201,18129.3105
1997-04-04,757.9000,3235.3501,17860.5898
1997-04-07,762.1300,3342.7700,17715.6699
1997-04-08,766.1200,3328.1299,18021.6992
1997-04-09,760.6000,3364.7600,17703.3691
1997-04-10,758.3400,3352.5801,17485.7500
1997-04-11,737.6500,3319.2400,17846.9805
1997-04-14,743.7300,3297.5200,17692.4707
1997-04-15,754.7200,3369.2600,17933.5898
1997-04-16,763.5300,3347.5400,18031.1992
1997-04-17,761.7700,3361.8000,18093.4102
1997-04-18,766.3400,3361.2000,18352.1406
1997-04-21,760.3700,3328.4099,18551.6602
1997-04-22,774.6100,3348.8999,18544.4492
1997-04-23,773.6400,3366.8701,18735.4707
1997-04-24,771.1800,3396.4900,18698.0703
1997-04-25,765.3700,3357.5701,18612.8594
1997-04-28,772.9600,3372.9600,18670.3691
1997-04-30,801.3400,3438.0901,19151.1191
1997-05-02,812.9700,3491.0801,19514.7500
1997-05-06,827.7600,3548.5200,20180.9199
1997-05-07,815.6200,3537.4500,20048.9004
1997-05-09,824.7800,3533.2100,19802.7793
1997-05-12,837.6600,3593.1399,20143.5098
1997-05-13,833.1300,3559.2900,20129.1094
1997-05-14,836.0400,3588.5701,20209.7207
1997-05-15,841.8800,3564.8501,20056.3105
1997-05-16,829.7500,3569.2600,20324.7305
1997-05-20,841.6600,3516.2000,20332.8301
1997-05-21,839.3500,3600.3999,19841.9805
1997-05-22,835.6600,3575.4399,19877.3906
1997-05-23,847.0300,3621.7200,20009.0000
1997-05-27,849.7100,3665.4299,19889.8906
1997-05-28,847.2100,3626.6001,20351.3398
1997-05-29,844.0800,3635.3799,20312.2305
1997-05-30,848.2800,3562.7300,20068.8105
1997-06-02,846.3600,3596.3999,20451.8496
1997-06-03,845.4800,3655.5901,20563.1602
1997-06-04,840.1100,3651.5901,20611.5605
1997-06-05,843.4300,3684.6001,20488.1504
1997-06-06,858.0100,3700.5300,20485.7500
1997-06-09,862.9100,3668.6101,20223.8203
1997-06-10,865.2700,3671.1599,20532.5508
1997-06-11,869.5700,3671.8701,20289.9297
1997-06-12,883.4600,3737.1599,20564.4609
1997-06-13,893.2700,3752.3701,20528.3496
1997-06-16,893.9000,3750.0200,20681.0703
1997-06-17,894.4200,3721.1799,20593.6602
1997-06-18,889.0600,3730.5601,20497.8496
1997-06-19,897.9900,3777.5601,20507.8496
1997-06-20,898.7000,3788.5400,20385.5391
1997-06-23,878.6200,3748.7900,20436.1406
1997-06-24,896.3400,3761.0701,20341.9297
1997-06-25,888.9900,3819.5200,20679.2695
1997-06-26,883.6800,3820.1599,20624.7598
1997-06-27,887.3000,3809.9199,20523.7500
1997-06-30,885.1400,3766.8899,20604.9609
1997-07-01,891.0300,3834.8401,20175.5195
1997-07-02,904.0300,3867.5300,20196.4199
1997-07-03,916.9200,3939.7300,20121.4102
1997-07-07,912.2000,4003.3501,19705.1699
1997-07-08,918.7500,4030.1001,19853.8906
1997-07-09,907.5400,4026.9700,19697.1699
1997-07-10,913.7800,4000.6499,19754.7793
1997-07-11,916.6800,4074.3000,19875.4902
1997-07-14,918.3800,4142.1899,20228.7207
1997-07-15,925.7600,4139.6802,20069.4102
1997-07-16,936.5900,4223.6899,20358.7402
1997-07-17,931.6100,4203.9102,20519.2500
1997-07-18,915.3000,4131.9399,20249.3203
1997-07-22,933.9800,4297.6401,20157.0195
1997-07-23,936.5600,4384.8198,20130.5098
1997-07-24,940.3000,4320.5200,20286.2305
1997-07-25,938.7900,4368.5400,20389.5391
1997-07-28,936.4500,4400.2998,20575.2598
1997-07-29,942.2900,4377.7002,20402.7402
1997-07-30,952.2900,4458.6602,20212.8203
1997-07-31,954.3100,4405.5200,20331.4297
1997-08-01,947.1400,4336.9800,19804.3809
1997-08-04,950.3000,4302.5000,19668.0703
1997-08-05,952.3700,4325.8599,19514.4492
1997-08-06,960.3200,4364.2500,19702.0703
1997-08-07,951.1900,4428.0801,19475.8496
1997-08-08,933.5400,4342.3101,19604.4609
1997-08-11,937.0000,4333.1499,18824.1797
1997-08-12,926.5300,4377.5098,19099.1094
1997-08-13,922.0200,4237.0601,19008.5996
1997-08-14,924.7700,4195.5298,19222.6191
1997-08-15,900.8100,4077.5901,19326.0293
1997-08-18,912.4900,4080.5500,19041.0996
1997-08-19,926.0100,4190.4502,18961.0000
1997-08-20,939.3500,4251.9302,19252.2305
1997-08-21,925.0500,4204.8101,19157.1191
1997-08-22,923.5400,4090.1399,18650.1699
1997-08-25,920.1600,4076.7500,18656.1699
1997-08-26,913.0200,3993.7000,18814.9805
1997-08-27,913.7000,3992.0300,18441.9395
1997-08-28,903.6700,3897.4299,18451.4492
1997-08-29,899.4700,3919.7900,18229.4199
1997-09-02,927.5800,4127.2798,18232.5195
1997-09-03,927.8600,4062.1299,18735.1699
1997-09-04,930.8700,4093.4299,18615.0605
1997-09-05,929.0500,4073.7100,18650.1699
1997-09-08,931.2000,4131.2598,18633.8594
1997-09-09,933.6200,4104.5698,18695.9707
1997-09-10,919.0300,4028.0000,18704.7695
1997-09-11,912.5900,3890.2400,18282.2305
1997-09-12,923.9100,3796.6101,17965.8008
1997-09-16,945.6400,3995.6899,17974.5000
1997-09-17,943.0000,3970.4399,17683.2695
1997-09-18,947.2900,4004.0400,17930.0898
1997-09-19,950.5100,3983.0601,18058.2109
1997-09-22,955.4300,4096.8501,18201.3203
1997-09-24,944.4800,4150.9502,18420.0801
1997-09-25,937.9100,4104.9302,18341.9609
1997-09-26,945.2200,4135.0898,17994.7109
1997-09-29,953.3400,4116.5200,17987.2109
1997-09-30,947.2800,4154.8901,17887.7109
1997-10-01,955.4100,4262.9800,17842.1602
1997-10-02,960.4600,4266.1699,17455.0391
1997-10-06,972.6900,4326.3501,17824.7793
1997-10-07,983.1200,4311.1299,17511.1895
1997-10-08,973.8400,4267.3999,17619.1797
1997-10-09,970.6200,4179.9199,17376.9199
1997-10-13,968.1000,4225.2700,17204.6992
1997-10-14,970.2800,4215.2300,17306.3906
1997-10-15,965.7200,4168.6201,17331.3691
1997-10-16,955.2500,4149.9199,17707.4902
1997-10-17,944.1600,4049.1599,17478.4199
1997-10-20,955.6100,4069.2500,17294.5098
1997-10-21,972.2800,4172.4702,17210.0898
1997-10-22,968.4900,4124.8599,17687.6094
1997-10-23,950.6900,3976.3799,17151.5508
1997-10-24,941.6400,3981.4399,17363.7402
1997-10-27,876.9900,3871.3899,17038.3594
1997-10-28,921.8500,3645.6899,16312.6904
1997-10-29,919.1600,3806.6599,16857.0391
1997-10-30,903.6800,3748.8799,16364.9404
1997-10-31,914.6200,3753.6599,16458.9395
1997-11-04,940.7600,3784.8000,16500.0996
1997-11-05,942.7600,3841.3899,16448.0508
1997-11-06,938.0300,3813.8799,16533.8691
1997-11-07,927.5100,3715.3799,15836.3604
1997-11-10,921.1300,3728.3701,15697.2002
1997-11-11,923.7800,3734.7900,15867.2305
1997-11-12,905.9600,3697.4800,15434.1699
1997-11-13,916.6600,3701.9399,15427.2695
1997-11-14,928.3500,3676.6499,15082.5195
1997-11-17,946.2000,3816.7100,16283.3203
1997-11-18,938.2300,3844.1399,16726.5703
1997-11-19,944.5900,3876.8999,15842.4600
1997-11-20,958.9800,3931.8101,16308.4902
1997-11-21,963.0900,3941.9099,16721.5801
1997-11-25,950.8200,3850.1399,15867.5303
1997-11-26,951.6400,3926.9299,16045.5498
1997-11-28,955.4000,3972.0801,16636.2598
1997-12-01,974.7700,4125.9199,17007.5898
1997-12-02,971.6800,4096.3999,16910.2891
1997-12-03,976.7700,4074.5500,16585.5098
1997-12-04,973.1000,4159.7202,16306.7900
1997-12-05,983.7900,4191.8101,16424.4805
1997-12-08,982.3700,4208.1401,16131.5703
1997-12-09,975.7800,4187.1299,16686.5098
1997-12-10,969.7900,4116.7002,16478.1191
1997-12-11,954.9400,4016.7000,16050.1504
1997-12-12,953.3900,4061.9099,15904.2998
1997-12-15,963.3900,4029.0801,15909.3896
1997-12-16,968.0400,4150.3101,15985.2100
1997-12-17,965.5400,4154.5698,16541.0605
1997-12-18,955.3000,4162.9199,16161.6396
1997-12-19,946.7800,4055.3501,15314.8896
1997-12-22,953.7000,4125.5400,14799.4004
1997-12-29,953.3500,4266.0200,14775.2197
1997-12-30,970.8400,4224.2998,15258.7402
1998-01-05,977.0700,4416.9502,14956.8398
1998-01-06,966.5800,4360.0498,14896.4004
1998-01-07,964.0000,4339.9800,15028.1699
1998-01-08,956.0500,4293.6401,15019.1797
1998-01-09,927.6900,4237.7500,14995.0996
1998-01-12,939.2100,4134.6401,14664.4404
1998-01-13,952.1200,4150.0098,14755.9404
1998-01-14,957.9400,4145.4102,15121.9805
1998-01-16,961.5100,4216.2402,16046.4502
1998-01-20,978.6000,4310.8301,16366.5303
1998-01-21,970.8100,4250.4702,16684.4199
1998-01-22,963.0400,4238.7700,16405.6895
1998-01-23,957.5900,4222.1602,16789.1094
1998-01-26,956.9500,4266.3398,17073.3301
1998-01-27,969.0200,4316.0498,16981.6191
1998-01-28,977.4600,4385.2900,16973.8301
1998-01-29,985.4900,4444.5298,17014.5898
1998-01-30,980.2800,4442.5298,16628.4707
1998-02-02,1001.2700,4529.8799,16776.8203
1998-02-03,1006.0000,4529.1802,17022.9805
1998-02-04,1006.9000,4509.2500,16882.6191
1998-02-05,1003.5400,4494.7202,17003.3008
1998-02-06,1012.4600,4536.9102,17040.0605
1998-02-09,1010.7400,4519.5601,17205.0000
1998-02-10,1019.0100,4558.6201,17205.0898
1998-02-12,1024.1400,4509.3701,17174.9297
1998-02-13,1020.0900,4522.4199,16791.0098
1998-02-17,1022.7600,4627.4199,16790.7109
1998-02-18,1032.0800,4611.6602,16613.8906
1998-02-19,1028.2800,4581.0801,16616.4805
1998-02-20,1034.2100,4583.0298,16756.2402
1998-02-23,1038.1400,4610.6602,16609.4902
1998-02-24,1030.5601,4604.5498,16198.0000
1998-02-25,1042.9000,4704.5801,16360.6396
1998-02-26,1048.6700,4695.7798,16501.6992
1998-02-27,1049.3400,4693.8599,16831.6699
1998-03-02,1047.7000,4781.6201,17264.3398
1998-03-03,1052.0200,4759.6201,17168.3301
1998-03-04,1047.3300,4690.5200,17095.5996
1998-03-05,1035.0500,4676.4199,16848.5508
1998-03-06,1055.6899,4762.7100,17131.9707
1998-03-09,1052.3101,4828.8901,16972.5293
1998-03-10,1064.2500,4852.2202,16982.8203
1998-03-11,1068.4700,4862.4102,16756.1406
1998-03-12,1069.9200,4838.6699,16575.2207
1998-03-13,1068.6100,4872.2402,17060.1406
1998-03-16,1079.2700,4905.5898,16861.1406
1998-03-17,1080.4500,4945.9102,16997.1992
1998-03-18,1085.5200,4908.5498,16619.6797
1998-03-19,1089.7400,4949.9102,16679.0195
1998-03-20,1099.1600,5045.1602,16830.4707
1998-03-23,1095.5500,5014.1299,16868.8301
1998-03-24,1105.6500,5064.3501,16606.3906
1998-03-25,1101.9301,5114.1299,16658.3398
1998-03-26,1100.8000,5029.0000,16980.6191
1998-03-27,1095.4399,5066.8999,16739.2598
1998-03-30,1093.6000,5069.8901,16263.0400
1998-03-31,1101.7500,5097.2500,16527.1699
1998-04-01,1108.1500,5135.3501,16241.6602
1998-04-02,1120.0100,5179.0400,15702.9004
1998-04-03,1122.7000,5254.3198,15517.7803
1998-04-06,1121.3800,5345.8901,15705.9902
1998-04-07,1109.5500,5309.6699,15978.7197
1998-04-08,1101.6500,5267.3501,16376.6201
1998-04-09,1110.6700,5312.2500,16536.6602
1998-04-14,1115.7500,5367.9800,16277.3203
1998-04-15,1119.3199,5359.2402,16299.2998
1998-04-16,1108.1700,5292.9702,15883.7695
1998-04-17,1122.7200,5326.6299,15703.7998
1998-04-20,1123.6500,5407.9302,15697.0996
1998-04-21,1126.6700,5373.7998,15825.6699
1998-04-22,1130.5400,5312.2798,15761.5400
1998-04-23,1119.5800,5262.5698,15761.6904
1998-04-24,1107.9000,5144.4199,16011.2402
1998-04-27,1086.5400,5002.7100,15649.9502
1998-04-28,1085.1100,5110.8799,15395.4297
1998-04-30,1111.7500,5241.2300,15641.2598
1998-05-06,1104.9200,5264.6201,15243.8398
1998-05-07,1095.1400,5164.8901,15143.0303
1998-05-08,1108.1400,5270.6099,15149.0000
1998-05-11,1106.6400,5348.7500,15381.9004
1998-05-12,1115.7900,5307.8198,15322.4805
1998-05-13,1118.8600,5371.9902,15343.8096
1998-05-14,1117.3700,5374.1099,15307.6904
1998-05-15,1108.7300,5414.3101,15242.8604
1998-05-18,1105.8199,5343.6602,15384.4697
1998-05-19,1109.5200,5441.0000,15551.6504
1998-05-20,1119.0601,5514.5098,15652.9502
1998-05-22,1110.4700,5530.1899,15801.6504
1998-05-26,1094.0200,5639.8901,15884.8203
1998-05-27,1092.2300,5466.8799,15664.2900
1998-05-28,1097.6000,5507.3599,15796.5498
1998-05-29,1090.8199,5556.9902,15670.7803
1998-06-02,1093.2200,5583.8301,15554.4502
1998-06-03,1082.7300,5640.4199,15347.0000
1998-06-04,1094.8300,5605.3799,15426.4697
1998-06-05,1113.8600,5724.7500,15323.4297
1998-06-08,1115.7200,5787.0498,15294.7100
1998-06-09,1118.4100,5773.7700,15530.1699
1998-06-10,1112.2800,5799.2202,15339.2598
1998-06-12,1098.8400,5631.3398,15022.3301
1998-06-15,1077.0100,5581.2402,14825.1699
1998-06-16,1087.5900,5621.7100,14720.3799
1998-06-17,1107.1100,5742.8301,14715.3799
1998-06-18,1106.3700,5689.8901,15361.5400
1998-06-19,1100.6500,5644.2202,15267.9805
1998-06-22,1103.2100,5648.1099,15309.0898
1998-06-23,1119.4900,5748.3398,15054.5996
1998-06-24,1132.8800,5784.3999,15123.1797
1998-06-25,1129.2800,5886.7202,15132.2197
1998-06-26,1133.2000,5870.4902,15210.0400
1998-06-29,1138.4900,5933.7300,15365.7305
1998-06-30,1133.8400,5841.8301,15830.2695
1998-07-01,1148.5601,5910.5098,16362.8896
1998-07-02,1146.4200,5905.1499,16471.5801
1998-07-06,1157.3300,5942.0601,16350.4502
1998-07-07,1154.6600,5975.8799,16416.2793
1998-07-08,1166.3800,6018.8901,16530.9707
1998-07-09,1158.5601,6000.8398,16446.9492
1998-07-10,1164.3300,6001.2402,16090.0596
1998-07-13,1165.1899,6023.3101,16360.3896
1998-07-14,1177.5800,6101.8999,16488.9102
1998-07-15,1174.8101,6106.1001,16614.1406
1998-07-16,1183.9900,6108.0000,16731.9199
1998-07-17,1186.7500,6162.8599,16570.7793
1998-07-21,1165.0699,6184.1001,16556.6895
1998-07-22,1164.0800,6081.1099,16293.0596
1998-07-23,1139.7500,6043.8198,16188.0098
1998-07-24,1140.8000,6040.5801,16361.8896
1998-07-27,1147.2700,5854.3501,15944.3604
1998-07-28,1130.2400,5867.5200,16114.5400
1998-07-29,1125.2100,5828.7402,16158.0898
1998-07-30,1142.9500,5906.3301,16201.5996
1998-07-31,1120.6700,5861.1899,16378.9697
1998-08-03,1112.4399,5774.3799,16165.0801
1998-08-04,1072.1200,5718.7002,16023.5801
1998-08-05,1081.4301,5614.7700,15992.1602
1998-08-06,1089.6300,5528.1201,15876.2197
1998-08-07,1089.4500,5598.3198,15829.1699
1998-08-10,1083.1400,5460.4302,15626.4199
1998-08-11,1068.9800,5285.7798,15406.9902
1998-08-12,1084.2200,5386.9399,15378.9697
1998-08-13,1074.9100,5355.0298,15382.0195
1998-08-14,1062.7500,5473.7202,15123.9297
1998-08-17,1083.6700,5432.0298,14794.6602
1998-08-18,1101.2000,5602.1499,15063.7900
1998-08-19,1098.0601,5601.9302,15406.3398
1998-08-20,1091.6000,5486.7598,15391.4102
1998-08-21,1081.2400,5190.6001,15298.2002
1998-08-24,1088.1400,5253.3799,14988.3604
1998-08-25,1092.8500,5407.0298,15072.9297
1998-08-26,1084.1899,5247.6201,14866.0303
1998-08-27,1042.5900,5012.7300,14413.7900
1998-08-28,1027.1400,4925.7998,13915.6299
1998-08-31,957.2800,4811.2798,14107.8896
1998-09-01,994.2600,4855.8999,14369.6299
1998-09-02,990.4800,4948.5098,14376.6201
1998-09-03,982.2600,4797.1299,14261.2402
1998-09-04,973.8900,4864.9702,14042.9102
1998-09-08,1023.4600,5095.6201,14913.4902
1998-09-09,1006.2000,4958.4399,14755.5400
1998-09-10,980.1900,4744.0498,14666.0303
1998-09-11,1009.0600,4754.6499,13916.9805
1998-09-14,1029.7200,4893.5098,14227.3701
1998-09-16,1045.4800,4872.1802,14197.7002
1998-09-17,1018.8700,4629.0298,13859.1396
1998-09-18,1020.0900,4623.3701,13983.1201
1998-09-21,1023.8900,4439.1299,13597.2998
1998-09-22,1029.6300,4549.2300,13789.8096
1998-09-24,1042.7200,4611.3398,14205.7803
1998-09-25,1044.7500,4584.4102,13723.8398
1998-09-28,1048.6899,4677.5601,13909.3701
1998-09-29,1049.0200,4600.3301,13821.4297
1998-09-30,1017.0100,4430.9102,13406.3896
1998-10-01,986.3900,4094.6201,13197.1201
1998-10-02,1002.6000,4019.3101,13223.6904
1998-10-05,988.5600,3970.9900,12948.1201
1998-10-06,984.5900,4185.3901,13021.6396
1998-10-07,970.6800,4064.1599,13825.6104
1998-10-08,959.4400,3861.8899,13026.0596
1998-10-09,984.3900,3973.4399,12879.9697
1998-10-12,997.7100,4271.6299,13555.0098
1998-10-13,994.8000,4253.1201,13242.7900
1998-10-14,1005.5300,4371.1001,13070.7305
1998-10-15,1047.4900,4391.6401,12995.3701
1998-10-16,1056.4200,4469.1201,13280.5400
1998-10-19,1062.3900,4466.1802,13567.2002
1998-10-20,1063.9301,4657.8599,13808.0498
1998-10-21,1069.9200,4534.5498,14216.3301
1998-10-22,1078.4800,4449.1201,14295.5596
1998-10-23,1070.6700,4480.4302,14144.7002
1998-10-26,1072.3199,4579.6401,13843.4600
1998-10-27,1065.3400,4682.7002,13820.6797
1998-10-28,1068.0900,4564.1201,13516.0703
1998-10-29,1085.9301,4569.7300,13668.7197
1998-10-30,1098.6700,4690.9902,13564.5098
1998-11-02,1111.6000,4762.4702,13952.7500
1998-11-04,1118.6700,4878.2402,14527.8096
1998-11-05,1133.8500,4795.2798,14341.3701
1998-11-06,1141.0100,4809.7300,14121.9697
1998-11-09,1130.2000,4762.3799,14194.5400
1998-11-10,1128.2600,4681.3398,14108.0898
1998-11-11,1120.9700,4705.3198,14428.0195
1998-11-12,1117.6899,4645.8901,14075.0596
1998-11-13,1125.7200,4643.7998,14268.2100
1998-11-16,1135.8700,4785.7598,14428.2695
1998-11-17,1139.3199,4718.3398,14413.0000
1998-11-18,1144.4800,4700.6899,14599.2305
1998-11-19,1152.6100,4805.6899,14354.4600
1998-11-20,1163.5500,4911.4302,14779.9404
1998-11-24,1182.9900,4954.5400,15164.6396
1998-11-25,1186.8700,4956.5298,15073.4697
1998-11-27,1192.3300,5159.2100,15069.3896
1998-11-30,1163.6300,5026.1401,14883.7002
1998-12-01,1175.2800,4777.1802,14835.4102
1998-12-02,1171.2500,4712.2002,14986.6201
1998-12-03,1150.1400,4812.3398,14697.0801
1998-12-04,1176.7400,4802.7598,14639.9697
1998-12-07,1187.7000,4721.1699,14723.4902
1998-12-08,1181.3800,4708.1899,14808.2002
1998-12-09,1183.4900,4676.5698,14931.9004
1998-12-10,1165.0200,4650.2998,14807.7998
1998-12-11,1166.4600,4543.0200,14405.6396
1998-12-14,1141.2000,4563.2598,14111.6201
1998-12-15,1162.8300,4569.7002,14011.1904
1998-12-16,1161.9399,4686.7402,14096.2998
1998-12-17,1179.9800,4732.1099,14126.9902
1998-12-18,1188.0300,4666.7402,14194.2900
1998-12-21,1202.8400,4826.7002,14152.9502
1998-12-22,1203.5699,4879.4702,13779.4502
1998-12-28,1225.4900,5040.1499,13709.0596
1998-12-29,1241.8101,5056.2002,13846.9004
1998-12-30,1231.9301,5006.5698,13842.1699
1999-01-04,1228.1000,5290.3599,13415.8896
1999-01-05,1244.7800,5263.4102,13232.7402
1999-01-06,1272.3400,5442.8999,13468.4600
1999-01-07,1269.7300,5345.7100,13536.5596
1999-01-08,1275.0900,5370.5098,13391.8096
1999-01-11,1263.8800,5266.4702,13368.4805
1999-01-12,1239.5100,5196.1299,13360.9697
1999-01-13,1234.4000,4982.1201,13403.5996
1999-01-14,1212.1899,4902.7500,13738.8604
1999-01-19,1252.0000,5038.4502,13770.4404
1999-01-20,1256.6200,5197.1499,14028.0498
1999-01-21,1235.1600,5163.4502,14245.4199
1999-01-22,1225.1899,5008.2100,14154.4004
1999-01-25,1233.9800,4988.5898,14208.8096
1999-01-26,1252.3101,5001.1899,14382.0098
1999-01-27,1243.1700,5038.2100,14450.0596
1999-01-28,1265.3700,5080.9302,14342.3203
1999-01-29,1279.6400,5180.2900,14499.2500
1999-02-01,1273.0000,5239.6001,14465.1797
1999-02-02,1261.9900,5164.9502,14349.8301
1999-02-03,1272.0699,5090.0698,14161.3096
1999-02-04,1248.4900,5061.2798,14086.8496
1999-02-05,1239.4000,5097.4800,13898.0801
1999-02-08,1243.7700,5052.4399,13992.4902
1999-02-09,1216.1400,4850.6699,13902.6602
1999-02-10,1223.5500,4814.0400,13952.4004
1999-02-12,1230.1300,4896.7402,13973.6904
1999-02-16,1241.8700,4895.1099,14232.6396
1999-02-17,1224.0300,4820.4199,14158.6699
1999-02-18,1237.2800,4871.0898,14146.7900
1999-02-19,1239.2200,4823.2598,14098.0400
1999-02-22,1272.1400,4887.7002,14256.6699
1999-02-23,1271.1801,5012.6001,14500.6504
1999-02-24,1253.4100,5058.2900,14355.4502
1999-02-25,1245.0200,4918.5498,14470.4502
1999-02-26,1238.3300,4903.9600,14367.5400
1999-03-01,1236.1600,4779.0698,14221.7500
1999-03-02,1225.5000,4797.8398,13921.0596
1999-03-03,1227.7000,4668.5200,14170.3604
1999-03-04,1246.6400,4722.6899,14183.4502
1999-03-05,1275.4700,4840.8101,14894.0000
1999-03-08,1282.7300,4791.4302,14779.0498
1999-03-09,1279.8400,4790.4702,15096.7002
1999-03-10,1286.8400,4730.0498,15480.0000
1999-03-11,1297.6801,4785.3701,15502.1396
1999-03-12,1294.5900,5031.0601,15488.8604
1999-03-15,1307.2600,5043.2300,15779.5996
1999-03-16,1306.3800,5090.9302,16072.8203
1999-03-17,1297.8199,5062.5898,16268.1104
1999-03-18,1316.5500,5025.7900,15717.9199
1999-03-19,1299.2900,5108.7500,16378.7803
1999-03-23,1262.1400,4870.4902,16019.0996
1999-03-24,1268.5900,4797.3301,15515.4697
1999-03-25,1289.9900,4863.8101,15986.0400
1999-03-26,1282.8000,4799.5898,16016.9902
1999-03-29,1310.1700,4867.2100,16008.8398
1999-03-30,1300.7500,4841.2002,15859.1201
1999-03-31,1286.3700,4865.2700,15836.5898
1999-04-01,1293.7200,4901.8101,16327.5596
1999-04-06,1317.8900,5022.2700,16479.7109
1999-04-07,1326.8900,5027.2500,16554.5000
1999-04-08,1343.9800,5067.7598,16846.6895
1999-04-09,1348.3500,5133.9199,16855.6309
1999-04-12,1358.6300,5167.5498,16507.4004
1999-04-13,1349.8199,5225.2202,16715.1602
1999-04-14,1328.4399,5186.7598,16764.6797
1999-04-15,1322.8500,5189.7202,16727.0801
1999-04-16,1319.0000,5143.0200,16851.5801
1999-04-19,1289.4800,5252.3999,16674.2109
1999-04-20,1306.1700,5101.4102,16697.1094
1999-04-21,1336.1200,5175.5698,16495.0195
1999-04-22,1358.8199,5226.6401,16665.8809
1999-04-23,1356.8500,5187.8901,16923.2500
1999-04-26,1360.0400,5269.1201,16918.5098
1999-04-27,1362.8000,5364.8101,16957.2695
1999-04-28,1350.9100,5352.7202,16942.2402
1999-04-30,1335.1801,5360.4399,16701.5293
1999-05-06,1332.0500,5275.5698,17300.6094
1999-05-07,1345.0000,5276.5000,16946.5195
1999-05-10,1340.3000,5261.0098,16977.0098
1999-05-11,1355.6100,5297.4902,16743.1797
1999-05-12,1364.0000,5249.2402,16947.3594
1999-05-14,1337.8000,5183.4902,16810.3906
1999-05-17,1339.4900,5102.0000,16421.0195
1999-05-18,1333.3199,5160.4702,16378.6201
1999-05-19,1344.2300,5213.2998,16128.1797
1999-05-20,1338.8300,5243.2100,16199.9902
1999-05-21,1330.2900,5253.7700,16292.9805
1999-05-25,1284.4000,5165.7202,16214.2305
1999-05-26,1304.7600,5183.0801,16230.5195
1999-05-27,1281.4100,5064.3101,16177.1904
1999-05-28,1301.8400,5070.9800,15972.6797
1999-06-01,1294.2600,5010.7100,16408.5000
1999-06-02,1294.8101,5040.3398,16417.9902
1999-06-04,1327.7500,5124.1299,16300.7500
1999-06-07,1334.5200,5212.8599,16475.8906
1999-06-08,1317.3300,5196.9302,16562.9199
1999-06-09,1318.6400,5250.6299,16622.5000
1999-06-10,1302.8199,5201.4902,17102.6191
1999-06-11,1293.6400,5296.0098,17198.5508
1999-06-14,1294.0000,5291.5200,17188.8203
1999-06-15,1301.1600,5344.9199,17282.0000
1999-06-16,1330.4100,5382.6699,17210.1797
1999-06-17,1339.9000,5415.5098,17470.4492
1999-06-18,1342.8400,5337.1899,17431.2598
1999-06-21,1349.0000,5468.4702,17738.8496
1999-06-22,1335.8800,5468.6699,17777.6191
1999-06-23,1333.0601,5399.1099,17586.7500
1999-06-24,1315.7800,5327.6001,17628.3203
1999-06-25,1315.3101,5301.2100,17436.5195
1999-06-28,1331.3500,5356.9502,17610.5801
1999-06-29,1351.4500,5359.5298,17782.7891
1999-06-30,1372.7100,5378.5200,17529.7402
1999-07-01,1380.9600,5480.2202,17860.7500
1999-07-02,1391.2200,5519.0498,17932.4707
1999-07-06,1388.1200,5612.8999,18050.7305
1999-07-07,1395.8600,5588.5000,17958.9004
1999-07-08,1394.4200,5607.1001,17967.6504
1999-07-09,1403.2800,5638.9502,17937.7305
1999-07-12,1399.1000,5652.0200,18274.1797
1999-07-13,1393.5601,5573.8198,18181.0898
1999-07-14,1398.1700,5610.8901,18357.8594
1999-07-15,1409.6200,5619.2598,18431.8594
1999-07-16,1418.7800,5619.9399,18248.3008
1999-07-19,1407.6500,5624.7402,18532.5801
1999-07-21,1379.2900,5414.1699,18257.5195
1999-07-22,1360.9700,5340.9102,17730.3398
1999-07-23,1356.9399,5310.6299,17534.4395
1999-07-26,1347.7600,5206.4399,17491.3398
1999-07-27,1362.8400,5224.1602,17462.7207
1999-07-28,1365.4000,5229.5601,17579.9102
1999-07-29,1341.0300,5052.3198,17869.9199
1999-07-30,1328.7200,5101.8701,17861.8594
1999-08-02,1328.0500,5129.5000,17825.6992
1999-08-03,1322.1801,5107.6802,17969.9297
1999-08-04,1305.3300,5119.3701,17685.3809
1999-08-05,1313.7100,4978.4502,17358.1895
1999-08-06,1300.2900,5010.4702,17084.2402
1999-08-09,1297.8000,5087.2998,17190.4492
1999-08-10,1281.4301,5000.8701,17202.0898
1999-08-11,1301.9301,5019.6899,17211.1602
1999-08-12,1298.1600,5127.4302,17422.9707
1999-08-13,1327.6801,5219.4302,17435.1699
1999-08-16,1330.7700,5257.1001,17826.0293
1999-08-17,1344.1600,5259.9102,17860.0898
1999-08-18,1332.8400,5230.4702,17892.2598
1999-08-19,1323.5900,5186.8501,17879.7402
1999-08-20,1336.6100,5254.1401,18098.1094
1999-08-23,1360.2200,5301.9800,18233.5508
1999-08-24,1363.5000,5324.0200,18095.4102
1999-08-25,1381.7900,5400.3198,17855.1602
1999-08-26,1362.0100,5389.3398,17666.2891
1999-08-27,1348.2700,5420.3599,17599.3691
1999-08-30,1324.0200,5392.5298,17918.9707
1999-08-31,1320.4100,5270.7700,17436.5605
1999-09-01,1331.0699,5317.1201,17802.4805
1999-09-02,1319.1100,5189.9199,17631.2500
1999-09-03,1357.2400,5336.2202,17629.9902
1999-09-07,1350.4500,5391.3599,17707.5000
1999-09-08,1344.1500,5400.7002,17641.3809
1999-09-09,1347.6600,5436.8599,17677.5605
1999-09-10,1351.6600,5483.9502,17711.0195
1999-09-13,1344.1300,5446.9102,17909.2891
1999-09-14,1336.2900,5401.4702,17777.2207
1999-09-16,1318.4800,5304.4199,17291.5898
1999-09-17,1335.4200,5303.9399,17342.2695
1999-09-20,1335.5300,5351.9800,17575.2598
1999-09-21,1307.5800,5282.7598,17932.7891
1999-09-22,1310.5100,5238.7598,17325.7598
1999-09-24,1277.3600,5186.5298,16871.7305
1999-09-27,1283.3101,5239.6401,16821.0605
1999-09-28,1282.2000,5119.1001,17325.6992
1999-09-29,1268.3700,5135.6201,17282.2793
1999-09-30,1282.7100,5149.8301,17605.4609
1999-10-01,1282.8101,5124.5498,17712.5605
1999-10-04,1304.6000,5218.8599,17763.7109
1999-10-05,1301.3500,5301.8501,17784.1504
1999-10-06,1325.4000,5353.3198,17896.4199
1999-10-07,1317.6400,5419.3101,18136.5508
1999-10-08,1336.0200,5419.2598,18062.1797
1999-10-12,1313.0400,5358.4600,18090.8105
1999-10-13,1285.5500,5295.4302,17754.4902
1999-10-14,1283.4200,5220.2900,17780.2598
1999-10-15,1247.4100,5184.2300,17601.5703
1999-10-18,1254.1300,5156.2798,17275.3301
1999-10-19,1261.3199,5296.9102,17254.1699
1999-10-20,1289.4301,5291.2300,17534.7109
1999-10-21,1283.6100,5246.4902,17448.2695
1999-10-22,1301.6500,5357.7500,17438.8008
1999-10-25,1293.6300,5320.3999,17648.7891
1999-10-26,1281.9100,5388.7598,17671.7891
1999-10-27,1296.7100,5363.8599,17382.3594
1999-10-28,1342.4399,5478.8901,17413.7109
1999-10-29,1362.9301,5525.3999,17942.0801
1999-11-01,1354.1200,5524.9199,17996.9199
1999-11-02,1347.7400,5546.9502,17991.9609
1999-11-04,1362.6400,5635.6201,18348.1309
1999-11-05,1370.2300,5658.1001,18354.9004
1999-11-08,1377.0100,5647.9399,18240.9805
1999-11-09,1365.2800,5694.7300,18292.1602
1999-11-10,1373.4600,5742.4199,18567.8691
1999-11-11,1381.4600,5802.3599,18327.2793
1999-11-12,1396.0601,5791.0498,18258.5508
1999-11-15,1394.3900,5859.2900,18198.0898
1999-11-16,1420.0699,5909.5200,18155.1406
1999-11-17,1410.7100,5870.1699,18274.8203
1999-11-18,1424.9399,5950.0498,18532.8105
1999-11-19,1422.0000,5955.9702,18570.8398
1999-11-22,1420.9399,5819.8901,18822.1191
1999-11-24,1417.0800,5818.7300,18896.2109
1999-11-26,1416.6200,5958.0698,18914.5000
1999-11-29,1407.8300,5888.8799,18850.2695
1999-11-30,1388.9100,5896.0400,18558.2305
1999-12-01,1397.7200,5933.8398,18495.9492
1999-12-02,1409.0400,5937.2002,18514.4102
1999-12-03,1433.3000,6119.1699,18368.1406
1999-12-06,1423.3300,6142.1899,18507.1992
1999-12-07,1409.1700,6158.7700,18593.9609
1999-12-08,1403.8800,6115.5898,18401.1992
1999-12-09,1408.1100,6118.0601,18260.7207
1999-12-10,1417.0400,6097.8999,18271.8496
1999-12-13,1415.2200,6127.2002,18205.0801
1999-12-14,1403.1700,6187.9902,18165.5508
1999-12-15,1413.3300,6232.7500,18138.3594
1999-12-16,1418.7800,6341.2900,18111.3105
1999-12-17,1421.0300,6353.8999,18095.1191
1999-12-20,1418.0900,6378.6602,18175.4902
1999-12-21,1433.4301,6418.6802,18080.3809
1999-12-22,1436.1300,6492.5298,18461.9297
1999-12-27,1457.1000,6837.4102,18546.9004
1999-12-28,1457.6600,6861.5400,18783.5195
1999-12-29,1463.4600,6859.5801,18810.5801
1999-12-30,1464.4700,6958.1401,18934.3398
2000-01-04,1399.4200,6586.9502,19002.8594
2000-01-05,1402.1100,6502.0698,18542.5508
2000-01-06,1403.4500,6474.9199,18168.2695
2000-01-07,1441.4700,6780.9600,18193.4102
2000-01-11,1438.5601,6891.2500,18850.9199
2000-01-12,1432.2500,6912.8101,18677.4199
2000-01-13,1449.6801,6955.9800,18833.2891
2000-01-14,1465.1500,7173.2202,18956.5508
2000-01-18,1455.1400,7072.1201,19196.5703
2000-01-19,1455.9000,7091.0400,18897.7500
2000-01-20,1445.5699,7112.6602,19008.0098
2000-01-21,1441.3600,6992.7500,18878.0898
2000-01-24,1401.5300,6931.9902,19056.7109
2000-01-25,1410.0300,6809.6401,18895.5293
2000-01-26,1404.0900,6969.3701,19111.1895
2000-01-27,1398.5601,7126.1299,19209.7207
2000-01-28,1360.1600,7066.6001,19434.7793
2000-01-31,1394.4600,6835.6001,19539.6992
2000-02-01,1409.2800,7050.4600,19423.3809
2000-02-02,1409.1200,7171.9502,19578.9102
2000-02-03,1424.9700,7354.2598,19786.4199
2000-02-04,1424.3700,7444.6099,19763.1309
2000-02-07,1424.2400,7296.3198,19945.4297
2000-02-08,1441.7200,7549.8799,19868.8809
2000-02-09,1411.7100,7629.1099,20007.7695
2000-02-10,1416.8300,7709.2700,19710.0195
2000-02-14,1389.9399,7644.7998,19556.4609
2000-02-15,1402.0500,7396.1299,19367.8301
2000-02-16,1387.6700,7490.3198,19599.1797
2000-02-17,1388.2600,7580.5298,19791.4004
2000-02-18,1346.0900,7573.7798,19789.0293
2000-02-22,1352.1700,7607.9399,19390.5801
2000-02-23,1360.6899,7698.9702,19519.5508
2000-02-24,1353.4301,7640.5298,19571.4395
2000-02-25,1333.3600,7738.6802,19817.8809
2000-02-28,1348.0500,7587.1299,19720.0996
2000-02-29,1366.4200,7644.5498,19959.5195
2000-03-01,1379.1899,7727.9302,20081.6699
2000-03-02,1381.7600,7945.7700,20065.1094
2000-03-03,1409.1700,7960.0298,19927.5391
2000-03-06,1391.2800,7975.7798,19796.3496
2000-03-07,1355.6200,8064.9702,19944.2402
2000-03-08,1366.7000,7987.0000,19766.8008
2000-03-09,1401.6899,7949.1499,19662.3301
2000-03-10,1395.0699,7975.9502,19750.4004
2000-03-13,1383.6200,7693.8501,19189.9297
2000-03-14,1359.1500,7650.0498,19141.8398
2000-03-15,1392.1400,7414.4600,19078.5996
2000-03-16,1458.4700,7583.9600,19253.2305
2000-03-17,1464.4700,7710.9199,19566.3203
2000-03-21,1493.8700,7807.9302,19602.3594
2000-03-22,1500.6400,7798.6201,19733.5898
2000-03-23,1527.3500,7694.7798,19704.5996
2000-03-24,1527.4600,7932.4199,19958.0801
2000-03-27,1523.8600,7892.4902,20281.0293
2000-03-28,1507.7300,7931.9302,20374.3398
2000-03-29,1508.5200,7864.7598,20706.6504
2000-03-30,1487.9200,7644.8901,20441.5000
2000-03-31,1498.5800,7599.3901,20337.3203
2000-04-03,1505.9700,7429.2202,20726.9902
2000-04-04,1494.7300,7522.7998,20594.9297
2000-04-05,1487.3700,7330.7700,20462.7695
2000-04-06,1501.3400,7446.2100,20223.6094
2000-04-07,1516.3500,7522.2002,20252.8105
2000-04-10,1504.4600,7516.9502,20619.0605
2000-04-11,1500.5900,7442.6602,20522.5195
2000-04-12,1467.1700,7443.0698,20833.2109
2000-04-13,1440.5100,7449.0601,20526.4199
2000-04-14,1356.5601,7214.8301,20434.6797
2000-04-17,1401.4399,7187.1401,19008.6406
2000-04-18,1441.6100,7196.4902,18969.5195
2000-04-19,1427.4700,7216.7100,19086.6191
2000-04-20,1434.5400,7157.9502,18959.3203
2000-04-25,1477.4399,7280.5098,18272.3301
2000-04-26,1460.9900,7388.5498,18134.3105
2000-04-27,1464.9200,7221.7402,18019.1699
2000-04-28,1452.4301,7414.6802,17973.6992
2000-05-02,1446.2900,7555.9199,18439.3594
2000-05-08,1424.1700,7408.0898,18199.9609
2000-05-09,1412.1400,7280.5400,17844.5391
2000-05-10,1383.0500,7120.8599,17701.4707
2000-05-11,1407.8101,7259.4800,16882.4609
2000-05-12,1420.9600,7269.2798,17357.8594
2000-05-15,1452.3600,7195.1499,17313.6895
2000-05-16,1466.0400,7371.0601,17551.2500
2000-05-17,1447.8000,7211.5098,17404.0293
2000-05-18,1437.2100,7181.5801,17031.6309
2000-05-19,1406.9500,6989.0298,16858.1699
2000-05-22,1400.7200,6912.9600,16386.0098
2000-05-23,1373.8600,6927.6899,16318.7305
2000-05-24,1399.0500,6834.8799,16044.4404
2000-05-25,1381.5200,6978.8701,16247.8203
2000-05-26,1378.0200,6938.3301,16008.1396
2000-05-30,1422.4500,7119.2598,16228.9004
2000-05-31,1420.6000,7109.6699,16332.4502
2000-06-01,1448.8101,7272.7598,16694.3008
2000-06-02,1477.2600,7438.9502,16800.0605
2000-06-05,1467.6300,7408.0200,17201.7891
2000-06-06,1457.8400,7359.7998,17170.0801
2000-06-07,1471.3600,7292.9800,17144.9609
2000-06-08,1461.6700,7243.1299,17004.3398
2000-06-09,1456.9500,7254.5298,16861.9102
2000-06-12,1446.0000,7235.6401,16980.6094
2000-06-13,1469.4399,7268.9102,16914.9492
2000-06-14,1470.5400,7350.9399,16654.4199
2000-06-15,1478.7300,7328.6201,16338.7002
2000-06-16,1464.4600,7131.3999,16318.3096
2000-06-19,1486.0000,7198.7998,16591.3496
2000-06-20,1475.9500,7227.2700,16907.5508
2000-06-21,1479.1300,7100.0898,17210.0801
2000-06-22,1452.1801,7053.6699,17106.0098
2000-06-23,1441.4800,6980.4102,16963.2109
2000-06-26,1455.3101,7027.1899,16925.4004
2000-06-27,1450.5500,7048.9600,17279.0605
2000-06-28,1454.8199,7056.0498,17370.1699
2000-06-29,1442.3900,6874.5400,17475.9004
2000-06-30,1454.6000,6898.2100,17411.0508
2000-07-03,1469.5400,6958.9600,17614.6602
2000-07-05,1446.2300,6961.7300,17435.9492
2000-07-06,1456.6700,6951.0898,17282.3691
2000-07-07,1478.9000,7052.2202,17398.2402
2000-07-10,1475.6200,7070.8198,17572.6797
2000-07-11,1480.8800,7003.9800,17504.3594
2000-07-12,1492.9200,7065.9702,17342.1309
2000-07-13,1495.8400,7195.9902,17036.9004
2000-07-14,1509.9800,7318.3799,17142.9004
2000-07-17,1510.4900,7430.7002,17286.8301
2000-07-18,1493.7400,7406.9102,16945.0703
2000-07-19,1481.9600,7366.5698,16983.5703
2000-07-21,1480.1899,7373.2598,16811.4902
2000-07-24,1464.2900,7328.3101,16547.1191
2000-07-25,1474.4700,7329.0400,16573.5898
2000-07-26,1452.4200,7302.1201,16502.6094
2000-07-27,1449.6200,7183.4399,16182.0098
2000-07-28,1419.8900,7128.2998,15838.5703
2000-07-31,1430.8300,7190.3701,15727.4902
2000-08-01,1438.1000,7145.5298,16099.6699
2000-08-02,1438.7000,7112.4502,16206.1904
2000-08-03,1452.5601,7037.9102,15814.4404
2000-08-04,1462.9301,7016.5898,15667.3604
2000-08-07,1479.3199,7113.2202,16002.7100
2000-08-08,1482.8000,7123.8101,15820.1104
2000-08-09,1472.8700,7226.7100,16034.5996
2000-08-10,1460.2500,7280.9702,15975.6504
2000-08-11,1471.8400,7322.9800,16117.5000
2000-08-14,1491.5601,7331.6699,16153.9102
2000-08-15,1484.4301,7307.4302,16298.2900
2000-08-16,1479.8500,7315.2700,16356.0303
2000-08-17,1496.0699,7278.4302,16161.0303
2000-08-18,1491.7200,7232.4199,16280.4902
2000-08-21,1499.4800,7199.3398,16040.1797
2000-08-22,1498.1300,7249.2002,16454.7402
2000-08-23,1505.9700,7232.7798,16436.6504
2000-08-24,1508.3101,7230.2598,16670.8203
2000-08-25,1506.4500,7307.1699,16911.3301
2000-08-28,1514.0900,7339.2202,17181.1191
2000-08-29,1509.8400,7294.3999,17141.7500
2000-08-30,1502.5900,7185.5601,16901.6699
2000-08-31,1517.6801,7216.4502,16861.2598
2000-09-01,1520.7700,7344.6699,16739.7793
2000-09-05,1507.0800,7395.0698,16452.2695
2000-09-06,1492.2500,7333.0200,16399.8691
2000-09-07,1502.5100,7373.3398,16300.4600
2000-09-08,1494.5000,7267.7700,16501.5508
2000-09-11,1489.2600,7214.4502,16130.9004
2000-09-12,1481.9900,7135.7500,16040.2305
2000-09-13,1484.9100,7006.2598,16190.5195
2000-09-14,1480.8700,7048.5000,16213.2803
2000-09-18,1444.5100,6891.6899,16061.1602
2000-09-19,1459.9000,6937.7402,16124.1904
2000-09-20,1451.3400,6765.2300,16458.3105
2000-09-21,1449.0500,6682.9199,16311.0498
2000-09-22,1448.7200,6740.2500,15818.2500
2000-09-25,1439.0300,6788.6899,15992.9004
2000-09-26,1427.2100,6765.0400,15928.6201
2000-09-27,1426.5699,6814.0601,15639.9502
2000-09-28,1458.2900,6832.7598,15626.9600
2000-09-29,1436.5100,6798.1201,15747.2598
2000-10-02,1436.2300,6862.2598,15902.5098
2000-10-04,1434.3199,6823.4302,16149.0801
2000-10-05,1436.2800,6892.4902,16099.2598
2000-10-06,1408.9900,6776.3901,15994.2402
2000-10-10,1387.0200,6673.1499,15827.7197
2000-10-11,1364.5900,6561.6299,15513.5703
2000-10-12,1329.7800,6465.2598,15550.6396
2000-10-13,1374.1700,6661.2998,15330.3096
2000-10-16,1374.6200,6627.2500,15512.3203
2000-10-17,1349.9700,6531.7100,15340.2197
2000-10-18,1342.1300,6483.0000,14872.4805
2000-10-19,1388.7600,6619.4302,14811.0801
2000-10-20,1396.9301,6618.4302,15198.7305
2000-10-23,1395.7800,6620.8701,15097.9600
2000-10-24,1398.1300,6802.8101,15148.1904
2000-10-25,1364.9000,6748.2202,14840.4697
2000-10-26,1364.4399,6767.8999,14858.4297
2000-10-27,1379.5800,6924.6802,14582.2002
2000-10-30,1398.6600,6926.5698,14464.5596
2000-10-31,1429.4000,7077.4399,14539.5996
2000-11-01,1421.2200,7059.0698,14872.3896
2000-11-02,1428.3199,7088.6401,14837.7803
2000-11-06,1432.1899,7136.2998,15371.4404
2000-11-07,1431.8700,7076.2798,15340.3301
2000-11-08,1409.2800,7008.6401,15399.6396
2000-11-09,1400.1400,6959.5000,15060.0498
2000-11-10,1365.9800,6851.6899,14988.5400
2000-11-13,1351.2600,6742.1001,14664.6396
2000-11-14,1382.9500,6966.6499,14660.0400
2000-11-15,1389.8101,6961.0898,14799.1396
2000-11-16,1372.3199,6842.1099,14587.0303
2000-11-17,1367.7200,6752.2900,14544.2998
2000-11-20,1342.6200,6609.4800,14531.6504
2000-11-21,1347.3500,6678.0698,14408.4600
2000-11-22,1322.3600,6510.5400,14301.3096
2000-11-24,1341.7700,6664.1802,14315.3496
2000-11-27,1348.9700,6696.9102,14720.3896
2000-11-28,1336.0900,6625.5601,14658.8701
2000-11-29,1341.9301,6598.3198,14507.6396
2000-11-30,1314.9500,6372.3301,14648.5098
2000-12-01,1315.2300,6512.9102,14835.3301
2000-12-04,1324.9700,6408.1001,14954.7305
2000-12-05,1376.5400,6637.0898,14695.0498
2000-12-06,1351.4600,6622.2500,14889.3701
2000-12-07,1343.5500,6566.0801,14720.3604
2000-12-08,1369.8900,6691.2500,14696.5098
2000-12-11,1380.2000,6782.5200,15015.7002
2000-12-12,1371.1801,6733.5898,15114.6396
2000-12-13,1359.9900,6620.2100,15168.6797
2000-12-14,1340.9301,6469.9502,14927.1904
2000-12-15,1312.1500,6331.2998,14552.2900
2000-12-18,1322.7400,6390.2500,14483.9004
2000-12-19,1305.6000,6479.2798,14132.3701
2000-12-20,1264.7400,6248.7598,13914.4297
2000-12-21,1274.8600,6200.7100,13423.2100
2000-12-22,1305.9500,6251.3999,13427.0801
2000-12-27,1328.9200,6328.1602,13981.4902
2000-12-28,1334.2200,6371.6401,13946.9600
2000-12-29,1320.2800,6433.6099,13785.6904
2001-01-04,1333.3400,6376.5400,13691.4902
2001-01-05,1298.3500,6382.3101,13867.6104
2001-01-09,1300.8000,6404.5200,13610.5098
2001-01-10,1313.2700,6320.0698,13432.6504
2001-01-11,1326.8199,6465.2100,13201.0703
2001-01-12,1318.5500,6490.0298,13347.7402
2001-01-16,1326.6500,6502.8901,13584.4502
2001-01-17,1329.4700,6653.3799,13667.6299
2001-01-18,1347.9700,6635.7598,13873.9199
2001-01-19,1342.5400,6651.5298,13989.1201
2001-01-22,1342.9000,6675.0000,14032.4199
2001-01-23,1360.4000,6722.4102,13984.6602
2001-01-24,1364.3000,6706.6699,13893.5801
2001-01-25,1357.5100,6727.4902,13803.3799
2001-01-26,1354.9500,6695.2002,13696.0596
2001-01-29,1364.1700,6750.9600,13845.2803
2001-01-30,1373.7300,6739.2998,13826.6504
2001-01-31,1366.0100,6795.1401,13843.5498
2001-02-01,1373.4700,6704.6802,13779.5498
2001-02-02,1349.4700,6638.2002,13703.6299
2001-02-05,1354.3101,6628.0698,13385.5195
2001-02-06,1352.2600,6693.0298,13269.8496
2001-02-07,1340.8900,6578.9600,13366.0098
2001-02-08,1332.5300,6636.8101,13138.2305
2001-02-09,1314.7600,6497.0698,13422.8301
2001-02-13,1318.8000,6557.9302,13274.7002
2001-02-14,1315.9200,6479.8701,13284.0596
2001-02-15,1326.6100,6591.6699,13327.3896
2001-02-16,1301.5300,6439.2598,13175.4902
2001-02-20,1278.9399,6451.5698,13248.3604
2001-02-21,1255.2700,6347.9902,13100.0801
2001-02-22,1252.8199,6277.9902,13073.3604
2001-02-23,1245.8600,6075.3398,13246.0000
2001-02-26,1267.6500,6189.0698,13201.1396
2001-02-27,1257.9399,6220.4800,13059.8604
2001-02-28,1239.9399,6208.2402,12883.5400
2001-03-01,1241.2300,6123.3799,12681.6602
2001-03-02,1234.1801,6159.0200,12261.7998
2001-03-05,1241.4100,6216.3799,12322.1602
2001-03-06,1253.8000,6284.0601,12687.7402
2001-03-07,1261.8900,6305.6401,12723.8896
2001-03-08,1264.7400,6267.0601,12650.5596
2001-03-09,1233.4200,6204.4199,12627.9004
2001-03-12,1180.1600,6046.5601,12171.3701
2001-03-13,1197.6600,5962.9302,11819.7002
2001-03-14,1166.7100,5794.1201,11843.5898
2001-03-15,1173.5601,5889.9502,12152.8301
2001-03-16,1150.5300,5734.4902,12232.9805
2001-03-19,1170.8101,5657.2900,12190.9697
2001-03-21,1122.1400,5622.0898,13103.9404
2001-03-22,1117.5800,5388.0200,12853.9697
2001-03-23,1139.8300,5544.6699,13214.5400
2001-03-26,1152.6899,5726.9702,13862.3096
2001-03-27,1182.1700,5938.2100,13638.3301
2001-03-28,1153.2900,5817.5200,13765.5098
2001-03-29,1147.9500,5879.2998,13072.3604
2001-03-30,1160.3300,5829.9502,12999.7002
2001-04-02,1145.8700,5760.7598,12937.8604
2001-04-03,1106.4600,5553.4600,13124.4697
2001-04-04,1103.2500,5597.6602,13242.7803
2001-04-05,1151.4399,5773.3398,13381.3799
2001-04-06,1128.4301,5698.8799,13383.7598
2001-04-09,1137.5900,5781.0098,12841.7598
2001-04-10,1168.3800,5913.8398,12620.2695
2001-04-11,1165.8900,5951.1602,13174.9297
2001-04-12,1183.5000,6002.2998,13352.4404
2001-04-17,1191.8101,5935.5801,13067.0898
2001-04-18,1238.1600,6164.8799,13641.7900
2001-04-19,1253.6899,6181.9102,13868.2803
2001-04-20,1242.9800,6127.9702,13765.6699
2001-04-23,1224.3600,6051.4800,13715.5996
2001-04-24,1209.4700,6124.5698,13743.1797
2001-04-25,1228.7500,6115.1899,13827.5000
2001-04-26,1234.5200,6123.6602,13973.0303
2001-04-27,1253.0500,6175.2402,13934.3203
2001-05-02,1267.4301,6213.8398,14421.6396
2001-05-07,1263.5100,6122.6201,14529.4102
2001-05-08,1261.2000,6108.7202,14289.0498
2001-05-09,1255.5400,6063.9399,14084.8496
2001-05-10,1255.1801,6165.1802,14017.7900
2001-05-11,1245.6700,6141.0200,14043.9199
2001-05-14,1248.9200,6064.6802,13873.0195
2001-05-15,1249.4399,6070.3799,14054.0303
2001-05-16,1284.9900,6148.4399,13694.2695
2001-05-17,1288.4900,6173.8101,13910.6699
2001-05-18,1291.9600,6186.8701,13877.7695
2001-05-21,1312.8300,6249.8701,14176.8301
2001-05-22,1309.3800,6270.5898,14091.1904
2001-05-23,1289.0500,6215.2500,14067.7002
2001-05-24,1293.1700,6278.8999,13895.7900
2001-05-25,1277.8900,6223.5698,13765.9199
2001-05-29,1267.9301,6120.3301,13773.8896
2001-05-30,1248.0800,6041.2202,13493.3496
2001-05-31,1255.8199,6123.2598,13262.1396
2001-06-01,1260.6700,6125.1699,13261.8398
2001-06-04,1267.1100,6177.7402,13312.3496
2001-06-05,1283.5699,6242.1299,13182.0000
2001-06-06,1270.0300,6192.4399,13174.8398
2001-06-07,1276.9600,6184.2500,13277.5098
2001-06-08,1264.9600,6187.2100,13430.2197
2001-06-11,1254.3900,6162.7402,13226.4805
2001-06-12,1255.8500,6059.1499,12840.0996
2001-06-13,1241.6000,6111.9399,12823.4502
2001-06-14,1219.8700,6031.2700,12846.6602
2001-06-15,1214.3600,5915.1802,12790.3799
2001-06-18,1208.4301,5869.0400,12697.7900
2001-06-19,1212.5800,5922.5298,12574.2598
2001-06-20,1223.1400,5876.0400,12674.6396
2001-06-21,1237.0400,5926.3799,12962.4297
2001-06-22,1225.3500,5941.7700,13044.6104
2001-06-25,1218.6000,5902.3198,12896.4697
2001-06-26,1216.7600,5847.7900,12978.8203
2001-06-27,1211.0699,5833.1001,12828.9805
2001-06-28,1226.2000,5971.7700,12679.8799
2001-06-29,1224.3800,6058.3799,12969.0498
2001-07-02,1236.7200,6109.5000,12751.1797
2001-07-03,1234.4500,6056.8398,12817.4102
2001-07-05,1219.2400,5999.1899,12607.2998
2001-07-06,1190.5900,5862.1001,12306.0801
2001-07-09,1198.7800,5869.8599,12239.6797
2001-07-10,1181.5200,5816.3198,12300.4102
2001-07-11,1180.1801,5801.7998,12005.1104
2001-07-12,1208.1400,5889.8799,12407.9502
2001-07-13,1215.6801,5928.0098,12355.1504
2001-07-16,1202.4500,5853.7598,12343.3701
2001-07-17,1214.4399,5846.6602,12128.5703
2001-07-18,1207.7100,5728.3701,11892.5801
2001-07-19,1215.0200,5829.6899,11908.3896
2001-07-23,1191.0300,5791.7300,11609.6299
2001-07-24,1171.6500,5663.2598,11883.2500
2001-07-25,1190.4900,5582.7598,11891.6104
2001-07-26,1202.9301,5675.7598,11858.5596
2001-07-27,1205.8199,5754.8599,11798.0801
2001-07-30,1204.5200,5792.1899,11579.2695
2001-07-31,1211.2300,5861.1899,11860.7695
2001-08-01,1215.9301,5835.2300,11959.3301
2001-08-02,1220.7500,5777.2798,12399.2002
2001-08-03,1214.3500,5735.8799,12241.9697
2001-08-06,1200.4800,5746.0400,12243.9004
2001-08-07,1204.4000,5752.5098,12319.4600
2001-08-08,1183.5300,5614.5098,12163.6699
2001-08-09,1183.4301,5512.2798,11754.5596
2001-08-10,1190.1600,5433.4902,11735.0596
2001-08-13,1191.2900,5453.7700,11477.5596
2001-08-14,1186.7300,5520.7100,11917.9502
2001-08-15,1178.0200,5455.4399,11755.4004
2001-08-16,1181.6600,5361.9199,11515.0195
2001-08-17,1161.9700,5222.1201,11445.5400
2001-08-20,1171.4100,5207.8301,11257.9404
2001-08-21,1157.2600,5216.1099,11280.3799
2001-08-22,1165.3101,5220.2100,11396.4297
2001-08-23,1162.0900,5254.0400,11126.9199
2001-08-24,1184.9301,5387.5000,11166.3096
2001-08-27,1179.2100,5406.4702,11275.0098
2001-08-28,1161.5100,5308.7798,11189.4004
2001-08-29,1148.5601,5305.0000,10979.7598
2001-08-30,1129.0300,5162.3999,10938.4502
2001-08-31,1133.5800,5188.1699,10713.5098
2001-09-04,1132.9399,5208.1001,10772.5898
2001-09-05,1131.7400,5048.0801,10598.7900
2001-09-06,1106.4000,4875.3701,10650.3301
2001-09-07,1085.7800,4730.6699,10516.7900
2001-09-10,1092.5400,4670.1299,10195.6904
2001-09-17,1038.7700,4234.5498,9504.4102
2001-09-18,1032.7400,4194.8501,9679.8799
2001-09-19,1016.1000,4041.8000,9939.5996
2001-09-20,984.5400,3809.6699,9785.1602
2001-09-21,965.8000,3787.2300,9554.9902
2001-09-25,1012.2700,4009.1201,9693.9697
2001-09-26,1007.0400,4095.3201,9641.7002
2001-09-27,1018.6100,4184.5000,9696.5303
2001-09-28,1040.9399,4308.1499,9774.6797
2001-10-01,1038.5500,4239.9702,9972.2803
2001-10-02,1051.3300,4304.2002,10136.5596
2001-10-03,1072.2800,4436.6602,9924.2305
2001-10-04,1069.6300,4548.1299,10205.4805
2001-10-05,1071.3800,4487.6899,10205.8701
2001-10-09,1056.7500,4472.4199,10011.7695
2001-10-10,1080.9900,4613.1899,9964.8799
2001-10-11,1097.4301,4718.4600,10347.0098
2001-10-12,1091.6500,4625.1299,10632.3496
2001-10-15,1089.9800,4548.4800,10452.5400
2001-10-16,1097.5400,4626.4800,10637.8203
2001-10-17,1077.0900,4644.8198,10755.4502
2001-10-18,1068.6100,4574.3701,10474.8496
2001-10-19,1073.4800,4513.5298,10538.7900
2001-10-22,1089.9000,4619.3198,10565.4102
2001-10-23,1084.7800,4704.2202,10861.5596
2001-10-24,1085.2000,4811.8198,10802.1504
2001-10-25,1100.0900,4715.6001,10880.0996
2001-10-26,1104.6100,4820.2598,10795.1602
2001-10-29,1078.3000,4660.3501,10612.3096
2001-10-30,1059.7900,4543.9800,10512.8203
2001-10-31,1059.7800,4559.1299,10366.3398
2001-11-01,1084.1000,4636.1299,10347.2803
2001-11-02,1087.2000,4583.3101,10383.7803
2001-11-05,1102.8400,4755.1099,10447.5400
2001-11-06,1118.8600,4707.6499,10633.7197
2001-11-07,1115.8000,4860.6602,10284.9805
2001-11-08,1118.5400,4993.5698,10431.7900
2001-11-09,1120.3101,4910.0698,10215.7100
2001-11-12,1118.3300,4820.3701,10081.5596
2001-11-13,1139.0900,4946.9702,10030.5596
2001-11-14,1141.2100,4953.5298,10086.7598
2001-11-15,1142.2400,5006.3301,10489.8896
2001-11-16,1138.6500,5062.6401,10649.0898
2001-11-19,1151.0601,5185.1001,10727.9404
2001-11-20,1142.6600,5096.1802,10575.6201
2001-11-21,1137.0300,5087.0298,10661.0801
2001-11-26,1157.4200,5114.1201,11064.2998
2001-11-27,1149.5000,5059.5698,10948.8896
2001-11-28,1128.5200,4915.9502,10624.8096
2001-11-29,1140.2000,4936.0801,10655.9600
2001-11-30,1139.4500,4989.9102,10697.4404
2001-12-03,1129.9000,4988.4399,10370.6201
2001-12-04,1144.8000,5013.9902,10452.6504
2001-12-05,1170.3500,5262.7500,10713.8096
2001-12-06,1167.1000,5271.2900,10857.2803
2001-12-07,1158.3101,5199.0298,10796.8896
2001-12-10,1139.9301,5124.6802,10571.0098
2001-12-11,1136.7600,5146.4502,10473.9102
2001-12-12,1137.0699,5062.5601,10801.5195
2001-12-13,1119.3800,4966.0498,10433.4502
2001-12-14,1123.0900,4909.4199,10511.6504
2001-12-17,1134.3600,5067.9902,10323.3496
2001-12-18,1142.9200,5039.6401,10432.1699
2001-12-19,1149.5601,4984.6899,10471.9297
2001-12-20,1139.9301,4934.1401,10434.5195
2001-12-21,1144.8900,5019.0098,10335.4502
2001-12-27,1157.1300,5117.1299,10457.6104
2001-12-28,1161.0200,5160.1001,10542.6201
2002-01-04,1172.5100,5318.7300,10871.4902
2002-01-07,1164.8900,5232.2202,10942.3604
2002-01-08,1160.7100,5236.3701,10695.5996
2002-01-09,1155.1400,5288.2100,10663.9805
2002-01-10,1156.5500,5228.1099,10538.4297
2002-01-11,1145.6000,5209.9702,10441.5898
2002-01-15,1146.1899,5062.0400,10208.0498
2002-01-16,1127.5699,4984.2002,10177.5801
2002-01-17,1138.8800,5133.3999,10128.1797
2002-01-18,1127.5800,5122.2300,10293.3203
2002-01-22,1119.3101,5045.7202,10050.9805
2002-01-23,1128.1801,5163.0298,10040.9102
2002-01-24,1132.1500,5170.4399,10074.0498
2002-01-25,1133.2800,5156.6299,10144.1396
2002-01-28,1133.0601,5159.0200,10220.8496
2002-01-29,1100.6400,5084.5200,10026.0303
2002-01-30,1113.5699,5052.2002,9919.4805
2002-01-31,1130.2000,5107.6099,9997.7998
2002-02-01,1122.2000,5097.0601,9791.4297
2002-02-04,1094.4399,4984.4800,9631.9297
2002-02-05,1090.0200,4936.7500,9475.5996
2002-02-06,1083.5100,4804.4102,9420.8496
2002-02-07,1080.1700,4862.6201,9583.2695
2002-02-08,1096.2200,4835.9502,9686.0596
2002-02-12,1107.5000,4884.7798,9877.9902
2002-02-13,1118.5100,4935.3501,9968.3496
2002-02-14,1116.4800,4973.7700,10081.0898
2002-02-15,1104.1801,4862.6001,10048.0996
2002-02-19,1083.3400,4764.0498,9847.1602
2002-02-20,1097.9800,4780.2402,9834.1299
2002-02-21,1080.9500,4850.7300,10295.4199
2002-02-22,1089.8400,4745.5801,10356.7803
2002-02-25,1109.4301,4863.5400,10296.4697
2002-02-26,1109.3800,4897.7500,10202.6299
2002-02-27,1109.8900,4960.2202,10573.0898
2002-02-28,1106.7300,5039.0801,10587.8301
2002-03-01,1131.7800,5097.4102,10812.0000
2002-03-04,1153.8400,5245.8398,11450.2197
2002-03-05,1146.1400,5228.6699,11348.4502
2002-03-06,1162.7700,5285.2598,11358.5303
2002-03-07,1157.5400,5289.4302,11648.3398
2002-03-08,1164.3101,5359.5498,11885.7900
2002-03-11,1168.2600,5340.6699,11919.2998
2002-03-12,1165.5800,5275.8101,11607.3301
2002-03-13,1154.0900,5245.9902,11415.3096
2002-03-14,1153.0400,5276.8701,11568.8203
2002-03-15,1166.1600,5401.1099,11648.0098
2002-03-18,1165.5500,5426.0400,11498.3799
2002-03-19,1170.2900,5462.5498,11792.8203
2002-03-20,1151.8500,5364.7002,11526.7803
2002-03-22,1148.7000,5366.1299,11345.0801
2002-03-25,1131.8700,5317.3799,11261.0898
2002-03-26,1138.4900,5390.5898,11207.9199
2002-03-27,1144.5800,5348.0000,11323.6797
2002-03-28,1147.3900,5397.2900,11333.1104
2002-04-02,1136.7600,5311.0801,11204.4902
2002-04-03,1125.4000,5281.8398,11400.7100
2002-04-04,1126.3400,5254.9502,11379.2002
2002-04-05,1122.7300,5260.5298,11335.4902
2002-04-08,1125.2900,5180.3301,11352.8896
2002-04-09,1117.8000,5170.2500,11114.4902
2002-04-10,1130.4700,5265.3599,11218.5801
2002-04-11,1103.6899,5162.9600,11147.2695
2002-04-12,1111.0100,5189.6499,10962.9805
2002-04-15,1102.5500,5244.2002,11137.2998
2002-04-16,1128.3700,5343.8799,11346.6602
2002-04-17,1126.0699,5318.5498,11543.7100
2002-04-18,1124.4700,5262.8799,11575.7305
2002-04-19,1125.1700,5284.5498,11512.0098
2002-04-22,1107.8300,5205.4800,11721.6396
2002-04-23,1100.9600,5192.1001,11736.8301
2002-04-24,1093.1400,5160.1401,11672.8799
2002-04-25,1091.4800,5054.4102,11648.7197
2002-04-26,1076.3199,5000.3799,11541.3896
2002-04-30,1076.9200,5041.2002,11492.5400
2002-05-02,1084.5601,4964.5601,11551.0098
2002-05-07,1049.4900,4872.4102,11316.0400
2002-05-08,1088.8500,5028.5898,11520.7500
2002-05-09,1073.0100,4966.4800,11633.2998
2002-05-10,1054.9900,4871.7002,11531.1104
2002-05-13,1074.5601,4975.4800,11336.9502
2002-05-14,1097.2800,5049.0801,11356.1904
2002-05-15,1091.0699,5072.3901,11642.9697
2002-05-16,1098.2300,5047.4502,11738.6904
2002-05-17,1106.5900,5036.4102,11847.3203
2002-05-20,1091.8800,4998.9902,11856.5400
2002-05-21,1079.8800,4984.6099,11801.1602
2002-05-22,1086.0200,4919.5000,11961.9805
2002-05-23,1097.0800,4879.5000,11979.8496
2002-05-24,1083.8199,4899.1299,11976.2803
2002-05-28,1074.5500,4918.5801,11936.0801
2002-05-29,1067.6600,4881.7998,11853.0000
2002-05-30,1064.6600,4761.9600,11770.0303
2002-05-31,1067.1400,4818.2998,11763.7002
2002-06-03,1040.6801,4747.9502,11901.3896
2002-06-04,1040.6899,4625.7900,11653.0703
2002-06-05,1049.9000,4624.3101,11663.8701
2002-06-06,1029.1500,4657.5200,11574.9404
2002-06-07,1027.5300,4610.1802,11438.5303
2002-06-10,1030.7400,4589.2598,11370.2100
2002-06-11,1013.6000,4606.0898,11449.4404
2002-06-12,1020.2600,4510.1899,11327.0596
2002-06-13,1009.5600,4470.1401,11144.8398
2002-06-14,1007.2700,4303.8501,10920.6299
2002-06-17,1036.1700,4475.1001,10664.1104
2002-06-18,1037.1400,4433.8501,10839.9297
2002-06-19,1019.9900,4354.8198,10476.1797
2002-06-20,1006.2900,4245.6802,10612.9805
2002-06-21,989.1400,4232.3999,10354.3496
2002-06-24,992.7200,4127.2100,10471.3203
2002-06-25,976.1400,4202.9702,10496.6699
2002-06-26,973.5300,4099.0498,10074.5596
2002-06-27,990.6400,4259.4302,10261.5996
2002-06-28,989.8200,4382.5601,10621.8398
2002-07-01,968.6500,4366.8101,10595.4404
2002-07-02,948.0900,4195.9502,10622.3203
2002-07-03,953.9900,4138.1499,10812.2998
2002-07-05,989.0300,4483.0298,10826.0898
2002-07-08,976.9800,4442.3301,10769.2002
2002-07-09,952.8300,4369.7598,10960.2500
2002-07-10,920.4700,4190.2202,10752.6602
2002-07-11,927.3700,4118.5000,10485.7402
2002-07-12,921.3900,4130.7998,10601.4502
2002-07-15,917.9300,3912.5100,10375.1504
2002-07-16,900.9400,3977.7500,10250.4199
2002-07-17,906.0400,4092.8201,10296.0195
2002-07-18,881.5600,4100.7500,10498.2598
2002-07-19,847.7500,3891.8799,10202.3604
2002-07-22,819.8500,3691.4299,10189.0098
2002-07-23,797.7000,3515.8301,10215.6299
2002-07-24,843.4300,3632.6599,9947.7197
2002-07-25,838.6800,3520.4600,9929.9102
2002-07-26,852.8400,3579.0000,9591.0303
2002-07-29,898.9600,3859.7800,9666.6699
2002-07-30,902.7800,3878.9399,10003.7197
2002-07-31,911.6200,3700.1399,9877.9404
2002-08-01,884.6600,3606.4500,9793.5098
2002-08-02,864.2400,3532.4900,9709.6602
2002-08-05,834.6000,3332.6499,9704.9297
2002-08-06,859.5700,3568.6399,9501.0195
2002-08-07,876.7700,3465.5400,9834.4004
2002-08-08,905.4600,3679.2600,9799.5703
2002-08-09,908.6400,3760.8601,9999.7900
2002-08-12,903.8000,3647.1299,9747.8203
2002-08-13,884.2100,3683.2100,9688.6104
2002-08-14,919.6200,3589.9199,9638.4102
2002-08-15,930.2500,3665.7400,9795.5703
2002-08-16,928.7700,3684.6899,9788.1299
2002-08-19,950.7000,3837.6699,9599.0996
2002-08-20,937.4300,3768.5100,9620.6904
2002-08-21,949.3600,3868.1699,9642.6104
2002-08-22,962.7000,3906.5500,9814.0195
2002-08-23,940.8600,3828.2600,9867.4502
2002-08-26,947.9500,3783.8401,10067.7402
2002-08-27,934.8200,3851.3401,9907.2998
2002-08-28,917.8700,3682.8401,9766.7305
2002-08-29,917.8000,3660.9500,9620.1396
2002-08-30,916.0700,3712.9399,9619.2998
2002-09-03,878.0200,3398.9900,9217.0400
2002-09-04,893.4000,3425.8999,9075.0898
2002-09-05,879.1500,3354.7100,9222.1201
2002-09-06,893.9200,3485.6799,9129.0703
2002-09-09,902.9600,3429.2200,9306.2598
2002-09-10,909.5800,3494.6899,9309.3096
2002-09-11,909.4500,3584.6899,9400.0801
2002-09-12,886.9100,3421.8701,9415.2305
2002-09-13,889.8100,3361.2800,9241.9297
2002-09-17,873.5200,3289.1299,9543.9404
2002-09-18,869.4600,3124.9199,9472.0596
2002-09-19,843.3200,3007.4700,9669.6201
2002-09-20,845.3900,3065.7300,9481.0801
2002-09-24,819.2900,2873.2100,9321.6396
2002-09-25,839.6600,2962.5000,9165.4102
2002-09-26,854.9500,3020.6001,9320.9199
2002-09-27,827.3700,2918.8999,9530.4404
2002-09-30,815.2800,2769.0300,9383.2900
2002-10-01,847.9100,2865.2300,9162.2598
2002-10-02,827.9100,2926.7400,9049.3301
2002-10-03,818.9500,2813.3000,8936.4297
2002-10-04,800.5800,2714.6201,9027.5498
2002-10-07,785.2800,2667.3899,8688.0000
2002-10-08,798.5500,2622.0901,8708.9004
2002-10-09,776.7600,2597.8799,8539.3398
2002-10-10,803.9200,2733.1899,8439.6201
2002-10-11,835.3200,2930.7400,8529.6104
2002-10-15,881.2700,3048.2700,8836.7305
2002-10-16,860.0200,3008.9299,8884.8701
2002-10-17,879.2000,3172.4600,8959.8799
2002-10-18,884.3900,3163.6699,9086.1299
2002-10-21,899.7200,3282.6699,8978.4102
2002-10-22,890.1600,3155.9700,8689.3896
2002-10-23,896.1400,3015.4199,8714.5195
2002-10-24,882.5000,3090.0100,8614.2998
2002-10-25,897.6500,3102.0100,8726.2900
2002-10-28,890.2300,3198.9600,8757.5098
2002-10-29,882.1500,3022.0100,8708.7598
2002-10-30,890.7100,3113.5901,8756.5898
2002-10-31,885.7600,3152.8501,8640.4805
2002-11-01,900.9600,3165.1599,8685.7197
2002-11-05,915.3900,3351.3201,8937.5596
2002-11-06,923.7600,3298.8401,8953.2900
2002-11-07,902.6500,3155.6599,8920.4404
2002-11-08,894.7400,3079.1001,8690.7695
2002-11-11,876.1900,3042.0601,8460.3701
2002-11-12,882.9500,3115.8799,8464.7695
2002-11-13,882.5300,3066.4199,8438.5195
2002-11-14,904.2700,3188.3899,8303.3896
2002-11-15,909.8300,3191.7600,8503.5898
2002-11-18,900.3600,3218.3601,8346.0098
2002-11-19,896.7400,3206.9299,8365.2598
2002-11-20,914.1500,3212.9900,8459.6201
2002-11-21,933.7600,3304.6299,8668.0596
2002-11-22,930.5500,3320.8799,8772.5596
2002-11-25,932.8700,3299.2400,8944.4404
2002-11-26,913.3100,3191.6299,8823.9902
2002-11-27,938.8700,3346.1399,8875.8799
2002-11-29,936.3100,3320.3201,9215.5596
2002-12-02,934.5300,3380.2000,9174.4697
2002-12-03,920.7500,3280.4900,9205.1104
2002-12-04,917.5800,3320.7500,9006.7305
2002-12-05,906.5500,3224.7400,8917.5703
2002-12-06,912.2300,3207.5300,8863.2598
2002-12-09,892.0000,3065.5701,8828.0498
2002-12-10,904.4500,3167.9900,8804.5195
2002-12-11,904.9600,3196.0500,8727.6602
2002-12-12,901.5800,3111.8799,8708.6904
2002-12-13,889.4800,3077.0601,8516.0703
2002-12-16,910.4000,3205.2900,8450.9404
2002-12-17,902.9900,3139.9700,8510.7305
2002-12-18,891.1200,3022.6899,8344.0098
2002-12-19,884.2500,2961.4099,8387.5703
2002-12-20,895.7600,3024.2200,8406.8799
2002-12-27,875.4000,2840.0000,8714.0498
2002-12-30,879.3900,2892.6299,8578.9502
2003-01-06,929.0100,3157.2500,8713.3301
2003-01-07,922.9300,3112.7700,8656.5000
2003-01-08,909.9300,2993.0000,8517.7998
2003-01-09,927.5700,3037.6799,8497.9297
2003-01-10,927.5700,3037.3301,8470.4502
2003-01-14,931.6600,3098.7200,8553.0596
2003-01-15,918.2200,3049.3999,8611.7500
2003-01-16,914.6000,3054.1101,8609.1699
2003-01-17,901.7800,2918.8201,8690.2500
2003-01-21,887.6200,2870.5701,8708.5801
2003-01-22,878.3600,2803.2500,8611.0400
2003-01-23,887.3400,2811.2200,8790.9199
2003-01-24,861.4000,2717.8201,8731.6504
2003-01-27,847.4800,2643.8000,8609.4697
2003-01-28,858.5400,2671.3601,8525.3896
2003-01-29,864.3600,2706.5701,8331.0801
2003-01-30,844.6100,2693.7800,8316.8096
2003-01-31,855.7000,2747.8301,8339.9404
2003-02-03,860.3200,2751.9900,8500.7900
2003-02-04,848.2000,2632.9800,8484.9004
2003-02-05,843.5900,2725.8799,8549.8496
2003-02-06,838.1500,2649.0000,8484.1904
2003-02-07,829.6900,2569.3401,8448.1602
2003-02-10,835.9700,2586.0901,8484.9297
2003-02-12,818.6800,2571.2500,8664.1699
2003-02-13,817.3700,2555.2700,8599.6602
2003-02-14,834.8900,2674.4600,8701.9199
2003-02-18,851.1700,2740.1399,8692.9697
2003-02-19,845.1300,2624.6499,8678.4404
2003-02-20,837.1000,2591.2600,8650.9199
2003-02-21,848.1700,2648.8701,8513.5400
2003-02-24,832.5800,2571.3501,8564.9502
2003-02-25,838.5700,2485.5000,8360.4902
2003-02-26,827.5500,2450.2000,8356.8096
2003-02-27,837.2800,2513.2200,8359.3799
2003-02-28,841.1500,2547.0500,8363.0400
2003-03-03,834.8100,2549.6499,8490.4004
2003-03-04,821.9900,2501.0300,8480.2197
2003-03-05,829.8500,2498.0200,8472.6201
2003-03-06,822.1000,2437.5100,8369.1504
2003-03-07,828.8900,2431.6599,8144.1201
2003-03-10,807.4800,2329.0400,8042.2598
2003-03-11,800.7300,2305.3000,7862.4302
2003-03-12,804.1900,2202.9600,7943.0400
2003-03-13,831.9000,2354.3101,7868.5601
2003-03-14,833.2700,2403.1899,8002.6899
2003-03-17,862.7900,2487.1201,7871.6401
2003-03-18,866.4500,2584.6101,7954.4600
2003-03-19,874.0200,2615.2200,8051.0400
2003-03-20,875.6700,2604.8501,8195.0498
2003-03-24,864.2300,2548.3701,8435.0703
2003-03-25,874.7400,2636.1001,8238.7598
2003-03-26,869.9500,2579.3301,8351.9199
2003-03-27,868.5200,2584.0500,8368.6699
2003-03-28,863.5000,2520.8401,8280.1602
2003-03-31,848.1800,2423.8701,7972.7100
2003-04-01,858.4800,2450.1899,7986.7202
2003-04-02,880.9000,2589.3501,8069.8501
2003-04-03,876.4500,2569.8101,8017.7500
2003-04-04,878.8500,2654.0701,8074.1201
2003-04-07,879.9300,2808.9399,8249.9805
2003-04-08,878.2900,2767.7900,8131.4102
2003-04-09,865.9900,2734.1001,8057.6099
2003-04-10,871.5800,2697.1001,7980.1201
2003-04-11,868.3000,2733.9500,7816.4902
2003-04-14,885.2300,2776.7800,7752.1001
2003-04-15,890.8100,2834.1201,7838.8301
2003-04-16,879.9100,2824.6799,7879.4902
2003-04-17,893.5800,2899.7800,7821.8999
2003-04-22,911.3700,2960.9600,7790.4600
2003-04-23,919.0200,2974.3999,7793.3799
2003-04-24,911.4300,2891.6201,7854.5698
2003-04-25,898.8100,2838.2300,7699.5000
2003-04-28,914.8400,2953.9199,7607.8799
2003-04-30,916.9200,2942.0400,7831.4199
2003-05-02,930.0800,2986.0000,7907.1899
2003-05-06,934.3900,3066.9500,8083.5601
2003-05-07,929.6200,3005.6399,8109.7700
2003-05-08,920.2700,2886.0801,8031.5498
2003-05-09,933.4100,2956.5901,8152.1602
2003-05-12,945.1100,2937.2600,8221.1201
2003-05-13,942.3000,2909.9500,8190.2598
2003-05-14,939.2800,2926.0300,8244.9102
2003-05-15,946.6700,2989.3799,8123.3999
2003-05-16,944.3000,2989.0801,8117.2900
2003-05-19,920.7700,2850.6799,8039.1299
2003-05-20,919.7300,2838.9299,8059.4800
2003-05-21,923.4200,2827.2500,8018.5098
2003-05-22,931.8700,2865.2100,8051.6602
2003-05-23,933.2200,2822.8301,8184.7598
2003-05-27,951.4800,2873.6001,8120.2402
2003-05-28,953.2200,2919.5400,8234.1797
2003-05-29,949.6400,2906.7100,8375.3604
2003-05-30,963.5900,2982.6799,8424.5098
2003-06-02,967.0000,3064.5601,8547.1699
2003-06-03,971.5600,3026.8201,8564.4902
2003-06-04,986.2400,3080.0200,8557.8604
2003-06-05,990.1400,3039.7600,8657.2305
2003-06-06,987.7600,3127.4600,8785.8701
2003-06-09,975.9300,3094.7600,8822.7305
2003-06-10,984.8400,3140.3401,8789.0898
2003-06-11,997.4800,3178.1499,8890.2998
2003-06-12,998.5100,3219.4700,8918.5996
2003-06-13,988.6100,3168.7100,8980.6396
2003-06-16,1010.7400,3264.5000,8839.8301
2003-06-17,1011.6600,3286.4800,9033.0000
2003-06-18,1010.0900,3304.1499,9092.9697
2003-06-19,994.7000,3247.1101,9110.5098
2003-06-20,995.6900,3238.9800,9120.3896
2003-06-23,981.6400,3186.3899,9137.1396
2003-06-24,983.4500,3217.3401,8919.2598
2003-06-25,975.3200,3198.8201,8932.2598
2003-06-26,985.8200,3241.2200,8923.4102
2003-06-27,976.2200,3224.6599,9104.0596
2003-06-30,974.5000,3220.5801,9083.1104
2003-07-01,982.3200,3146.5500,9278.4902
2003-07-02,993.7500,3241.0400,9592.2402
2003-07-03,985.7000,3241.9199,9624.7998
2003-07-07,1004.4200,3332.8701,9795.1602
2003-07-08,1007.8400,3344.4600,9898.7197
2003-07-09,1002.2100,3322.4299,9990.9502
2003-07-10,988.7000,3269.8401,9955.6201
2003-07-11,998.1400,3326.5100,9635.3496
2003-07-14,1003.8600,3396.0701,9755.6299
2003-07-15,1000.4200,3384.6899,9751.0000
2003-07-16,994.0900,3387.6399,9735.9697
2003-07-17,981.7300,3330.6799,9498.8604
2003-07-18,993.3200,3366.7100,9527.7305
2003-07-22,988.1100,3318.1499,9485.9697
2003-07-23,988.6100,3304.4800,9615.3398
2003-07-24,981.6000,3374.8201,9671.0000
2003-07-25,998.6800,3356.8899,9648.0098
2003-07-28,996.5200,3417.7700,9839.9102
2003-07-29,989.2800,3428.1201,9834.3096
2003-07-30,987.4900,3429.0300,9632.6602
2003-07-31,990.3100,3487.8601,9563.2100
2003-08-01,980.1500,3438.8899,9611.6699
2003-08-04,982.8200,3405.3101,9452.7900
2003-08-05,965.4600,3438.3601,9382.5801
2003-08-06,967.0800,3375.6599,9323.9102
2003-08-07,974.1200,3331.8899,9265.5596
2003-08-08,977.5900,3332.2400,9327.5303
2003-08-11,980.5900,3339.5801,9487.7998
2003-08-12,990.3500,3381.7100,9564.8096
2003-08-13,984.0300,3398.8899,9752.7500
2003-08-14,990.5100,3452.7000,9913.4697
2003-08-15,990.6700,3443.9299,9863.4697
2003-08-18,999.7400,3507.2300,10032.9697
2003-08-19,1002.3500,3504.5300,10174.0996
2003-08-20,1000.3000,3501.2300,10292.0596
2003-08-21,1003.2700,3565.4700,10362.6904
2003-08-22,993.0600,3549.0500,10281.1699
2003-08-25,993.7100,3500.0901,10276.6396
2003-08-26,996.7300,3455.4800,10332.5703
2003-08-27,996.7900,3483.0801,10308.9902
2003-08-28,1002.8400,3492.6699,10225.2197
2003-08-29,1008.0100,3484.5801,10343.5498
2003-09-02,1021.9900,3567.2000,10690.0801
2003-09-03,1026.2700,3647.5100,10715.6904
2003-09-04,1027.9700,3668.6699,10646.9502
2003-09-05,1021.3900,3607.7100,10650.7695
2003-09-08,1031.6400,3641.5300,10683.7598
2003-09-09,1023.1700,3594.3999,10922.0400
2003-09-10,1010.9200,3536.8701,10856.3203
2003-09-11,1016.4200,3566.8501,10546.3301
2003-09-12,1018.6300,3508.0601,10712.8096
2003-09-16,1029.3199,3564.7500,10887.0303
2003-09-17,1025.9700,3561.0300,10990.1104
2003-09-18,1039.5800,3612.0200,11033.3203
2003-09-19,1036.3000,3578.7000,10938.4199
2003-09-22,1022.8200,3456.2700,10475.0996
2003-09-24,1009.3800,3307.3401,10502.2900
2003-09-25,1003.2700,3326.2700,10310.0400
2003-09-26,996.8500,3324.8501,10318.4404
2003-09-29,1006.5800,3323.3799,10229.5703
2003-09-30,995.9700,3256.7800,10219.0498
2003-10-01,1018.2200,3329.8301,10361.2402
2003-10-02,1020.2400,3276.6399,10593.5303
2003-10-03,1029.8500,3419.0000,10709.2900
2003-10-06,1034.3500,3404.9099,10740.1396
2003-10-07,1039.2500,3355.7800,10820.3301
2003-10-08,1033.7800,3395.3301,10542.2002
2003-10-09,1038.7300,3481.8999,10531.4404
2003-10-10,1038.0601,3471.2500,10786.0400
2003-10-14,1049.4800,3538.1299,10966.4297
2003-10-15,1046.7600,3570.5801,10899.9502
2003-10-16,1050.0699,3577.7200,11025.1504
2003-10-17,1039.3199,3516.6699,11037.8896
2003-10-20,1044.6801,3559.3301,11161.7100
2003-10-21,1046.0300,3580.0801,11031.5195
2003-10-22,1030.3600,3490.6001,10889.6201
2003-10-23,1033.7700,3497.1399,10335.1602
2003-10-24,1028.9100,3452.6399,10335.7002
2003-10-27,1031.1300,3517.1001,10454.1201
2003-10-28,1046.7900,3586.9299,10561.0098
2003-10-29,1048.1100,3615.4199,10739.2197
2003-10-30,1046.9399,3639.6599,10695.5596
2003-10-31,1050.7100,3655.9900,10559.5898
2003-11-04,1053.2500,3741.7100,10847.9697
2003-11-05,1051.8101,3717.7000,10837.5400
2003-11-06,1058.0500,3733.9299,10552.2998
2003-11-07,1053.2100,3782.5601,10628.9805
2003-11-10,1047.1100,3746.2400,10504.5400
2003-11-11,1046.5699,3729.8701,10207.0400
2003-11-12,1058.5300,3748.3401,10226.2197
2003-11-13,1058.4100,3765.5901,10337.6699
2003-11-14,1050.3500,3797.3999,10167.0596
2003-11-17,1043.6300,3674.5400,9786.8301
2003-11-18,1034.1500,3666.2800,9897.0498
2003-11-19,1042.4399,3652.2900,9614.5996
2003-11-20,1033.6500,3638.0400,9865.7002
2003-11-21,1035.2800,3642.2500,9852.8301
2003-11-25,1053.8900,3733.1599,9960.2002
2003-11-26,1058.4500,3712.9800,10144.8301
2003-11-28,1058.2000,3745.9500,10100.5703
2003-12-01,1070.1200,3821.2000,10403.2695
2003-12-02,1066.6200,3809.2600,10410.1504
2003-12-03,1064.7300,3875.6599,10326.3896
2003-12-04,1069.7200,3874.7800,10429.9902
2003-12-05,1061.5000,3841.7300,10373.4600
2003-12-08,1069.3000,3806.5400,10045.3398
2003-12-09,1060.1801,3846.1799,10124.2803
2003-12-10,1059.0500,3820.9199,9910.5596
2003-12-11,1071.2100,3858.8501,10075.1396
2003-12-12,1074.1400,3860.1299,10169.6602
2003-12-15,1068.0400,3875.4700,10490.7695
2003-12-16,1075.1300,3865.9800,10271.5996
2003-12-17,1076.4800,3847.5701,10092.6396
2003-12-18,1089.1801,3870.8799,10104.0000
2003-12-19,1088.6600,3898.4199,10284.5400
2003-12-22,1092.9399,3876.9399,10372.5098
2003-12-29,1109.4800,3952.7200,10500.6201
2003-12-30,1109.6400,3965.1599,10676.6396
2004-01-05,1122.2200,4035.8999,10825.1699
2004-01-06,1123.6700,4035.4399,10813.9902
2004-01-07,1126.3300,4004.3999,10757.8203
2004-01-08,1131.9200,4045.4299,10837.6504
2004-01-09,1121.8600,4016.1799,10965.0498
2004-01-13,1121.2200,3996.2200,10849.6797
2004-01-14,1130.5200,4055.2100,10863.0000
2004-01-15,1132.0500,4068.7500,10665.1504
2004-01-16,1139.8300,4111.6401,10857.2002
2004-01-20,1138.7700,4106.4102,11103.0996
2004-01-21,1147.6200,4138.0400,11002.3896
2004-01-22,1143.9399,4139.8599,11000.7002
2004-01-23,1141.5500,4151.8301,11069.0098
2004-01-26,1155.3700,4128.6802,10972.5996
2004-01-27,1144.0500,4134.4199,10928.0303
2004-01-28,1128.4800,4150.2402,10852.4697
2004-01-29,1134.1100,4095.7100,10779.4404
2004-01-30,1131.1300,4058.6001,10783.6104
2004-02-02,1135.2600,4071.6001,10776.7305
2004-02-03,1136.0300,4057.5100,10641.9199
2004-02-04,1126.5200,4028.3701,10447.2500
2004-02-05,1128.5900,4014.7900,10464.5996
2004-02-06,1142.7600,4044.9900,10460.9199
2004-02-09,1139.8101,4098.9702,10402.6104
2004-02-10,1145.5400,4110.7998,10365.4004
2004-02-12,1152.1100,4121.6499,10459.2598
2004-02-13,1145.8101,4057.0500,10557.6904
2004-02-17,1156.9900,4095.8601,10701.1299
2004-02-18,1151.8199,4095.3401,10676.8096
2004-02-19,1147.0601,4141.5298,10753.7998
2004-02-20,1144.1100,4073.3501,10720.6904
2004-02-23,1140.9900,4068.7100,10868.9600
2004-02-24,1139.0900,3991.4199,10644.1299
2004-02-25,1143.6700,3995.3401,10658.7305
2004-02-26,1144.9100,4007.8101,10815.2900
2004-02-27,1144.9399,4018.1599,11041.9199
2004-03-01,1155.9700,4054.4299,11271.1201
2004-03-02,1149.1000,4100.3398,11361.5098
2004-03-03,1151.0300,4071.7000,11351.9199
2004-03-04,1154.8700,4133.7798,11401.7900
2004-03-05,1156.8600,4126.1401,11537.2900
2004-03-08,1147.2000,4145.9902,11502.8604
2004-03-09,1140.5800,4087.5500,11532.0400
2004-03-10,1123.8900,4044.7000,11433.2402
2004-03-11,1106.7800,3904.9500,11297.0400
2004-03-12,1120.5699,3915.3799,11162.7500
2004-03-15,1104.4900,3810.7600,11317.9004
2004-03-16,1110.7000,3822.3701,11242.2900
2004-03-17,1123.7500,3896.7900,11436.8604
2004-03-18,1122.3199,3827.4299,11484.2803
2004-03-19,1109.7800,3819.1499,11418.5098
2004-03-22,1095.4000,3729.2300,11318.5098
2004-03-23,1093.9500,3728.8201,11281.0898
2004-03-24,1091.3300,3726.0701,11364.9902
2004-03-25,1109.1899,3811.9199,11530.9102
2004-03-26,1108.0601,3822.3301,11770.6504
2004-03-29,1122.4700,3881.2500,11718.2402
2004-03-30,1127.0000,3874.0400,11693.6797
2004-03-31,1126.2100,3856.7000,11715.3896
2004-04-01,1132.1700,3924.8501,11683.4199
2004-04-02,1141.8101,4007.6001,11815.9502
2004-04-05,1150.5699,4048.6001,11958.3203
2004-04-06,1148.1600,4022.8101,12079.7002
2004-04-07,1140.5300,4001.1599,12019.6201
2004-04-08,1139.3199,4013.5300,12092.5898
2004-04-13,1129.4399,4071.4199,12127.8203
2004-04-14,1128.1700,4012.7700,12098.1797
2004-04-15,1128.8400,4004.6101,11800.4004
2004-04-16,1134.6100,4033.9800,11824.5596
2004-04-19,1135.8199,4025.0701,11764.2100
2004-04-20,1118.1500,4061.1299,11952.2598
2004-04-21,1124.0900,4026.1499,11944.2998
2004-04-22,1139.9301,4059.1499,11980.0996
2004-04-23,1140.6000,4103.6201,12120.6602
2004-04-26,1135.5300,4125.8301,12163.8896
2004-04-27,1138.1100,4134.1001,12044.8799
2004-04-28,1122.4100,4065.7400,12004.2900
2004-04-30,1107.3000,3985.2100,11761.7900
2004-05-06,1113.9900,3909.4600,11571.3398
2004-05-07,1098.7000,3895.6399,11438.8203
2004-05-10,1087.1200,3784.6101,10884.7002
2004-05-11,1095.4500,3849.8401,10907.1797
2004-05-12,1097.2800,3776.2400,11153.5801
2004-05-13,1096.4399,3824.9299,10825.0996
2004-05-14,1095.7000,3803.1001,10849.6299
2004-05-17,1084.1000,3754.3701,10505.0498
2004-05-18,1091.4900,3789.2400,10711.0898
2004-05-19,1088.6801,3872.2600,10967.7402
2004-05-20,1089.1899,3839.3201,10862.0400
2004-05-21,1093.5601,3831.8401,11070.2500
2004-05-24,1095.4100,3867.8401,11101.6396
2004-05-25,1113.0500,3828.0701,10962.9297
2004-05-26,1114.9399,3867.5200,11152.0898
2004-05-27,1121.2800,3913.3301,11166.0303
2004-05-28,1120.6801,3902.7200,11309.5703
2004-06-01,1121.2000,3864.1799,11296.7598
2004-06-02,1124.9900,3888.3101,11242.3398
2004-06-03,1116.6400,3917.0801,11027.0498
2004-06-04,1122.5000,3961.9299,11128.0498
2004-06-07,1140.4200,4017.8101,11439.9199
2004-06-08,1142.1801,4018.9500,11521.9297
2004-06-09,1131.3300,3997.7600,11449.7402
2004-06-10,1136.4700,4021.6399,11575.9697
2004-06-14,1125.2900,3948.6499,11491.6602
2004-06-15,1132.0100,3987.3000,11387.7002
2004-06-16,1133.5601,4003.2400,11641.7197
2004-06-17,1132.0500,3985.4600,11607.9004
2004-06-18,1135.0200,3999.7900,11382.0801
2004-06-21,1130.3000,3989.3101,11600.1602
2004-06-22,1134.4100,3928.3899,11581.2695
2004-06-23,1144.0601,3945.1001,11580.5596
2004-06-24,1140.6500,4007.0500,11744.1504
2004-06-25,1134.4301,4013.3501,11780.4004
2004-06-28,1133.3500,4069.3501,11884.0596
2004-06-29,1136.2000,4069.7300,11860.8096
2004-06-30,1140.8400,4052.7300,11858.8701
2004-07-01,1128.9399,4035.0200,11896.0098
2004-07-02,1125.3800,3998.7700,11721.4902
2004-07-06,1116.2100,3944.8799,11475.2695
2004-07-07,1118.3300,3930.5801,11384.8604
2004-07-08,1109.1100,3934.4800,11322.2305
2004-07-09,1112.8101,3924.4900,11423.5303
2004-07-12,1114.3500,3893.2400,11582.2803
2004-07-13,1115.1400,3903.8799,11608.6201
2004-07-14,1111.4700,3898.8401,11356.6504
2004-07-15,1106.6899,3847.1899,11409.1396
2004-07-16,1101.3900,3845.9299,11436.0000
2004-07-20,1108.6700,3837.6001,11258.3701
2004-07-21,1093.8800,3877.4800,11433.8604
2004-07-22,1096.8400,3801.0500,11285.0400
2004-07-23,1086.2000,3797.3301,11187.3301
2004-07-26,1084.0699,3752.5901,11159.5498
2004-07-27,1094.8300,3814.0801,11031.5400
2004-07-28,1095.4200,3807.2100,11204.3701
2004-07-29,1100.4301,3889.6799,11116.8398
2004-07-30,1101.7200,3895.6101,11325.7803
2004-08-02,1106.6200,3862.7100,11222.2402
2004-08-03,1099.6899,3877.3201,11140.5703
2004-08-04,1098.6300,3823.7400,11010.0195
2004-08-05,1080.7000,3829.0300,11060.8896
2004-08-06,1063.9700,3727.7400,10972.5703
2004-08-09,1065.2200,3690.3301,10908.7002
2004-08-10,1079.0400,3720.6399,10953.5498
2004-08-11,1075.7900,3678.9099,11049.4600
2004-08-12,1063.2300,3658.1101,11028.0703
2004-08-13,1064.8000,3646.9900,10757.2002
2004-08-16,1079.3400,3699.1101,10687.8096
2004-08-17,1081.7100,3705.7300,10725.9697
2004-08-18,1095.1700,3726.5000,10774.2598
2004-08-19,1091.2300,3722.9900,10903.5303
2004-08-20,1098.3500,3712.6101,10889.1396
2004-08-23,1095.6801,3772.1399,10960.9697
2004-08-24,1096.1899,3771.0000,10985.3301
2004-08-25,1104.9600,3788.8799,11130.0195
2004-08-26,1105.0900,3832.2800,11129.3301
2004-08-27,1107.7700,3851.1799,11209.5898
2004-08-30,1099.1500,3838.8501,11184.5303
2004-08-31,1104.2400,3785.2100,11081.7900
2004-09-01,1105.9100,3817.6201,11127.3496
2004-09-02,1118.3101,3833.4500,11152.7500
2004-09-03,1113.6300,3866.9900,11022.4902
2004-09-07,1121.3000,3889.0400,11298.9404
2004-09-08,1116.2700,3884.1599,11279.1904
2004-09-09,1118.3800,3851.2200,11170.9600
2004-09-10,1123.9200,3886.0300,11083.2305
2004-09-13,1125.8199,3953.3101,11253.1104
2004-09-14,1128.3300,3947.7500,11295.5801
2004-09-15,1120.3700,3941.7500,11158.5801
2004-09-16,1123.5000,3963.6499,11139.3604
2004-09-17,1128.5500,3988.0701,11082.4902
2004-09-21,1129.3000,3991.0200,11080.8701
2004-09-22,1113.5601,3942.3501,11019.4102
2004-09-24,1110.1100,3910.3000,10895.1602
2004-09-27,1103.5200,3874.3701,10859.3203
2004-09-28,1110.0601,3882.2700,10815.5703
2004-09-29,1114.8000,3920.3601,10786.0996
2004-09-30,1114.5800,3892.8999,10823.5703
2004-10-01,1131.5000,3994.9600,10985.1699
2004-10-04,1135.1700,4033.2800,11279.6299
2004-10-05,1134.4800,4048.7100,11281.8301
2004-10-06,1142.0500,4049.6599,11385.3799
2004-10-07,1130.6500,4043.3601,11354.5898
2004-10-08,1122.1400,4015.5400,11349.3496
2004-10-12,1121.8400,3966.4800,11201.8096
2004-10-13,1113.6500,3976.0300,11195.9902
2004-10-14,1103.2900,3940.4600,11034.2900
2004-10-15,1108.2000,3922.1101,10982.9502
2004-10-18,1114.0200,3915.1699,10965.6201
2004-10-19,1103.2300,3964.1299,11064.8604
2004-10-20,1103.6600,3912.3999,10882.1797
2004-10-21,1106.4900,3934.0601,10789.2305
2004-10-22,1095.7400,3935.1399,10857.1299
2004-10-25,1094.8000,3854.4099,10659.1504
2004-10-26,1111.0900,3862.2600,10672.4600
2004-10-27,1125.4000,3929.0300,10691.9502
2004-10-28,1127.4399,3959.5901,10853.1201
2004-10-29,1130.2000,3960.2500,10771.4199
2004-11-01,1130.5100,4012.6399,10734.7100
2004-11-02,1130.5601,4037.5701,10887.8096
2004-11-04,1161.6700,4041.3799,10946.2695
2004-11-05,1166.1700,4063.5801,11061.7695
2004-11-08,1164.8900,4068.9700,10983.8301
2004-11-09,1164.0800,4065.3301,10964.8701
2004-11-10,1162.9100,4089.1299,10994.9600
2004-11-11,1173.4800,4130.8101,10846.9199
2004-11-12,1184.1700,4143.3501,11019.9805
2004-11-15,1183.8101,4134.3398,11227.5703
2004-11-16,1175.4301,4117.2202,11161.7500
2004-11-17,1181.9399,4183.4102,11131.2900
2004-11-18,1183.5500,4178.6802,11082.4199
2004-11-19,1170.3400,4134.8901,11082.8398
2004-11-22,1177.2400,4123.9800,10849.3896
2004-11-24,1181.7600,4125.2998,10872.3301
2004-11-26,1182.6500,4154.2700,10833.7500
2004-11-29,1178.5699,4146.9800,10977.8896
2004-11-30,1173.8199,4126.0000,10899.2500
2004-12-01,1191.3700,4186.0298,10784.2500
2004-12-02,1190.3300,4216.3999,10973.0703
2004-12-03,1191.1700,4208.8701,11074.8896
2004-12-06,1190.2500,4193.9102,10981.9600
2004-12-07,1177.0699,4212.6201,10873.6299
2004-12-08,1182.8101,4201.3501,10941.3701
2004-12-09,1189.2400,4150.4102,10776.6299
2004-12-10,1188.0000,4174.5498,10756.7998
2004-12-13,1198.6801,4219.2402,10789.2500
2004-12-14,1203.3800,4231.2998,10915.5801
2004-12-15,1205.7200,4213.6899,10956.4600
2004-12-16,1203.2100,4233.7100,10924.3701
2004-12-17,1194.2000,4182.2700,11078.3203
2004-12-20,1194.6500,4211.5498,11103.4199
2004-12-21,1205.4500,4214.3901,11125.9199
2004-12-22,1209.5699,4241.2798,11209.4404
2004-12-27,1204.9200,4235.3599,11362.3496
2004-12-28,1213.5400,4261.7900,11424.1299
2004-12-29,1213.4500,4247.7500,11381.5596
2004-12-30,1213.5500,4256.0801,11488.7598
2005-01-04,1188.0500,4290.5000,11517.7500
2005-01-05,1183.7400,4258.2402,11437.5195
2005-01-06,1187.8900,4300.9399,11492.2598
2005-01-07,1186.1899,4316.3999,11433.2402
2005-01-11,1182.9900,4258.0098,11539.9902
2005-01-12,1187.7000,4208.8198,11453.3896
2005-01-13,1177.4500,4212.1401,11358.2197
2005-01-14,1184.5200,4232.3599,11438.3896
2005-01-18,1195.9800,4250.7100,11423.2598
2005-01-19,1184.6300,4245.5498,11405.3398
2005-01-20,1175.4100,4220.4302,11284.7695
2005-01-21,1167.8700,4213.7002,11238.3701
2005-01-24,1163.7500,4201.8901,11289.4902
2005-01-25,1168.4100,4233.9502,11276.9102
2005-01-26,1174.0699,4214.1201,11376.5703
2005-01-27,1174.5500,4216.4102,11341.3096
2005-01-28,1171.3600,4201.8101,11320.5801
2005-01-31,1181.2700,4254.8501,11387.5898
2005-02-01,1189.4100,4279.9702,11384.4004
2005-02-02,1193.1899,4296.3101,11407.1396
2005-02-03,1189.8900,4281.6401,11389.3496
2005-02-04,1203.0300,4339.2798,11360.4004
2005-02-07,1201.7200,4366.3501,11499.8604
2005-02-08,1202.3000,4371.3901,11490.4297
2005-02-09,1191.9900,4353.1499,11473.3496
2005-02-10,1197.0100,4342.0098,11553.5596
2005-02-14,1206.1400,4386.3999,11632.2002
2005-02-15,1210.1200,4402.0298,11646.4902
2005-02-16,1210.3400,4368.7700,11601.6797
2005-02-17,1200.7500,4369.6802,11582.7197
2005-02-18,1201.5900,4359.4702,11660.1201
2005-02-22,1184.1600,4323.2100,11597.7100
2005-02-23,1190.8000,4310.6602,11500.1797
2005-02-24,1200.2000,4304.2900,11531.1504
2005-02-25,1211.3700,4348.6401,11658.2500
2005-02-28,1203.6000,4350.4902,11740.5996
2005-03-01,1210.4100,4383.6201,11780.5303
2005-03-02,1210.0800,4393.4302,11813.7100
2005-03-03,1210.4700,4373.2700,11856.4600
2005-03-04,1222.1200,4423.5200,11873.0498
2005-03-07,1225.3101,4428.0898,11925.3604
2005-03-08,1219.4301,4396.5000,11886.9102
2005-03-09,1207.0100,4375.6001,11966.6904
2005-03-10,1209.2500,4337.6802,11864.9102
2005-03-11,1200.0800,4360.4902,11923.8896
2005-03-14,1206.8300,4367.2998,11850.2500
2005-03-15,1197.7500,4387.6899,11821.0898
2005-03-16,1188.0699,4309.1099,11873.1797
2005-03-17,1190.2100,4315.9199,11775.5000
2005-03-18,1189.6500,4327.1802,11879.8096
2005-03-22,1171.7100,4320.6899,11841.9697
2005-03-23,1172.5300,4317.2002,11739.1201
2005-03-24,1171.4200,4343.6001,11745.9697
2005-03-29,1165.3600,4351.8901,11599.8203
2005-03-30,1181.4100,4347.5200,11565.8799
2005-03-31,1180.5900,4348.7700,11668.9502
2005-04-01,1172.9200,4373.5298,11723.6299
2005-04-04,1176.1200,4341.3901,11667.5400
2005-04-05,1181.3900,4362.6099,11774.3096
2005-04-06,1184.0699,4379.1802,11827.1602
2005-04-07,1191.1400,4389.5200,11810.9902
2005-04-08,1181.2000,4400.6802,11874.7500
2005-04-11,1181.2100,4396.0898,11745.6396
2005-04-12,1187.7600,4372.1201,11670.2998
2005-04-13,1173.7900,4405.6899,11637.5195
2005-04-14,1162.0500,4402.0498,11563.1699
2005-04-15,1142.6200,4312.2500,11370.6904
2005-04-18,1145.9800,4202.2002,10938.4404
2005-04-19,1152.7800,4204.6099,11065.8604
2005-04-20,1137.5000,4178.6201,11088.5801
2005-04-21,1159.9500,4193.7002,10984.3896
2005-04-22,1152.1200,4223.0400,11045.9502
2005-04-25,1162.1000,4246.9600,11073.7695
2005-04-26,1151.8300,4233.7598,11035.8301
2005-04-27,1156.3800,4189.0200,11005.4199
2005-04-28,1143.2200,4178.1001,11008.9004
2005-05-02,1162.1600,4224.0200,11002.1104
2005-05-06,1171.3500,4311.0601,11192.1699
2005-05-09,1178.8400,4292.4102,11171.3203
2005-05-10,1166.2200,4251.1299,11159.4600
2005-05-11,1171.1100,4244.1602,11120.7002
2005-05-12,1159.3600,4267.0498,11077.9404
2005-05-13,1154.0500,4275.7002,11049.1104
2005-05-16,1165.6899,4262.1802,10947.2197
2005-05-17,1173.8000,4251.7700,10825.3896
2005-05-18,1185.5601,4324.6001,10835.4102
2005-05-19,1191.0800,4360.4199,11077.1602
2005-05-20,1189.2800,4360.6802,11037.2900
2005-05-23,1193.8600,4406.9502,11158.6504
2005-05-24,1194.0699,4396.6401,11133.6504
2005-05-25,1190.0100,4389.5400,11014.4297
2005-05-26,1197.6200,4436.6001,11027.9404
2005-05-27,1198.7800,4444.7100,11192.3301
2005-05-31,1191.5000,4460.6299,11276.5898
2005-06-01,1202.2200,4527.1699,11329.6699
2005-06-02,1204.2900,4532.1699,11280.0498
2005-06-03,1196.0200,4510.3901,11300.0498
2005-06-06,1197.5100,4497.2598,11270.6201
2005-06-07,1197.2600,4566.0098,11217.4502
2005-06-08,1194.6700,4557.2900,11281.0303
2005-06-09,1200.9301,4562.7500,11160.8799
2005-06-10,1198.1100,4586.1001,11304.2305
2005-06-13,1200.8199,4599.2100,11311.5098
2005-06-14,1203.9100,4591.6899,11335.9199
2005-06-15,1206.5800,4548.4199,11415.8799
2005-06-16,1210.9600,4579.8701,11416.3799
2005-06-17,1216.9600,4604.5698,11514.0303
2005-06-20,1216.1000,4586.8599,11483.3496
2005-06-21,1213.6100,4608.1099,11488.7402
2005-06-22,1213.8800,4619.6001,11547.2803
2005-06-23,1200.7300,4627.4800,11576.7500
2005-06-24,1191.5699,4566.4800,11537.0303
2005-06-27,1190.6899,4523.8198,11414.2803
2005-06-28,1201.5699,4557.4600,11513.8301
2005-06-29,1199.8500,4583.6299,11577.4404
2005-06-30,1191.3300,4586.2798,11584.0098
2005-07-01,1194.4399,4617.0698,11630.1299
2005-07-05,1204.9900,4603.6499,11616.7002
2005-07-06,1194.9399,4615.4902,11603.5303
2005-07-07,1197.8700,4530.1802,11590.1396
2005-07-08,1211.8600,4597.9702,11565.9902
2005-07-11,1219.4399,4663.3799,11674.7900
2005-07-12,1222.2100,4653.0298,11692.1396
2005-07-13,1223.2900,4679.8901,11659.8398
2005-07-14,1226.5000,4699.2700,11764.2598
2005-07-15,1227.9200,4712.8999,11758.6797
2005-07-19,1229.3500,4770.5400,11764.8398
2005-07-20,1235.2000,4784.5000,11789.3496
2005-07-21,1227.0400,4829.8701,11786.7305
2005-07-22,1233.6801,4836.8999,11695.0498
2005-07-25,1229.0300,4842.7002,11762.6504
2005-07-26,1231.1600,4843.4902,11737.9600
2005-07-27,1236.7900,4855.3501,11835.0801
2005-07-28,1243.7200,4892.5000,11858.3096
2005-07-29,1234.1801,4886.5000,11899.5996
2005-08-01,1235.3500,4890.8501,11946.9199
2005-08-02,1244.1200,4932.8701,11940.2002
2005-08-03,1245.0400,4923.1201,11981.7998
2005-08-04,1235.8600,4874.0601,11883.3096
2005-08-05,1226.4200,4827.1802,11766.4805
2005-08-08,1223.1300,4837.8599,11778.9805
2005-08-09,1231.3800,4909.4800,11900.3203
2005-08-10,1229.1300,4990.5698,12098.0801
2005-08-11,1237.8101,4953.9302,12263.3203
2005-08-12,1230.3900,4937.3301,12261.6797
2005-08-15,1233.8700,4922.3398,12256.5498
2005-08-16,1219.3400,4883.8101,12315.6699
2005-08-17,1220.2400,4871.4600,12273.1201
2005-08-18,1219.0200,4851.2700,12307.3701
2005-08-19,1219.7100,4929.9102,12291.7305
2005-08-22,1221.7300,4941.6899,12452.5098
2005-08-23,1217.5900,4917.7402,12472.9297
2005-08-24,1209.5900,4915.9502,12502.2598
2005-08-25,1212.3700,4856.0098,12405.1602
2005-08-26,1205.1000,4783.7998,12439.4805
2005-08-29,1212.2800,4812.2402,12309.8301
2005-08-30,1208.4100,4791.7202,12453.1396
2005-08-31,1220.3300,4829.6899,12413.5996
2005-09-01,1221.5900,4842.9399,12506.9697
2005-09-02,1218.0200,4837.8101,12600.0000
2005-09-06,1233.3900,4968.2798,12599.4297
2005-09-07,1236.3600,4988.1401,12607.5898
2005-09-08,1231.6700,4992.7500,12533.8896
2005-09-09,1241.4800,5005.9302,12692.0400
2005-09-12,1240.5601,4989.9800,12896.4297
2005-09-13,1231.2000,4901.8799,12901.9502
2005-09-14,1227.1600,4911.1699,12834.2500
2005-09-15,1227.7300,4905.9800,12986.7803
2005-09-16,1237.9100,4986.5000,12958.6797
2005-09-20,1221.3400,4962.8599,13148.5703
2005-09-21,1210.2000,4875.2202,13196.5703
2005-09-22,1214.6200,4849.0098,13159.3604
2005-09-26,1215.6300,4998.1602,13392.6299
2005-09-27,1215.6600,4965.8799,13310.0400
2005-09-28,1216.8900,5048.7402,13435.9102
2005-09-29,1227.6801,5021.1699,13617.2402
2005-09-30,1228.8101,5044.1201,13574.2998
2005-10-03,1226.7000,5082.0698,13525.2803
2005-10-04,1214.4700,5138.0200,13738.8398
2005-10-05,1196.3900,5069.4199,13689.8896
2005-10-06,1191.4900,5017.2700,13359.5098
2005-10-07,1195.9000,5007.7700,13227.7402
2005-10-11,1184.8700,5032.4600,13556.7100
2005-10-12,1177.6801,4981.7700,13463.7402
2005-10-13,1176.8400,4950.0698,13449.2402
2005-10-14,1186.5699,4975.5601,13420.5400
2005-10-17,1190.1000,4978.8301,13400.2900
2005-10-18,1178.1400,4947.1802,13352.2402
2005-10-19,1195.7600,4845.9800,13129.4902
2005-10-20,1177.8000,4864.2500,13190.4600
2005-10-21,1179.5900,4838.3999,13199.9502
2005-10-24,1199.3800,4901.7900,13106.1797
2005-10-25,1196.5400,4872.9702,13280.6201
2005-10-26,1191.3800,4900.7900,13395.0195
2005-10-27,1178.9000,4806.0498,13417.0801
2005-10-28,1198.4100,4825.6401,13346.5400
2005-10-31,1207.0100,4929.0698,13606.5000
2005-11-01,1202.7600,4922.5498,13867.8604
2005-11-02,1214.7600,4954.8301,13894.7803
2005-11-04,1220.1400,4995.2402,14075.9600
2005-11-07,1222.8101,5024.2002,14061.5996
2005-11-08,1218.5900,5008.8301,14036.7305
2005-11-09,1220.6500,5011.3799,14072.2002
2005-11-10,1230.9600,5015.5498,14080.8799
2005-11-11,1234.7200,5090.7500,14155.0596
2005-11-14,1233.7600,5092.4302,14116.0400
2005-11-15,1229.0100,5110.6099,14091.7695
2005-11-16,1231.2100,5081.4600,14170.8701
2005-11-17,1242.8000,5099.7202,14411.7900
2005-11-18,1248.2700,5123.5000,14623.1201
2005-11-21,1254.8500,5170.6099,14680.4297
2005-11-22,1261.2300,5174.7202,14708.3203
2005-11-25,1268.2500,5194.2700,14784.2900
2005-11-28,1257.4600,5176.5898,14986.9404
2005-11-29,1257.4800,5199.4800,14927.7002
2005-11-30,1249.4800,5193.3999,14872.1504
2005-12-01,1264.6700,5266.5498,15130.5000
2005-12-02,1265.0800,5307.9902,15421.5996
2005-12-05,1262.0900,5266.8599,15551.3096
2005-12-06,1263.7000,5300.8501,15423.3799
2005-12-07,1257.3700,5266.7500,15484.6602
2005-12-08,1255.8400,5286.7500,15183.3604
2005-12-09,1259.3700,5282.1299,15404.0498
2005-12-12,1260.4301,5301.2100,15738.7002
2005-12-13,1267.4301,5310.2798,15778.8604
2005-12-14,1272.7400,5286.7598,15464.5801
2005-12-15,1270.9399,5295.8198,15254.4404
2005-12-16,1267.3199,5353.6602,15173.0703
2005-12-19,1259.9200,5350.1802,15391.4805
2005-12-20,1259.6200,5356.6001,15641.2598
2005-12-21,1262.7900,5397.2300,15957.5703
2005-12-22,1268.1200,5398.2798,15941.3701
2005-12-27,1256.5400,5444.8398,15969.4004
2005-12-28,1258.1700,5447.1499,16194.6104
2005-12-29,1254.4200,5458.5801,16344.2002
2005-12-30,1248.2900,5408.2598,16111.4297
2006-01-04,1273.4600,5523.6201,16361.5400
2006-01-05,1273.4800,5516.5298,16425.3691
2006-01-06,1285.4500,5536.3198,16428.2109
2006-01-10,1289.6899,5494.7100,16124.3496
2006-01-11,1294.1801,5532.8901,16363.5898
2006-01-12,1286.0601,5542.1299,16445.1895
2006-01-13,1287.6100,5483.0898,16454.9492
2006-01-17,1282.9301,5460.1602,15805.9502
2006-01-18,1277.9301,5395.6099,15341.1797
2006-01-19,1285.0400,5430.8398,15696.2803
2006-01-20,1261.4900,5349.0200,15696.6904
2006-01-23,1263.8199,5348.7202,15360.6504
2006-01-24,1266.8600,5334.2998,15648.8896
2006-01-25,1264.6801,5427.0898,15651.0000
2006-01-26,1273.8300,5548.9102,15891.0195
2006-01-27,1283.7200,5647.4199,16460.6797
2006-01-30,1285.1899,5660.0298,16551.2305
2006-01-31,1280.0800,5674.1499,16649.8203
2006-02-01,1282.4600,5726.5298,16480.0898
2006-02-02,1270.8400,5649.6001,16710.5508
2006-02-03,1264.0300,5657.1201,16659.6406
2006-02-06,1265.0200,5666.7798,16747.7598
2006-02-07,1254.7800,5672.9199,16720.9902
2006-02-08,1265.6500,5666.4102,16272.6797
2006-02-09,1263.7800,5743.6802,16439.6699
2006-02-10,1266.9900,5701.4702,16257.8301
2006-02-13,1262.8600,5756.3301,15877.6602
2006-02-14,1275.5300,5763.3999,16184.8701
2006-02-15,1280.0000,5764.3701,15932.8301
2006-02-16,1289.3800,5789.2500,16043.6699
2006-02-17,1287.2400,5795.4800,15713.4502
2006-02-21,1283.0300,5801.0400,15894.9404
2006-02-22,1292.6700,5862.0601,15781.7803
2006-02-23,1287.7900,5857.8799,16096.0996
2006-02-24,1289.4301,5870.7900,16101.9102
2006-02-27,1294.1200,5915.1499,16192.9502
2006-02-28,1280.6600,5796.0400,16205.4297
2006-03-01,1291.2400,5866.6099,15964.4600
2006-03-02,1289.1400,5783.4902,15909.7598
2006-03-03,1287.2300,5721.4600,15663.3398
2006-03-06,1278.2600,5754.0601,15901.1602
2006-03-07,1275.8800,5739.2798,15726.0195
2006-03-08,1278.4700,5673.3599,15627.4902
2006-03-09,1272.2300,5732.2202,16036.9102
2006-03-10,1281.4200,5804.9199,16115.6299
2006-03-13,1284.1300,5855.1602,16361.5098
2006-03-14,1297.4800,5870.8799,16238.3604
2006-03-15,1303.0200,5898.4800,16319.0400
2006-03-16,1305.3300,5897.7900,16096.2100
2006-03-17,1307.2500,5882.3799,16339.7305
2006-03-20,1305.0800,5902.7900,16624.8008
2006-03-22,1305.0400,5932.3101,16495.4805
2006-03-23,1301.6700,5947.1099,16489.3691
2006-03-24,1302.9500,5973.1401,16560.8691
2006-03-27,1301.6100,5912.2598,16650.0996
2006-03-28,1293.2300,5890.6299,16690.2402
2006-03-29,1302.8900,5914.7798,16938.4102
2006-03-30,1300.2500,5984.1899,17045.3398
2006-03-31,1294.8700,5970.0801,17059.6602
2006-04-03,1297.8101,6024.0498,17333.3105
2006-04-04,1305.9301,6013.8501,17292.9102
2006-04-05,1311.5601,6029.2002,17243.9805
2006-04-06,1309.0400,6031.3901,17489.3301
2006-04-07,1295.5000,5952.9199,17563.3691
2006-04-10,1296.6200,6003.3999,17456.5801
2006-04-11,1286.5699,5908.4702,17418.1309
2006-04-12,1288.1200,5901.2500,17162.5508
2006-04-13,1289.1200,5918.5698,17199.1504
2006-04-18,1307.2800,5902.5801,17232.8594
2006-04-19,1309.9301,5993.7598,17350.1191
2006-04-20,1311.4600,6063.2798,17317.5293
2006-04-21,1311.2800,6094.7500,17403.9609
2006-04-24,1308.1100,6079.0898,16914.4004
2006-04-25,1301.7400,6078.7998,16970.2891
2006-04-26,1305.4100,6107.1201,17055.9297
2006-04-27,1309.7200,6067.7402,17114.5391
2006-04-28,1310.6100,6009.8901,16906.2305
2006-05-02,1313.2100,6051.2900,17153.7695
2006-05-08,1324.6600,6127.9800,17291.6699
2006-05-09,1325.1400,6140.7202,17190.9102
2006-05-10,1322.8500,6118.3799,16951.9297
2006-05-11,1305.9200,6054.7202,16862.1406
2006-05-12,1291.2400,5916.2798,16601.7793
2006-05-15,1294.5000,5857.0298,16486.9102
2006-05-16,1292.0800,5851.9199,16158.4199
2006-05-17,1270.3199,5652.7202,16307.6699
2006-05-18,1261.8101,5666.0698,16087.1797
2006-05-19,1267.0300,5672.2798,16155.4502
2006-05-22,1262.0699,5546.2402,15857.8701
2006-05-23,1256.5800,5678.4902,15599.2002
2006-05-24,1258.5699,5587.2300,15907.2002
2006-05-25,1272.8800,5706.0601,15693.7500
2006-05-26,1280.1600,5788.3599,15970.7598
2006-05-30,1259.8700,5622.4302,15859.4502
2006-05-31,1270.0900,5692.8599,15467.3301
2006-06-01,1285.7100,5707.5898,15503.7402
2006-06-02,1288.2200,5687.0400,15789.3096
2006-06-05,1265.2900,5621.1899,15668.3096
2006-06-06,1263.8500,5502.8101,15384.8604
2006-06-07,1256.1500,5543.9302,15096.0098
2006-06-08,1257.9301,5383.2798,14633.0303
2006-06-09,1252.3000,5464.0801,14750.8398
2006-06-12,1237.4399,5395.5498,14833.0098
2006-06-13,1223.6899,5292.1401,14218.5996
2006-06-14,1230.0400,5305.9902,14309.5596
2006-06-15,1256.1600,5422.2202,14470.7598
2006-06-16,1251.5400,5376.0098,14879.3398
2006-06-19,1240.1300,5439.2300,14860.3496
2006-06-20,1240.1200,5493.6099,14648.4102
2006-06-21,1252.2000,5503.4102,14644.2598
2006-06-22,1245.6000,5533.4199,15135.6904
2006-06-23,1244.5000,5529.7402,15124.0400
2006-06-26,1250.5601,5514.6299,15152.4004
2006-06-27,1239.2000,5459.1499,15171.8096
2006-06-28,1246.0000,5456.8701,14886.1104
2006-06-29,1272.8700,5581.6699,15121.1504
2006-06-30,1270.2000,5683.3101,15505.1797
2006-07-03,1280.1899,5712.6899,15571.6201
2006-07-05,1270.9100,5625.6299,15523.9404
2006-07-06,1274.0800,5695.4702,15321.4004
2006-07-07,1265.4800,5681.8501,15307.6104
2006-07-10,1267.3400,5706.3198,15552.8096
2006-07-11,1272.4301,5616.0400,15473.8203
2006-07-12,1258.6000,5637.8198,15249.3203
2006-07-13,1242.2800,5527.2900,15097.9502
2006-07-14,1236.2000,5422.2202,14845.2402
2006-07-18,1236.8600,5396.8501,14437.2402
2006-07-19,1259.8101,5539.2900,14500.2598
2006-07-20,1249.1300,5545.8198,14946.8398
2006-07-21,1240.2900,5451.0098,14821.2598
2006-07-24,1260.9100,5578.0498,14794.5000
2006-07-25,1268.8800,5565.7598,15005.2402
2006-07-26,1268.4000,5583.1001,14884.0703
2006-07-27,1263.2000,5659.0698,15179.7803
2006-07-28,1278.5500,5705.4199,15342.8701
2006-07-31,1276.6600,5681.9702,15456.8096
2006-08-01,1270.9200,5596.7402,15440.9102
2006-08-02,1277.4100,5680.8198,15464.2900
2006-08-03,1280.2700,5640.0298,15470.3701
2006-08-04,1279.3600,5723.0298,15499.1797
2006-08-07,1275.7700,5626.6699,15154.0596
2006-08-08,1271.4800,5651.9199,15464.6602
2006-08-09,1265.9500,5702.8101,15656.5898
2006-08-10,1271.8101,5630.9600,15630.9102
2006-08-11,1266.7400,5628.3701,15565.0195
2006-08-14,1268.2100,5692.0000,15857.1104
2006-08-15,1285.5800,5776.7998,15816.1904
2006-08-16,1295.4301,5812.9399,16071.3604
2006-08-17,1297.4800,5833.5098,16020.8398
2006-08-18,1302.3000,5817.0200,16105.9805
2006-08-21,1297.5200,5794.8301,15969.0400
2006-08-22,1298.8199,5818.4102,16181.1699
2006-08-23,1292.9900,5775.5400,16163.0303
2006-08-24,1296.0601,5814.0801,15960.6201
2006-08-25,1295.0900,5811.4702,15938.6602
2006-08-28,1301.7800,5854.9902,15762.5898
2006-08-29,1304.2800,5847.0200,15890.5596
2006-08-30,1305.3700,5867.5298,15872.0195
2006-08-31,1303.8199,5859.5698,16140.7598
2006-09-01,1311.0100,5876.5400,16134.2500
2006-09-05,1313.2500,5884.0698,16385.9609
2006-09-06,1300.2600,5813.0601,16284.0898
2006-09-07,1294.0200,5773.7202,16012.4102
2006-09-08,1298.9200,5795.2598,16080.4600
2006-09-11,1299.5400,5798.4600,15794.3799
2006-09-12,1313.0000,5873.8501,15719.3398
2006-09-13,1318.0699,5906.1201,15750.0498
2006-09-14,1316.2800,5907.3701,15942.3896
2006-09-15,1319.6600,5937.8701,15866.9297
2006-09-19,1317.6400,5873.4600,15874.2803
2006-09-20,1325.1801,5954.3799,15718.6699
2006-09-21,1318.0300,5962.0298,15834.2305
2006-09-22,1314.7800,5883.3198,15634.6699
2006-09-25,1326.3700,5901.6602,15633.8096
2006-09-26,1336.3500,5960.6299,15557.4502
2006-09-27,1336.5900,5989.7100,15947.8701
2006-09-28,1338.8800,5989.1602,16024.8496
2006-09-29,1335.8500,6004.3301,16127.5801
2006-10-02,1331.3199,5999.4600,16254.2900
2006-10-03,1334.1100,5992.2202,16242.0898
2006-10-04,1350.2000,6046.3701,16082.5498
2006-10-05,1353.2200,6075.2798,16449.3301
2006-10-06,1349.5900,6085.8198,16436.0605
2006-10-10,1353.4200,6117.7100,16477.2500
2006-10-11,1349.9500,6119.4502,16400.5703
2006-10-12,1362.8300,6160.2798,16368.8096
2006-10-13,1365.6200,6173.6802,16536.5391
2006-10-16,1369.0601,6186.5400,16692.7598
2006-10-17,1364.0500,6115.1001,16611.5898
2006-10-18,1365.8000,6182.7798,16653.0000
2006-10-19,1366.9600,6177.4199,16551.3594
2006-10-20,1368.6000,6202.8198,16651.6309
2006-10-23,1377.0200,6242.9102,16788.8203
2006-10-24,1377.3800,6247.5200,16780.4707
2006-10-25,1382.2200,6264.9199,16699.3008
2006-10-26,1389.0800,6284.1899,16811.5996
2006-10-27,1377.3400,6262.5400,16669.0703
2006-10-30,1377.9301,6258.1899,16351.8496
2006-10-31,1377.9399,6268.9199,16399.3906
2006-11-01,1367.8101,6291.8999,16375.2598
2006-11-02,1367.3400,6223.3301,16350.0195
2006-11-06,1379.7800,6330.6499,16364.7598
2006-11-07,1382.8400,6361.9600,16393.4102
2006-11-08,1385.7200,6349.2598,16215.7402
2006-11-09,1378.3300,6358.6802,16198.5703
2006-11-10,1380.9000,6357.7700,16112.4297
2006-11-13,1384.4200,6393.7300,16022.4902
2006-11-14,1393.2200,6387.3799,16289.5498
2006-11-15,1396.5699,6430.8901,16243.4697
2006-11-16,1399.7600,6443.0200,16163.8701
2006-11-17,1401.2000,6412.3599,16091.7305
2006-11-20,1400.5000,6452.3301,15725.9404
2006-11-21,1402.8101,6460.3901,15734.1396
2006-11-22,1406.0900,6476.1299,15914.2305
2006-11-24,1400.9500,6411.9600,15734.5996
2006-11-27,1381.9600,6298.1699,15885.3799
2006-11-28,1386.7200,6281.6802,15855.2598
2006-11-29,1399.4800,6363.7998,16076.2002
2006-11-30,1400.6300,6309.1899,16274.3301
2006-12-01,1396.7100,6241.1299,16321.7803
2006-12-04,1409.1200,6295.2300,16303.5898
2006-12-05,1414.7600,6372.7998,16265.7598
2006-12-06,1412.9000,6369.5098,16371.2803
2006-12-07,1407.2900,6413.0298,16473.3594
2006-12-08,1409.8400,6427.4102,16417.8203
2006-12-11,1413.0400,6469.4199,16527.9902
2006-12-12,1411.5601,6476.1699,16637.7793
2006-12-13,1413.2100,6520.7700,16692.9297
2006-12-14,1425.4900,6552.5801,16829.1992
2006-12-15,1427.0900,6588.8301,16914.3105
2006-12-18,1422.4800,6597.2500,16962.1094
2006-12-19,1425.5500,6553.5098,16776.8809
2006-12-20,1423.5300,6586.9102,17011.0391
2006-12-21,1418.3000,6573.9600,17047.8301
2006-12-22,1410.7600,6503.1299,17104.9609
2006-12-27,1426.8400,6608.8599,17223.1504
2006-12-28,1424.7300,6611.8101,17224.8105
2006-12-29,1418.3000,6596.9199,17225.8301
2007-01-04,1418.3400,6674.3999,17353.6699
2007-01-05,1409.7100,6593.0898,17091.5898
2007-01-09,1412.1100,6614.3701,17237.7695
2007-01-10,1414.8500,6566.5601,16942.4004
2007-01-11,1423.8199,6687.2998,16838.1699
2007-01-12,1430.7300,6705.1699,17057.0098
2007-01-16,1431.9000,6716.8198,17202.4609
2007-01-17,1430.6200,6701.7002,17261.3496
2007-01-18,1426.3700,6689.6201,17370.9297
2007-01-19,1430.5000,6747.1699,17310.4395
2007-01-22,1422.9500,6687.3101,17424.1797
2007-01-23,1427.9900,6678.9302,17408.5703
2007-01-24,1440.1300,6748.3701,17507.4004
2007-01-25,1423.9000,6719.5801,17458.3008
2007-01-26,1422.1801,6690.3398,17421.9297
2007-01-29,1420.6200,6726.0098,17470.4609
2007-01-30,1428.8199,6788.2300,17490.1895
2007-01-31,1438.2400,6789.1099,17383.4199
2007-02-01,1445.9399,6851.2798,17519.5000
2007-02-02,1448.3900,6885.7598,17547.1094
2007-02-05,1446.9900,6874.0601,17344.8008
2007-02-06,1448.0000,6875.7002,17406.8594
2007-02-07,1450.0200,6915.5601,17292.3203
2007-02-08,1448.3101,6876.7300,17292.4805
2007-02-09,1438.0601,6911.1099,17504.3301
2007-02-13,1444.2600,6895.3398,17621.4492
2007-02-14,1455.3000,6961.1802,17752.6406
2007-02-15,1456.8101,6958.6201,17897.2305
2007-02-16,1455.5400,6957.0698,17875.6504
2007-02-20,1459.6801,6982.9102,17939.1191
2007-02-21,1457.6300,6941.6602,17913.2109
2007-02-22,1456.3800,6973.7300,18108.7891
2007-02-23,1451.1899,6992.5801,18188.4199
2007-02-26,1449.3700,7027.5898,18215.3496
2007-02-27,1399.0400,6819.6499,18119.9199
2007-02-28,1406.8199,6715.4399,17604.1191
2007-03-01,1403.1700,6640.2402,17453.5098
2007-03-02,1387.1700,6603.3198,17217.9297
2007-03-05,1374.1200,6534.5698,16642.2500
2007-03-06,1395.4100,6595.0000,16844.5000
2007-03-07,1391.9700,6617.7500,16764.6191
2007-03-08,1401.8900,6713.2300,17090.3105
2007-03-09,1402.8400,6716.5200,17164.0391
2007-03-12,1406.6000,6715.4902,17292.3906
2007-03-13,1377.9500,6623.9902,17178.8398
2007-03-14,1387.1700,6447.7002,16676.8906
2007-03-15,1392.2800,6585.4702,16860.3906
2007-03-16,1386.9500,6579.8701,16744.1504
2007-03-19,1402.0601,6671.4102,17009.5508
2007-03-20,1410.9399,6700.2900,17163.1992
2007-03-22,1434.5400,6856.9600,17419.1992
2007-03-23,1436.1100,6899.0601,17480.6094
2007-03-26,1437.5000,6828.8198,17521.9609
2007-03-27,1428.6100,6858.3398,17365.0508
2007-03-28,1417.2300,6816.8901,17254.7305
2007-03-29,1422.5300,6897.0801,17263.9395
2007-03-30,1420.8600,6917.0298,17287.6504
2007-04-02,1424.5500,6937.1699,17028.4102
2007-04-03,1437.7700,7045.5601,17244.0508
2007-04-04,1439.3700,7073.9102,17544.0898
2007-04-05,1443.7600,7099.9102,17491.4199
2007-04-10,1448.3900,7166.6699,17664.6895
2007-04-11,1438.8700,7152.8301,17670.0703
2007-04-12,1447.8000,7142.9502,17540.4199
2007-04-13,1452.8500,7212.0698,17363.9492
2007-04-16,1468.3300,7338.0601,17628.3008
2007-04-17,1471.4800,7348.8301,17527.4492
2007-04-18,1472.5000,7282.3398,17667.3301
2007-04-19,1470.7300,7242.7300,17371.9707
2007-04-20,1484.3500,7342.5400,17452.6191
2007-04-23,1480.9301,7335.6201,17455.3691
2007-04-24,1480.4100,7270.3198,17451.7695
2007-04-25,1495.4200,7343.0801,17236.1602
2007-04-26,1494.2500,7387.0200,17429.1699
2007-04-27,1494.0699,7378.1201,17400.4102
2007-05-02,1495.9200,7455.9302,17394.9199
2007-05-07,1509.4800,7525.6899,17669.8301
2007-05-08,1507.7200,7442.2002,17656.8398
2007-05-09,1512.5800,7475.9902,17748.1191
2007-05-10,1491.4700,7415.3301,17736.9609
2007-05-11,1505.8500,7479.3398,17553.7207
2007-05-14,1503.1500,7459.6099,17677.9395
2007-05-15,1501.1899,7505.3501,17512.9805
2007-05-16,1514.1400,7481.2500,17529.0000
2007-05-17,1512.7500,7499.5000,17498.5996
2007-05-18,1522.7500,7607.5400,17399.5801
2007-05-21,1525.1000,7619.3101,17556.8691
2007-05-22,1524.1200,7659.3901,17680.0508
2007-05-23,1522.2800,7735.8799,17705.1191
2007-05-24,1507.5100,7697.3799,17696.9707
2007-05-25,1515.7300,7739.2002,17481.2109
2007-05-29,1518.1100,7781.0400,17672.5605
2007-05-30,1530.2300,7764.9702,17588.2598
2007-05-31,1530.6200,7883.0400,17875.7500
2007-06-01,1536.3400,7987.8501,17958.8809
2007-06-04,1539.1801,7976.7900,17973.4199
2007-06-05,1530.9500,7919.8301,18053.8105
2007-06-06,1517.3800,7730.0498,18040.9297
2007-06-07,1490.7200,7618.6099,18053.3809
2007-06-08,1507.6700,7590.5000,17779.0898
2007-06-11,1509.1200,7706.1001,17834.4805
2007-06-12,1493.0000,7678.2598,17760.9102
2007-06-13,1515.6700,7680.7598,17732.7695
2007-06-14,1522.9700,7849.1602,17842.2891
2007-06-15,1532.9100,8030.6401,17971.4902
2007-06-18,1531.0500,8036.1201,18149.5195
2007-06-19,1533.7000,8033.5200,18163.6094
2007-06-20,1512.8400,8090.4902,18211.6797
2007-06-21,1522.1899,7964.7100,18240.3008
2007-06-22,1502.5601,7949.6299,18188.6309
2007-06-25,1497.7400,7930.6099,18087.4805
2007-06-26,1492.8900,7860.5200,18066.1094
2007-06-27,1506.3400,7801.2300,17849.2793
2007-06-28,1505.7100,7921.3599,17932.2695
2007-06-29,1503.3500,8007.3198,18138.3594
2007-07-02,1519.4301,7958.2402,18146.3008
2007-07-03,1524.8700,8050.6802,18149.9004
2007-07-05,1525.4000,7987.1299,18221.4805
2007-07-06,1530.4399,8048.3198,18140.9395
2007-07-09,1531.8500,8077.3901,18261.9805
2007-07-10,1510.1200,7964.7598,18252.6699
2007-07-11,1518.7600,7898.5400,18049.5098
2007-07-12,1547.7000,8053.4302,17984.1406
2007-07-13,1552.5000,8092.7700,18238.9492
2007-07-17,1549.3700,8038.2100,18217.2695
2007-07-18,1546.1700,7893.6099,18015.5801
2007-07-19,1553.0800,7991.2100,18116.5703
2007-07-20,1534.1000,7874.8501,18157.9297
2007-07-23,1541.5699,7944.2100,17963.6406
2007-07-24,1511.0400,7806.7900,18002.0293
2007-07-25,1518.0900,7692.5498,17858.4199
2007-07-26,1482.6600,7508.9600,17702.0898
2007-07-27,1458.9500,7451.6802,17283.8105
2007-07-30,1473.9100,7456.3101,17289.3008
2007-07-31,1455.2700,7584.1401,17248.8906
2007-08-01,1465.8101,7473.9302,16870.9805
2007-08-02,1472.2000,7534.1299,16984.1094
2007-08-03,1433.0601,7435.6699,16979.8594
2007-08-06,1467.6700,7444.4502,16914.4609
2007-08-07,1476.7100,7513.6602,16921.7695
2007-08-08,1497.4900,7605.9399,17029.2793
2007-08-09,1453.0900,7453.5898,17170.5996
2007-08-10,1453.6400,7343.2598,16764.0898
2007-08-13,1452.9200,7474.3301,16800.0508
2007-08-14,1426.5400,7425.0698,16844.6094
2007-08-15,1406.7000,7445.8999,16475.6094
2007-08-16,1411.2700,7270.0698,16148.4902
2007-08-17,1445.9399,7378.2900,15273.6797
2007-08-20,1445.5500,7407.5298,15732.4805
2007-08-21,1447.1200,7424.7500,15901.3398
2007-08-22,1464.0699,7500.4800,15900.6396
2007-08-23,1462.5000,7511.9600,16316.3203
2007-08-24,1479.3700,7507.2700,16248.9697
2007-08-27,1466.7900,7485.9902,16301.3896
2007-08-28,1432.3600,7430.2402,16287.4902
2007-08-29,1463.7600,7439.1802,16012.8301
2007-08-30,1457.6400,7519.9399,16153.8203
2007-08-31,1473.9900,7638.1699,16569.0898
2007-09-04,1489.4200,7721.7700,16420.4707
2007-09-05,1472.2900,7588.0298,16158.4502
2007-09-06,1478.5500,7621.7202,16257.0000
2007-09-07,1453.5500,7436.6299,16122.1602
2007-09-10,1451.7000,7375.4399,15764.9697
2007-09-11,1471.4900,7457.8999,15877.6699
2007-09-12,1471.5601,7472.9902,15797.5996
2007-09-13,1483.9500,7535.9702,15821.1904
2007-09-14,1484.2500,7497.7402,16127.4199
2007-09-18,1519.7800,7575.2100,15801.7998
2007-09-19,1529.0300,7750.8398,16381.5400
2007-09-20,1518.7500,7735.0898,16413.7891
2007-09-21,1525.7500,7794.4302,16312.6104
2007-09-25,1517.2100,7769.4399,16401.7305
2007-09-26,1525.4200,7804.1499,16435.7402
2007-09-27,1531.3800,7853.7900,16832.2207
2007-09-28,1526.7500,7861.5098,16785.6895
2007-10-01,1547.0400,7922.4199,16845.9609
2007-10-02,1546.6300,7946.7900,17046.7793
2007-10-03,1539.5900,7955.2998,17199.8906
2007-10-04,1542.8400,7944.9902,17092.4902
2007-10-05,1557.5900,8002.1802,17065.0391
2007-10-09,1565.1500,7980.4399,17159.9004
2007-10-10,1562.4700,7986.5698,17177.8906
2007-10-11,1554.4100,8033.6899,17458.9805
2007-10-12,1561.8000,8041.2598,17331.1699
2007-10-15,1548.7100,7969.4702,17358.1504
2007-10-16,1538.5300,7962.6401,17137.9199
2007-10-17,1541.2400,7985.4102,16955.3105
2007-10-18,1540.0800,7921.3999,17106.0898
2007-10-19,1500.6300,7884.1201,16814.3691
2007-10-22,1506.3300,7794.9399,16438.4707
2007-10-23,1519.5900,7842.7900,16450.5801
2007-10-24,1515.8800,7828.9600,16358.3896
2007-10-25,1514.4000,7932.4399,16284.1699
2007-10-26,1535.2800,7949.1699,16505.6309
2007-10-29,1540.9800,8009.6699,16698.0801
2007-10-30,1531.0200,7977.9399,16651.0098
2007-10-31,1549.3800,8019.2202,16737.6309
2007-11-01,1508.4399,7880.8501,16870.4004
2007-11-02,1509.6500,7849.4902,16517.4805
2007-11-05,1502.1700,7807.5498,16268.9199
2007-11-06,1520.2700,7827.1899,16249.6299
2007-11-07,1475.6200,7799.6201,16096.6797
2007-11-08,1474.7700,7819.4702,15771.5703
2007-11-09,1453.7000,7812.3999,15583.4199
2007-11-12,1439.1801,7806.8398,15197.0898
2007-11-13,1481.0500,7777.5601,15126.6299
2007-11-14,1470.5800,7783.1099,15499.5596
2007-11-15,1451.1500,7667.0298,15396.2998
2007-11-16,1458.7400,7612.2598,15154.6104
2007-11-19,1433.2700,7511.9702,15042.5596
2007-11-20,1439.7000,7630.3101,15211.5195
2007-11-21,1416.7700,7518.4199,14837.6602
2007-11-26,1407.2200,7567.3599,15135.2100
2007-11-27,1428.2300,7531.3501,15222.8496
2007-11-28,1469.0200,7723.6602,15153.7803
2007-11-29,1469.7200,7765.1899,15513.7402
2007-11-30,1481.1400,7870.5200,15680.6699
2007-12-03,1472.4200,7837.2598,15628.9697
2007-12-04,1462.7900,7808.9399,15480.1904
2007-12-05,1485.0100,7944.7700,15608.8799
2007-12-06,1507.3400,7940.5801,15874.0801
2007-12-07,1504.6600,7994.0698,15956.3701
2007-12-10,1515.9600,8033.3599,15924.3896
2007-12-11,1477.6500,8009.4199,16044.7197
2007-12-12,1486.5900,8076.1201,15932.2598
2007-12-13,1488.4100,7928.3101,15536.5195
2007-12-14,1467.9500,7948.3599,15514.5098
2007-12-17,1445.9000,7825.4399,15249.7900
2007-12-18,1454.9800,7850.7402,15207.8604
2007-12-19,1453.0000,7837.3198,15030.5098
2007-12-20,1460.1200,7869.1899,15031.5996
2007-12-21,1484.4600,8002.6699,15257.0000
2007-12-27,1476.2700,8038.6001,15564.6904
2007-12-28,1478.4900,8067.3198,15307.7803
2008-01-04,1411.6300,7808.6899,14691.4102
2008-01-07,1416.1801,7817.1699,14500.5498
2008-01-08,1390.1899,7849.9902,14528.6699
2008-01-09,1409.1300,7782.7100,14599.1602
2008-01-10,1420.3300,7713.0898,14388.1104
2008-01-11,1401.0200,7717.9502,14110.7900
2008-01-15,1380.9500,7566.3799,13972.6299
2008-01-16,1373.2000,7471.5698,13504.5098
2008-01-17,1333.2500,7413.5298,13783.4502
2008-01-18,1325.1899,7314.1699,13861.2900
2008-01-22,1310.5000,6769.4702,12573.0498
2008-01-23,1338.6000,6439.2100,12829.0596
2008-01-24,1352.0699,6821.0698,13092.7803
2008-01-25,1330.6100,6816.7402,13629.1602
2008-01-28,1353.9600,6818.8501,13087.9102
2008-01-29,1362.3000,6892.9600,13478.8604
2008-01-30,1355.8101,6875.3501,13345.0303
2008-01-31,1378.5500,6851.7500,13592.4697
2008-02-01,1395.4200,6968.6699,13497.1602
2008-02-04,1380.8199,7000.4902,13859.7002
2008-02-05,1336.6400,6765.2500,13745.5000
2008-02-06,1326.4500,6847.5098,13099.2402
2008-02-07,1336.9100,6733.7202,13207.1504
2008-02-08,1331.2900,6767.2798,13017.2402
2008-02-12,1348.8600,6967.8398,13021.9600
2008-02-13,1367.2100,6973.6699,13068.2998
2008-02-14,1348.8600,6962.2798,13626.4502
2008-02-15,1349.9900,6832.4302,13622.5596
2008-02-19,1348.7800,7002.2900,13757.9102
2008-02-20,1360.0300,6899.6802,13310.3701
2008-02-21,1342.5300,6904.8501,13688.2803
2008-02-22,1353.1100,6806.2900,13500.4600
2008-02-25,1371.8000,6882.5601,13914.5703
2008-02-26,1381.2900,6985.9702,13824.7197
2008-02-27,1380.0200,6997.8501,14031.2998
2008-02-28,1367.6801,6862.5200,13925.5098
2008-02-29,1330.6300,6748.1299,13603.0195
2008-03-03,1331.3400,6689.9502,12992.1797
2008-03-04,1326.7500,6545.0400,12992.2803
2008-03-05,1333.7000,6683.7100,12972.0596
2008-03-06,1304.3400,6591.3101,13215.4199
2008-03-07,1293.3700,6513.9902,12782.7998
2008-03-10,1273.3700,6448.0801,12532.1299
2008-03-11,1320.6500,6524.5698,12658.2803
2008-03-12,1308.7700,6599.3701,12861.1299
2008-03-13,1315.4800,6500.5601,12433.4404
2008-03-14,1288.1400,6451.8999,12241.5996
2008-03-17,1276.6000,6182.2998,11787.5098
2008-03-18,1330.7400,6393.3901,11964.1602
2008-03-19,1298.4200,6361.2202,12260.4404
2008-03-25,1352.9900,6524.7100,12745.2197
2008-03-26,1341.1300,6489.2598,12706.6299
2008-03-27,1325.7600,6578.0601,12604.5801
2008-03-28,1315.2200,6559.8999,12820.4697
2008-03-31,1322.7000,6534.9702,12525.5400
2008-04-01,1370.1801,6720.3301,12656.4199
2008-04-02,1367.5300,6777.4399,13189.3604
2008-04-03,1369.3101,6741.7202,13389.9004
2008-04-04,1370.4000,6763.3901,13293.2197
2008-04-07,1372.5400,6821.0298,13450.2305
2008-04-08,1365.5400,6771.9800,13250.4297
2008-04-09,1354.4900,6721.3599,13111.8896
2008-04-10,1360.5500,6704.3198,12945.2998
2008-04-11,1332.8300,6603.5698,13323.7305
2008-04-14,1328.3199,6554.4902,12917.5098
2008-04-15,1334.4301,6585.0498,12990.5801
2008-04-16,1364.7100,6702.8398,13146.1299
2008-04-17,1365.5601,6681.8101,13398.2998
2008-04-18,1390.3300,6843.0801,13476.4502
2008-04-21,1388.1700,6786.5498,13696.5498
2008-04-22,1375.9399,6728.2998,13547.8203
2008-04-23,1379.9301,6795.0298,13579.1602
2008-04-24,1388.8199,6821.3198,13540.8701
2008-04-25,1397.8400,6896.5801,13863.4697
2008-04-28,1396.3700,6925.3301,13894.3701
2008-04-30,1385.5900,6948.8198,13849.9902
2008-05-02,1413.9000,7043.2300,14049.2598
2008-05-07,1392.5699,7076.2500,14102.4805
2008-05-08,1397.6801,7071.8999,13943.2598
2008-05-09,1388.2800,7003.1699,13655.3398
2008-05-12,1403.5800,7035.9502,13743.3604
2008-05-13,1403.0400,7060.1899,13953.7305
2008-05-14,1408.6600,7083.2402,14118.5498
2008-05-15,1423.5699,7081.0498,14251.7402
2008-05-16,1425.3500,7156.5498,14219.4805
2008-05-19,1426.6300,7225.9399,14269.6104
2008-05-20,1413.4000,7118.5000,14160.0898
2008-05-21,1390.7100,7040.8301,13926.2998
2008-05-22,1394.3500,7070.3301,13978.4600
2008-05-23,1375.9301,6944.0498,14012.2002
2008-05-27,1385.3500,6958.6602,13893.3096
2008-05-28,1390.8400,7033.8398,13709.4404
2008-05-29,1398.2600,7055.0298,14124.4697
2008-05-30,1400.3800,7096.7900,14338.5400
2008-06-02,1385.6700,7008.7700,14440.1396
2008-06-03,1377.6500,7019.1299,14209.1699
2008-06-04,1377.2000,6965.4302,14435.5703
2008-06-05,1404.0500,6941.8301,14341.1201
2008-06-06,1360.6801,6803.8101,14489.4404
2008-06-09,1361.7600,6815.6299,14181.3799
2008-06-10,1358.4399,6771.1001,14021.1699
2008-06-11,1335.4900,6650.2598,14183.4805
2008-06-12,1339.8700,6714.5200,13888.5996
2008-06-13,1360.0300,6765.3198,13973.7305
2008-06-16,1360.1400,6729.8799,14354.3701
2008-06-17,1350.9301,6796.1602,14348.3701
2008-06-18,1337.8101,6728.9102,14452.8203
2008-06-19,1342.8300,6721.1699,14130.1699
2008-06-20,1317.9301,6578.4399,13942.0801
2008-06-23,1318.0000,6589.4600,13857.4697
2008-06-24,1314.2900,6536.0601,13849.5596
2008-06-25,1321.9700,6617.8398,13829.9199
2008-06-26,1283.1500,6459.6001,13822.3203
2008-06-27,1278.3800,6421.9102,13544.3604
2008-06-30,1280.0000,6418.3198,13481.3799
2008-07-01,1284.9100,6315.9399,13463.2002
2008-07-02,1261.5200,6305.4199,13286.3701
2008-07-03,1262.9000,6353.7402,13265.4004
2008-07-07,1252.3101,6395.7500,13360.0400
2008-07-08,1273.7000,6304.4102,13033.0996
2008-07-09,1244.6899,6386.4600,13052.1299
2008-07-10,1253.3900,6305.0000,13067.2100
2008-07-11,1239.4900,6153.2998,13039.6904
2008-07-14,1228.3000,6200.2500,13010.1602
2008-07-15,1214.9100,6081.7002,12754.5596
2008-07-16,1245.3600,6155.3701,12760.7998
2008-07-17,1260.3199,6271.2700,12887.9502
2008-07-18,1260.6801,6382.6499,12803.7002
2008-07-22,1277.0000,6442.7900,13184.9600
2008-07-23,1282.1899,6536.0898,13312.9297
2008-07-24,1252.5400,6440.7002,13603.3096
2008-07-25,1257.7600,6436.7100,13334.7598
2008-07-28,1234.3700,6351.1499,13353.7803
2008-07-29,1263.2000,6398.7998,13159.4502
2008-07-30,1284.2600,6460.1201,13367.7900
2008-07-31,1267.3800,6479.5601,13376.8096
2008-08-01,1260.3101,6396.4600,13094.5898
2008-08-04,1249.0100,6349.8101,12933.1797
2008-08-05,1284.8800,6518.7002,12914.6602
2008-08-06,1289.1899,6561.3901,13254.8896
2008-08-07,1266.0699,6543.4902,13124.9902
2008-08-08,1296.3199,6561.6499,13168.4102
2008-08-11,1305.3199,6609.6299,13430.9102
2008-08-12,1289.5900,6585.8701,13303.5996
2008-08-13,1285.8300,6422.1899,13023.0498
2008-08-14,1292.9301,6442.2100,12956.7998
2008-08-15,1298.2000,6446.0200,13019.4102
2008-08-18,1278.6000,6432.8799,13165.4502
2008-08-19,1266.6899,6282.4302,12865.0498
2008-08-20,1274.5400,6317.7998,12851.6904
2008-08-21,1277.7200,6236.9600,12752.2100
2008-08-22,1292.2000,6342.4199,12666.0400
2008-08-25,1266.8400,6296.9502,12878.6602
2008-08-26,1271.5100,6340.5200,12778.7100
2008-08-27,1281.6600,6321.0298,12752.9600
2008-08-28,1300.6801,6420.5400,12768.2500
2008-08-29,1282.8300,6422.2998,13072.8701
2008-09-02,1277.5800,6518.4702,12609.4697
2008-09-03,1274.9800,6467.4902,12689.5898
2008-09-04,1236.8300,6279.5698,12557.6602
2008-09-05,1242.3101,6127.4399,12212.2305
2008-09-08,1267.7900,6263.7402,12624.4600
2008-09-09,1224.5100,6233.4102,12400.6504
2008-09-10,1232.0400,6210.3198,12346.6299
2008-09-11,1249.0500,6178.8999,12102.5000
2008-09-12,1251.7000,6234.8901,12214.7598
2008-09-16,1213.6000,5965.1699,11609.7197
2008-09-17,1156.3900,5860.9800,11749.7900
2008-09-18,1206.5100,5863.4199,11489.2998
2008-09-19,1255.0800,6189.5298,11920.8604
2008-09-22,1207.0900,6107.7500,12090.5898
2008-09-24,1185.8700,6052.8701,12115.0303
2008-09-25,1209.1801,6173.0298,12006.5303
2008-09-26,1213.2700,6063.5000,11893.1602
2008-09-29,1106.4200,5807.0801,11743.6104
2008-09-30,1166.3600,5831.0200,11259.8604
2008-10-01,1161.0601,5806.3301,11368.2598
2008-10-02,1114.2800,5660.6299,11154.7598
2008-10-03,1099.2300,5797.0298,10938.1396
2008-10-06,1056.8900,5387.0098,10473.0898
2008-10-07,996.2300,5326.6299,10155.9004
2008-10-08,984.9400,5013.6201,9203.3203
2008-10-09,909.9200,4887.0000,9157.4902
2008-10-10,899.2200,4544.3101,8276.4297
2008-10-14,998.0100,5199.1899,9447.5703
2008-10-15,907.8400,4861.6299,9547.4697
2008-10-16,946.4300,4622.8101,8458.4502
2008-10-17,940.5500,4781.3301,8693.8203
2008-10-20,985.4000,4835.0098,9005.5898
2008-10-21,955.0500,4784.4102,9306.2500
2008-10-22,896.7800,4571.0698,8674.6904
2008-10-23,908.1100,4519.7002,8460.9805
2008-10-24,876.7700,4295.6699,7649.0801
2008-10-27,848.9200,4334.6401,7162.8999
2008-10-28,940.5100,4823.4502,7621.9199
2008-10-29,930.0900,4808.6899,8211.9004
2008-10-30,954.0900,4869.2998,9029.7598
2008-10-31,968.7500,4987.9702,8576.9805
2008-11-04,1005.7500,5278.0400,9114.5996
2008-11-05,952.7700,5166.8701,9521.2402
2008-11-06,904.8800,4813.5698,8899.1396
2008-11-07,930.9900,4938.4600,8583.0000
2008-11-10,919.2100,5025.5298,9081.4297
2008-11-11,898.9500,4761.5801,8809.2998
2008-11-12,852.3000,4620.7998,8695.5098
2008-11-13,911.2900,4649.5200,8238.6396
2008-11-14,873.2900,4710.2402,8462.3896
2008-11-17,850.7500,4557.2700,8522.5801
2008-11-18,859.1200,4579.4702,8328.4102
2008-11-19,806.5800,4354.0898,8273.2197
2008-11-20,752.4400,4220.2002,7703.0400
2008-11-21,800.0300,4127.4102,7910.7900
2008-11-25,857.3900,4560.4199,8323.9297
2008-11-26,887.6800,4560.5000,8213.2197
2008-11-28,896.2400,4669.4399,8512.2695
2008-12-01,816.2100,4394.7900,8397.2197
2008-12-02,848.8100,4531.7900,7863.6899
2008-12-03,870.7400,4567.2402,8004.1001
2008-12-04,845.2200,4564.2300,7924.2402
2008-12-05,876.0700,4381.4702,7917.5098
2008-12-08,909.7000,4715.8799,8329.0498
2008-12-09,888.6700,4779.1099,8395.8701
2008-12-10,899.2400,4804.8799,8660.2402
2008-12-11,873.5900,4767.2002,8720.5498
2008-12-12,879.7300,4663.3701,8235.8701
2008-12-15,868.5700,4654.8198,8664.6602
2008-12-16,913.1800,4729.9102,8568.0195
2008-12-17,904.4200,4708.3799,8612.5195
2008-12-18,885.2800,4756.3999,8667.2305
2008-12-19,887.8800,4696.7002,8588.5195
2008-12-22,871.6300,4639.0200,8723.7803
2008-12-29,869.4200,4704.8599,8747.1699
2008-12-30,890.6400,4810.2002,8859.5596
2009-01-05,927.4500,4983.9902,9043.1201
2009-01-06,934.7000,5026.3101,9080.8398
2009-01-07,906.6500,4937.4702,9239.2402
2009-01-08,909.7300,4879.9102,8876.4199
2009-01-09,890.3500,4783.8901,8836.7998
2009-01-13,871.7900,4636.9399,8413.9102
2009-01-14,842.6200,4422.3501,8438.4502
2009-01-15,843.7400,4336.7300,8023.3101
2009-01-16,850.1200,4366.2798,8230.1504
2009-01-20,805.2200,4239.8501,8065.7900
2009-01-21,840.2400,4261.1499,7901.6401
2009-01-22,827.5000,4219.4199,8051.7402
2009-01-23,831.9500,4178.9399,7745.2500
2009-01-26,836.5700,4326.8701,7682.1401
2009-01-27,845.7100,4323.4199,8061.0698
2009-01-28,874.0900,4518.7202,8106.2900
2009-01-29,845.1400,4428.1099,8251.2402
2009-01-30,825.8800,4338.3501,7994.0498
2009-02-02,825.4400,4271.0400,7873.9800
2009-02-03,838.5100,4374.9600,7825.5098
2009-02-04,832.2300,4492.7900,8038.9399
2009-02-05,845.8500,4510.4902,7949.6499
2009-02-06,868.6000,4644.6299,8076.6201
2009-02-09,869.8900,4666.8198,7969.0298
2009-02-10,827.1600,4505.5400,7945.9399
2009-02-12,835.1900,4407.5601,7705.3599
2009-02-13,826.8400,4413.3901,7779.3999
2009-02-17,789.1700,4216.6001,7645.5098
2009-02-18,788.4200,4204.9600,7534.4399
2009-02-19,778.9400,4215.2100,7557.6499
2009-02-20,770.0500,4014.6599,7416.3799
2009-02-23,743.3300,3936.4500,7376.1602
2009-02-24,773.1400,3895.7500,7268.5601
2009-02-25,764.9000,3846.2100,7461.2202
2009-02-26,752.8300,3942.6201,7457.9302
2009-02-27,735.0900,3843.7400,7568.4199
2009-03-02,700.8200,3710.0701,7280.1499
2009-03-03,696.3300,3690.7200,7229.7202
2009-03-04,712.8700,3890.9399,7290.9600
2009-03-05,682.5500,3695.4900,7433.4902
2009-03-06,683.3800,3666.4099,7173.1001
2009-03-09,676.5300,3692.0300,7086.0298
2009-03-10,719.6000,3886.9800,7054.9800
2009-03-11,721.3600,3914.1001,7376.1201
2009-03-12,750.7400,3956.2200,7198.2500
2009-03-13,756.5500,3953.6001,7569.2798
2009-03-16,753.8900,4044.5400,7704.1499
2009-03-17,778.1200,3987.7700,7949.1299
2009-03-18,794.3500,3996.3201,7972.1699
2009-03-19,784.0400,4043.4600,7945.9600
2009-03-23,822.9200,4176.3701,8215.5303
2009-03-24,806.1200,4187.3599,8488.2998
2009-03-25,813.8800,4223.2900,8479.9902
2009-03-26,832.8600,4259.3701,8636.3301
2009-03-27,815.9400,4203.5498,8626.9697
2009-03-30,787.5300,3989.2300,8236.0801
2009-03-31,797.8700,4084.7600,8109.5298
2009-04-01,811.0800,4131.0698,8351.9102
2009-04-02,834.3800,4381.9199,8719.7803
2009-04-03,842.5000,4384.9902,8749.8398
2009-04-06,835.4800,4349.8101,8857.9297
2009-04-07,815.5500,4322.5000,8832.8496
2009-04-08,825.1600,4357.9199,8595.0098
2009-04-09,856.5600,4491.1201,8916.0596
2009-04-14,841.5000,4557.0098,8842.6797
2009-04-15,852.0600,4549.7900,8742.9600
2009-04-16,865.3000,4609.4600,8755.2598
2009-04-17,869.6000,4676.8398,8907.5801
2009-04-20,832.3900,4486.2998,8924.7500
2009-04-21,850.0800,4501.6299,8711.3301
2009-04-22,843.5500,4594.4199,8727.2998
2009-04-23,851.9200,4538.2100,8847.0098
2009-04-24,866.2300,4674.3198,8707.9902
2009-04-27,857.5100,4694.0698,8726.3398
2009-04-28,855.1600,4607.4199,8493.7695
2009-04-30,872.8100,4769.4502,8828.2598
2009-05-07,907.3900,4804.1001,9385.7002
2009-05-08,929.2300,4913.8999,9432.8301
2009-05-11,909.2400,4866.9102,9451.9805
2009-05-12,908.3500,4854.1099,9298.6104
2009-05-13,883.9200,4727.6099,9340.4902
2009-05-14,893.0700,4738.4702,9093.7305
2009-05-15,882.8800,4737.5000,9265.0195
2009-05-18,909.7100,4851.9600,9038.6904
2009-05-19,908.1300,4959.6201,9290.2900
2009-05-20,903.4700,5038.9399,9344.6396
2009-05-21,888.3300,4900.6699,9264.1504
2009-05-22,887.0000,4918.7500,9225.8096
2009-05-26,910.3300,4985.6001,9310.8096
2009-05-27,893.0600,5000.7700,9438.7695
2009-05-28,906.8300,4932.8799,9451.3896
2009-05-29,919.1400,4940.8198,9522.5000
2009-06-01,942.8700,5142.5601,9677.7500
2009-06-02,944.7400,5144.0601,9704.3096
2009-06-03,931.7600,5054.5298,9741.6699
2009-06-04,942.4600,5064.7998,9668.9600
2009-06-05,940.0900,5077.0298,9768.0098
2009-06-08,939.1400,5004.7202,9865.6299
2009-06-09,942.4300,4997.8599,9786.8203
2009-06-10,939.1500,5051.1802,9991.4902
2009-06-11,944.8900,5107.2598,9981.3301
2009-06-12,946.2100,5069.2402,10135.8203
2009-06-15,923.7200,4889.9399,10039.6699
2009-06-16,911.9700,4890.7202,9752.8799
2009-06-17,910.7100,4799.9800,9840.8496
2009-06-18,918.3700,4837.4800,9703.7197
2009-06-19,921.2300,4839.4600,9786.2598
2009-06-22,893.0400,4693.3999,9826.2695
2009-06-23,895.1000,4707.1499,9549.6104
2009-06-24,900.9400,4836.0098,9590.3203
2009-06-25,920.2600,4800.5601,9796.0801
2009-06-26,918.9000,4776.4702,9877.3896
2009-06-29,927.2300,4885.0898,9783.4697
2009-06-30,919.3200,4808.6401,9958.4404
2009-07-01,923.3300,4905.4399,9939.9297
2009-07-02,896.4200,4718.4902,9876.1504
2009-07-06,898.7200,4651.8198,9680.8701
2009-07-07,881.0300,4598.1899,9647.7900
2009-07-08,879.5600,4572.6499,9420.7500
2009-07-09,882.6800,4630.0698,9291.0596
2009-07-10,879.1300,4576.3101,9287.2803
2009-07-13,901.0500,4722.3398,9050.3301
2009-07-14,905.8400,4781.6899,9261.8096
2009-07-15,932.6800,4928.4399,9269.2500
2009-07-16,940.7400,4957.1899,9344.1602
2009-07-17,940.3800,4978.3999,9395.3203
2009-07-21,954.5800,5093.9702,9652.0195
2009-07-22,954.0700,5121.5601,9723.1602
2009-07-23,976.2900,5247.2798,9792.9404
2009-07-24,979.2600,5229.3599,9944.5498
2009-07-27,982.1800,5251.5498,10088.6602
2009-07-28,979.6200,5174.7402,10087.2598
2009-07-29,975.1500,5270.3198,10113.2402
2009-07-30,986.7500,5360.6602,10165.2100
2009-07-31,987.4800,5332.1401,10356.8301
2009-08-03,1002.6300,5426.8501,10352.4697
2009-08-04,1005.6500,5417.0200,10375.0098
2009-08-05,1002.7200,5353.0098,10252.5303
2009-08-06,997.0800,5369.9800,10388.0898
2009-08-07,1010.4800,5458.9600,10412.0898
2009-08-10,1007.1000,5418.1201,10524.2598
2009-08-11,994.3500,5285.8101,10585.4600
2009-08-12,1005.8100,5350.0898,10435.0000
2009-08-13,1012.7300,5401.1099,10517.1904
2009-08-14,1004.0900,5309.1099,10597.3301
2009-08-17,979.7300,5201.6099,10268.6104
2009-08-18,989.6700,5250.7402,10284.9600
2009-08-19,996.4600,5231.9800,10204.0000
2009-08-20,1007.3700,5311.0601,10383.4102
2009-08-21,1026.1300,5462.7402,10238.2002
2009-08-24,1025.5699,5519.7500,10581.0498
2009-08-25,1028.0000,5557.0898,10497.3604
2009-08-26,1028.1200,5521.9702,10639.7100
2009-08-27,1030.9800,5470.3301,10473.9697
2009-08-28,1028.9301,5517.3501,10534.1396
2009-08-31,1020.6200,5464.6099,10492.5303
2009-09-02,994.7500,5319.8398,10280.4600
2009-09-03,1003.2400,5301.4199,10214.6396
2009-09-04,1016.4000,5384.4302,10187.1104
2009-09-08,1025.3900,5481.7300,10393.2305
2009-09-09,1033.3700,5574.2598,10312.1396
2009-09-10,1044.1400,5594.7700,10513.6699
2009-09-11,1042.7300,5624.0200,10444.3301
2009-09-14,1049.3400,5620.2402,10202.0596
2009-09-15,1052.6300,5628.9800,10217.6201
2009-09-16,1068.7600,5700.2598,10270.7695
2009-09-17,1065.4900,5731.1401,10443.7998
2009-09-18,1068.3000,5703.8301,10370.5400
2009-09-24,1050.7800,5605.2100,10544.2197
2009-09-25,1044.3800,5581.4102,10265.9805
2009-09-28,1062.9800,5736.3101,10009.5195
2009-09-29,1060.6100,5713.5200,10100.2002
2009-09-30,1057.0800,5675.1602,10133.2305
2009-10-01,1029.8500,5554.5498,9978.6396
2009-10-02,1025.2100,5467.8999,9731.8701
2009-10-05,1040.4600,5508.8501,9674.4902
2009-10-06,1054.7200,5657.6401,9691.7998
2009-10-07,1057.5800,5640.7500,9799.5996
2009-10-08,1065.4800,5716.5400,9832.4697
2009-10-09,1071.4900,5711.8799,10016.3896
2009-10-13,1073.1899,5714.3101,10076.5596
2009-10-14,1092.0200,5854.1401,10060.2100
2009-10-15,1096.5601,5830.7700,10238.6504
2009-10-16,1087.6801,5743.3901,10257.5596
2009-10-19,1097.9100,5852.5601,10236.5098
2009-10-20,1091.0601,5811.7700,10336.8398
2009-10-21,1081.4000,5833.4902,10333.3896
2009-10-22,1092.9100,5762.9302,10267.1699
2009-10-23,1079.6000,5740.2500,10282.9902
2009-10-26,1066.9500,5642.1602,10362.6201
2009-10-27,1063.4100,5635.0200,10212.4600
2009-10-28,1042.6300,5496.2700,10075.0498
2009-10-29,1066.1100,5587.4502,9891.0996
2009-10-30,1036.1899,5414.9600,10034.7402
2009-11-02,1042.8800,5430.8198,9802.9502
2009-11-04,1046.5000,5444.2300,9844.3096
2009-11-05,1066.6300,5480.9199,9717.4404
2009-11-06,1069.3000,5488.2500,9789.3496
2009-11-09,1093.0800,5619.7202,9808.9902
2009-11-10,1093.0100,5613.2002,9870.7305
2009-11-11,1098.5100,5668.3501,9871.6797
2009-11-12,1087.2400,5663.9600,9804.4902
2009-11-13,1093.4800,5686.8301,9770.3096
2009-11-16,1109.3000,5804.8198,9791.1797
2009-11-17,1110.3199,5778.4302,9729.9297
2009-11-18,1109.8000,5787.6099,9676.7998
2009-11-19,1094.9000,5702.1802,9549.4697
2009-11-20,1091.3800,5663.1499,9497.6797
2009-11-24,1105.6500,5769.3101,9401.5801
2009-11-25,1110.6300,5803.0200,9441.6396
2009-11-27,1091.4900,5685.6099,9081.5195
2009-11-30,1095.6300,5625.9502,9345.5498
2009-12-01,1108.8600,5776.6099,9572.2002
2009-12-02,1109.2400,5781.6802,9608.9404
2009-12-03,1099.9200,5770.3501,9977.6699
2009-12-04,1105.9800,5817.6499,10022.5898
2009-12-07,1103.2500,5784.7500,10167.5996
2009-12-08,1091.9399,5688.5801,10140.4697
2009-12-09,1095.9500,5647.8398,10004.7197
2009-12-10,1102.3500,5709.0200,9862.8203
2009-12-11,1106.4100,5756.2900,10107.8701
2009-12-14,1114.1100,5802.2598,10105.6797
2009-12-15,1107.9301,5811.3398,10083.4805
2009-12-16,1109.1801,5903.4302,10177.4102
2009-12-17,1096.0800,5844.4399,10163.7998
2009-12-18,1102.4700,5831.2100,10142.0498
2009-12-21,1114.0500,5930.5298,10183.4697
2009-12-22,1118.0200,5945.6899,10378.0303
2009-12-28,1127.7800,6002.9199,10634.2305
2009-12-29,1126.2000,6011.5498,10638.0596
2009-12-30,1126.4200,5957.4302,10546.4404
2010-01-04,1132.9900,6048.2998,10654.7900
2010-01-05,1136.5200,6031.8599,10681.8301
2010-01-06,1137.1400,6034.3301,10731.4502
2010-01-07,1141.6899,6019.3599,10681.6602
2010-01-08,1144.9800,6037.6099,10798.3203
2010-01-12,1136.2200,5943.0000,10879.1396
2010-01-13,1145.6801,5963.1401,10735.0303
2010-01-14,1148.4600,5988.8799,10907.6797
2010-01-15,1136.0300,5875.9702,10982.0996
2010-01-19,1150.2300,5976.4800,10764.9004
2010-01-20,1138.0400,5851.5298,10737.5195
2010-01-21,1116.4800,5746.9702,10868.4102
2010-01-22,1091.7600,5695.3198,10590.5498
2010-01-25,1096.7800,5631.3701,10512.6904
2010-01-26,1092.1700,5668.9302,10325.2803
2010-01-27,1097.5000,5643.2002,10252.0801
2010-01-28,1084.5300,5540.3301,10414.2900
2010-01-29,1073.8700,5608.7900,10198.0400
2010-02-01,1089.1899,5654.4800,10205.0195
2010-02-02,1103.3199,5709.6602,10371.0898
2010-02-03,1097.2800,5672.0898,10404.3301
2010-02-04,1063.1100,5533.2402,10355.9805
2010-02-05,1066.1899,5434.3398,10057.0898
2010-02-08,1056.7400,5484.8501,9951.8203
2010-02-09,1070.5200,5498.2598,9932.9004
2010-02-10,1068.1300,5536.3701,9963.9902
2010-02-12,1075.5100,5500.3901,10092.1904
2010-02-16,1094.8700,5592.1201,10034.2500
2010-02-17,1099.5100,5648.3398,10306.8301
2010-02-18,1106.7500,5680.4102,10335.6904
2010-02-19,1109.1700,5722.0498,10123.5801
2010-02-22,1108.0100,5688.4399,10400.4697
2010-02-23,1094.6000,5604.0698,10352.0996
2010-02-24,1105.2400,5615.5098,10198.8301
2010-02-25,1102.9399,5532.3301,10101.9600
2010-02-26,1104.4900,5598.4600,10126.0303
2010-03-01,1115.7100,5713.5098,10172.0596
2010-03-02,1118.3101,5776.5601,10221.8398
2010-03-03,1118.7900,5817.8799,10253.1396
2010-03-04,1122.9700,5795.3198,10145.7197
2010-03-05,1138.7000,5877.3599,10368.9600
2010-03-08,1138.5000,5875.9102,10585.9199
2010-03-09,1140.4500,5885.8901,10567.6504
2010-03-10,1145.6100,5936.7202,10563.9199
2010-03-11,1150.2400,5928.6299,10664.9502
2010-03-12,1149.9900,5945.1099,10751.2598
2010-03-15,1150.5100,5903.5601,10751.9805
2010-03-16,1159.4600,5970.9902,10721.7100
2010-03-17,1166.2100,6024.2798,10846.9805
2010-03-18,1165.8300,6012.3101,10744.0303
2010-03-19,1159.9000,5982.4302,10824.7197
2010-03-23,1174.1700,6017.2700,10774.1504
2010-03-24,1167.7200,6039.0000,10815.0303
2010-03-25,1165.7300,6132.9502,10828.8496
2010-03-26,1166.5900,6120.0498,10996.3701
2010-03-29,1173.2200,6156.8501,10986.4697
2010-03-30,1173.2700,6142.4502,11097.1396
2010-03-31,1169.4301,6153.5498,11089.9404
2010-04-01,1178.1000,6235.5601,11244.4004
2010-04-06,1189.4399,6252.2100,11282.3203
2010-04-07,1182.4500,6222.4102,11292.8301
2010-04-08,1186.4399,6171.8301,11168.2002
2010-04-09,1194.3700,6249.7002,11204.3398
2010-04-12,1196.4800,6250.6899,11251.9004
2010-04-13,1197.3000,6230.8301,11161.2305
2010-04-14,1210.6500,6278.3999,11204.9004
2010-04-15,1211.6700,6291.4502,11273.7900
2010-04-16,1192.1300,6180.8999,11102.1797
2010-04-19,1197.5200,6162.4399,10908.7695
2010-04-20,1207.1700,6264.2300,10900.6797
2010-04-21,1205.9399,6230.3799,11090.0498
2010-04-22,1208.6700,6168.7202,10949.0898
2010-04-23,1217.2800,6259.5298,10914.4600
2010-04-26,1212.0500,6332.1001,11165.7900
2010-04-27,1183.7100,6159.5098,11212.6602
2010-04-28,1191.3600,6084.3398,10924.7900
2010-04-30,1186.6899,6135.7002,11057.4004
2010-05-06,1128.1500,5908.2598,10695.6904
2010-05-07,1110.8800,5715.0898,10364.5898
2010-05-10,1159.7300,6017.9102,10530.7002
2010-05-11,1155.7900,6037.7100,10411.0996
2010-05-12,1171.6700,6183.4902,10394.0303
2010-05-13,1157.4399,6251.9702,10620.5498
2010-05-14,1135.6801,6056.7100,10462.5098
2010-05-17,1136.9399,6066.9199,10235.7598
2010-05-18,1120.8000,6155.9302,10242.6396
2010-05-19,1115.0500,5988.6699,10186.8398
2010-05-20,1071.5900,5867.8799,10030.3096
2010-05-21,1087.6899,5829.2500,9784.5400
2010-05-24,1073.6500,5805.6802,9758.4004
2010-05-25,1074.0300,5670.0400,9459.8896
2010-05-26,1067.9500,5758.0200,9522.6602
2010-05-27,1103.0601,5937.1401,9639.7197
2010-05-28,1089.4100,5946.1802,9762.9805
2010-06-01,1070.7100,5981.2700,9711.8301
2010-06-02,1098.3800,5981.2002,9603.2402
2010-06-03,1102.8300,6054.6299,9914.1904
2010-06-04,1064.8800,5938.8799,9901.1904
2010-06-07,1050.4700,5904.9502,9520.7998
2010-06-08,1062.0000,5868.5498,9537.9404
2010-06-09,1055.6899,5984.7500,9439.1299
2010-06-10,1086.8400,6056.5898,9542.6504
2010-06-11,1091.6000,6047.8301,9705.2500
2010-06-14,1089.6300,6125.0000,9879.8496
2010-06-15,1115.2300,6175.0498,9887.8896
2010-06-16,1114.6100,6190.9102,10067.1504
2010-06-17,1116.0400,6223.5400,9999.4004
2010-06-18,1117.5100,6216.9800,9995.0195
2010-06-21,1113.2000,6292.9702,10238.0098
2010-06-22,1095.3101,6269.0400,10112.8896
2010-06-23,1092.0400,6204.5200,9923.7002
2010-06-24,1073.6899,6115.4800,9928.3398
2010-06-25,1076.7600,6070.6001,9737.4805
2010-06-28,1074.5699,6157.2202,9693.9404
2010-06-29,1041.2400,5952.0298,9570.6699
2010-06-30,1030.7100,5965.5200,9382.6396
2010-07-01,1027.3700,5857.4302,9191.5996
2010-07-02,1022.5800,5834.1499,9203.7100
2010-07-06,1028.0601,5940.9800,9338.0400
2010-07-07,1060.2700,5992.8599,9279.6504
2010-07-08,1070.2500,6035.6602,9535.7402
2010-07-09,1077.9600,6065.2402,9585.3203
2010-07-12,1078.7500,6077.1899,9548.1104
2010-07-13,1095.3400,6191.1299,9537.2305
2010-07-14,1095.1700,6209.7598,9795.2402
2010-07-15,1096.4800,6149.3599,9685.5303
2010-07-16,1064.8800,6040.2700,9408.3604
2010-07-21,1069.5900,5990.3799,9278.8301
2010-07-22,1093.6700,6142.1499,9220.8799
2010-07-23,1102.6600,6166.3398,9430.9600
2010-07-26,1115.0100,6194.2100,9503.6602
2010-07-27,1113.8400,6207.3101,9496.8496
2010-07-28,1106.1300,6178.9399,9753.2695
2010-07-29,1101.5300,6134.7002,9696.0195
2010-07-30,1101.6000,6147.9702,9537.2998
2010-08-02,1125.8600,6292.1299,9570.3096
2010-08-03,1120.4600,6307.9102,9694.0098
2010-08-04,1127.2400,6331.3301,9489.3398
2010-08-05,1125.8101,6333.5801,9653.9199
2010-08-06,1121.6400,6259.6299,9642.1201
2010-08-09,1127.7900,6351.6001,9572.4902
2010-08-10,1121.0601,6286.2500,9551.0498
2010-08-11,1089.4700,6154.0698,9292.8496
2010-08-12,1083.6100,6135.1699,9212.5898
2010-08-13,1079.2500,6110.4102,9253.4600
2010-08-16,1079.3800,6110.5698,9196.6699
2010-08-17,1092.5400,6206.3999,9161.6797
2010-08-18,1094.1600,6186.3101,9240.5400
2010-08-19,1075.6300,6075.1299,9362.6797
2010-08-20,1071.6899,6005.1602,9179.3799
2010-08-23,1067.3600,6010.9102,9116.6904
2010-08-24,1051.8700,5935.4399,8995.1396
2010-08-25,1055.3300,5899.5000,8845.3896
2010-08-26,1047.2200,5912.5801,8906.4805
2010-08-27,1064.5900,5951.1699,8991.0596
2010-08-30,1048.9200,5912.4102,9149.2598
2010-08-31,1049.3300,5925.2202,8824.0596
2010-09-01,1080.2900,6083.8999,8927.0195
2010-09-02,1090.1000,6083.8501,9062.8398
2010-09-03,1104.5100,6134.6201,9114.1299
2010-09-07,1091.8400,6117.8901,9226.0000
2010-09-08,1098.8700,6164.4399,9024.5996
2010-09-09,1104.1801,6221.5200,9098.3896
2010-09-10,1109.5500,6214.7700,9239.1699
2010-09-13,1121.9000,6261.6802,9321.8203
2010-09-14,1121.1000,6275.4102,9299.3096
2010-09-16,1124.6600,6249.6499,9509.5000
2010-09-17,1125.5900,6209.7598,9626.0898
2010-09-21,1139.7800,6275.9800,9602.1104
2010-09-22,1134.2800,6208.3301,9566.3203
2010-09-24,1148.6700,6298.2998,9471.6699
2010-09-27,1142.1600,6278.8901,9603.1396
2010-09-28,1147.7000,6276.0898,9495.7598
2010-09-29,1144.7300,6246.9199,9559.3799
2010-09-30,1141.2000,6229.0200,9369.3496
2010-10-01,1146.2400,6211.3398,9404.2305
2010-10-04,1137.0300,6134.2100,9381.0596
2010-10-05,1160.7500,6215.8301,9518.7598
2010-10-06,1159.9700,6270.7300,9691.4297
2010-10-07,1158.0601,6276.2500,9684.8096
2010-10-08,1165.1500,6291.6699,9588.8799
2010-10-12,1169.7700,6304.5698,9388.6396
2010-10-13,1178.1000,6434.5200,9403.5098
2010-10-14,1173.8101,6455.2700,9583.5098
2010-10-15,1176.1899,6492.2998,9500.2500
2010-10-18,1184.7100,6516.6299,9498.4902
2010-10-19,1165.9000,6490.6899,9539.4502
2010-10-20,1178.1700,6524.5498,9381.5996
2010-10-21,1180.2600,6611.0098,9376.4805
2010-10-22,1183.0800,6605.8398,9426.7100
2010-10-25,1185.6200,6639.2100,9401.1602
2010-10-26,1185.6400,6613.7998,9377.3799
2010-10-27,1182.4500,6568.0000,9387.0303
2010-10-28,1183.7800,6595.2798,9366.0303
2010-10-29,1183.2600,6601.3701,9202.4502
2010-11-01,1184.3800,6604.8599,9154.7197
2010-11-02,1193.5699,6654.3101,9159.9805
2010-11-04,1221.0601,6734.6899,9358.7803
2010-11-05,1225.8500,6754.2002,9625.9902
2010-11-08,1223.2500,6750.5000,9732.9199
2010-11-09,1213.4000,6787.8101,9694.4902
2010-11-10,1218.7100,6719.8398,9830.5195
2010-11-11,1213.5400,6723.4102,9861.4600
2010-11-12,1199.2100,6734.6099,9724.8096
2010-11-15,1197.7500,6790.1699,9827.5098
2010-11-16,1178.3400,6663.2402,9797.0996
2010-11-17,1178.5900,6700.0698,9811.6602
2010-11-18,1196.6899,6832.1099,10013.6299
2010-11-19,1199.7300,6843.5498,10022.3896
2010-11-22,1197.8400,6822.0498,10115.1904
2010-11-24,1198.3500,6823.7998,10030.1104
2010-11-26,1189.4000,6848.9800,10039.5596
2010-11-29,1187.7600,6697.9702,10125.9902
2010-11-30,1180.5500,6688.4902,9937.0400
2010-12-01,1206.0699,6866.6299,9988.0498
2010-12-02,1221.5300,6957.6099,10168.5195
2010-12-03,1224.7100,6947.7202,10178.3203
2010-12-06,1223.1200,6954.3799,10167.2305
2010-12-07,1223.7500,7001.9102,10141.0996
2010-12-08,1228.2800,6975.8701,10232.3301
2010-12-09,1233.0000,6964.1602,10285.8799
2010-12-10,1240.4000,7006.1699,10211.9502
2010-12-13,1240.4600,7029.3901,10293.8896
2010-12-14,1241.5900,7027.3999,10316.7695
2010-12-15,1235.2300,7016.3701,10309.7803
2010-12-16,1242.8700,7024.3999,10311.2900
2010-12-17,1243.9100,6982.4502,10303.8301
2010-12-20,1247.0800,7018.6001,10216.4102
2010-12-21,1254.6000,7077.9902,10370.5303
2010-12-22,1258.8400,7067.9199,10346.4805
2010-12-27,1257.5400,6970.7300,10355.9902
2010-12-28,1258.5100,6972.1001,10292.6299
2010-12-29,1259.7800,6995.4702,10344.5400
2010-12-30,1257.8800,6914.1899,10228.9199
2011-01-04,1270.2000,6975.3501,10398.0996
2011-01-05,1276.5601,6939.8198,10380.7695
2011-01-06,1273.8500,6981.3901,10529.7598
2011-01-07,1271.5000,6947.8398,10541.0400
2011-01-11,1274.4800,6941.5698,10510.6797
2011-01-12,1285.9600,7068.7798,10512.7998
2011-01-13,1283.7600,7075.1099,10589.7598
2011-01-14,1293.2400,7075.7002,10499.0400
2011-01-18,1295.0200,7143.4502,10518.9805
2011-01-19,1281.9200,7082.7598,10557.0996
2011-01-20,1280.2600,7024.2700,10437.3096
2011-01-21,1283.3500,7062.4199,10274.5195
2011-01-24,1290.8400,7067.7700,10345.1104
2011-01-25,1291.1801,7059.0098,10464.4199
2011-01-26,1296.6300,7127.3501,10401.9004
2011-01-27,1299.5400,7155.5801,10478.6602
2011-01-28,1276.3400,7102.7998,10360.3398
2011-01-31,1286.1200,7077.4800,10237.9199
2011-02-01,1307.5900,7184.2700,10274.5000
2011-02-02,1304.0300,7183.6699,10457.3604
2011-02-03,1307.1000,7193.6802,10431.3604
2011-02-04,1310.8700,7216.2100,10543.5195
2011-02-07,1319.0500,7283.6201,10592.0400
2011-02-08,1324.5699,7323.2402,10635.9805
2011-02-09,1320.8800,7320.8999,10617.8301
2011-02-10,1321.8700,7340.2798,10605.6504
2011-02-14,1332.3199,7396.6299,10725.5400
2011-02-15,1328.0100,7400.0400,10746.6699
2011-02-16,1336.3199,7414.2998,10808.2900
2011-02-17,1340.4301,7405.5098,10836.6396
2011-02-18,1343.0100,7426.8101,10842.7998
2011-02-22,1315.4399,7318.3501,10664.7002
2011-02-23,1307.4000,7194.6001,10579.0996
2011-02-24,1306.1000,7130.5000,10452.7100
2011-02-25,1319.8800,7185.1699,10526.7598
2011-02-28,1327.2200,7272.3198,10624.0898
2011-03-01,1306.3300,7223.2998,10754.0303
2011-03-02,1308.4399,7181.1201,10492.3799
2011-03-03,1330.9700,7225.9600,10586.0195
2011-03-04,1321.1500,7178.8999,10693.6602
2011-03-07,1310.1300,7161.9302,10505.0195
2011-03-08,1321.8199,7164.7500,10525.1904
2011-03-09,1320.0200,7131.7998,10589.5000
2011-03-10,1295.1100,7063.0898,10434.3799
2011-03-11,1304.2800,6981.4902,10254.4297
2011-03-14,1296.3900,6866.6299,9620.4902
2011-03-15,1281.8700,6647.6602,8605.1504
2011-03-16,1256.8800,6513.8398,9093.7197
2011-03-17,1273.7200,6656.8799,8962.6699
2011-03-18,1279.2100,6664.3999,9206.7500
2011-03-22,1293.7700,6780.9702,9608.3203
2011-03-23,1297.5400,6804.4502,9449.4697
2011-03-24,1309.6600,6933.5801,9435.0098
2011-03-25,1313.8000,6946.3599,9536.1299
2011-03-28,1310.1899,6938.6299,9478.5303
2011-03-29,1319.4399,6934.4399,9459.0801
2011-03-30,1328.2600,7057.1499,9708.7900
2011-03-31,1325.8300,7041.3101,9755.0996
2011-04-01,1332.4100,7179.8101,9708.3896
2011-04-04,1332.8700,7175.3301,9718.8896
2011-04-05,1332.6300,7175.3101,9615.5498
2011-04-06,1335.5400,7215.1099,9584.3701
2011-04-07,1333.5100,7178.7798,9590.9297
2011-04-08,1328.1700,7217.0200,9768.0801
2011-04-11,1324.4600,7204.8599,9719.7002
2011-04-12,1314.1600,7102.9102,9555.2598
2011-04-13,1314.4100,7177.9702,9641.1797
2011-04-14,1314.5200,7146.5601,9653.9199
2011-04-15,1319.6801,7178.2900,9591.5195
2011-04-18,1305.1400,7026.8501,9556.6504
2011-04-19,1312.6200,7039.3101,9441.0303
2011-04-20,1330.3600,7249.1899,9606.8203
2011-04-21,1337.3800,7295.4902,9685.7695
2011-04-26,1347.2400,7356.5098,9558.6904
2011-04-27,1355.6600,7404.9502,9691.8398
2011-04-28,1360.4800,7475.2202,9849.7402
2011-05-02,1361.2200,7527.6401,10004.2002
2011-05-06,1340.2000,7492.2500,9859.2002
2011-05-09,1346.2900,7410.5200,9794.3799
2011-05-10,1357.1600,7501.5200,9818.7598
2011-05-11,1342.0800,7495.0498,9864.2598
2011-05-12,1348.6500,7443.9502,9716.6504
2011-05-13,1337.7700,7403.3101,9648.7695
2011-05-16,1329.4700,7387.5400,9558.2998
2011-05-17,1328.9800,7256.6499,9567.0195
2011-05-18,1340.6801,7303.5298,9662.0801
2011-05-19,1343.6000,7358.2300,9620.8203
2011-05-20,1333.2700,7266.8198,9607.0801
2011-05-23,1317.3700,7121.5200,9460.6299
2011-05-24,1316.2800,7150.6602,9477.1699
2011-05-25,1320.4700,7170.9399,9422.8799
2011-05-26,1325.6899,7114.0898,9562.0498
2011-05-27,1331.1000,7163.4702,9521.9404
2011-05-31,1345.2000,7293.6899,9693.7305
2011-06-01,1314.5500,7217.4302,9719.6104
2011-06-02,1312.9399,7074.1201,9555.0400
2011-06-03,1300.1600,7109.0298,9492.2100
2011-06-06,1286.1700,7084.5698,9380.3496
2011-06-07,1284.9399,7103.2500,9442.9502
2011-06-08,1279.5601,7060.2300,9449.4600
2011-06-09,1289.0000,7159.6602,9467.1504
2011-06-10,1270.9800,7069.8999,9514.4404
2011-06-13,1271.8300,7085.1401,9448.2100
2011-06-14,1287.8700,7204.7900,9547.7900
2011-06-15,1265.4200,7115.0801,9574.3203
2011-06-16,1267.6400,7110.2002,9411.2803
2011-06-17,1271.5000,7164.0498,9351.4004
2011-06-20,1278.3600,7150.2100,9354.3203
2011-06-21,1295.5200,7285.5098,9459.6602
2011-06-22,1287.1400,7278.1899,9629.4297
2011-06-23,1283.5000,7149.4399,9596.7402
2011-06-24,1268.4500,7121.3799,9678.7100
2011-06-27,1280.1000,7107.8999,9578.3096
2011-06-28,1296.6700,7170.4302,9648.9805
2011-06-29,1307.4100,7294.1401,9797.2598
2011-06-30,1320.6400,7376.2402,9816.0898
2011-07-01,1339.6700,7419.4399,9868.0703
2011-07-05,1337.8800,7439.4399,9972.4600
2011-07-06,1339.2200,7431.1899,10082.4805
2011-07-07,1353.2200,7471.4399,10071.1396
2011-07-08,1343.8000,7402.7300,10137.7305
2011-07-11,1319.4900,7230.2500,10069.5303
2011-07-12,1313.6400,7174.1401,9925.9199
2011-07-13,1317.7200,7267.8701,9963.1396
2011-07-14,1308.8700,7214.7402,9936.1201
2011-07-15,1316.1400,7220.1201,9974.4697
2011-07-19,1326.7300,7192.6699,9889.7197
2011-07-20,1325.8400,7221.3599,10005.9004
2011-07-21,1343.8000,7290.1401,10010.3896
2011-07-22,1345.0200,7326.3901,10132.1104
2011-07-25,1337.4301,7344.5400,10050.0098
2011-07-26,1331.9399,7349.4502,10097.7197
2011-07-27,1304.8900,7252.6802,10047.1904
2011-07-28,1300.6700,7190.0601,9901.3496
2011-07-29,1292.2800,7158.7700,9833.0303
2011-08-01,1286.9399,6953.9800,9965.0098
2011-08-02,1254.0500,6796.7500,9844.5898
2011-08-03,1260.3400,6640.5898,9637.1396
2011-08-04,1200.0699,6414.7598,9659.1797
2011-08-05,1199.3800,6236.1602,9299.8799
2011-08-08,1119.4600,5923.2700,9097.5596
2011-08-09,1172.5300,5917.0801,8944.4805
2011-08-10,1120.7600,5613.4199,9038.7402
2011-08-11,1172.6400,5797.6602,8981.9404
2011-08-12,1178.8101,5997.7402,8963.7197
2011-08-15,1204.4900,6022.2402,9086.4102
2011-08-16,1192.7600,5994.8999,9107.4297
2011-08-17,1193.8900,5948.9399,9057.2598
2011-08-18,1140.6500,5602.7998,8943.7598
2011-08-19,1123.5300,5480.0000,8719.2402
2011-08-22,1123.8199,5473.7798,8628.1299
2011-08-23,1162.3500,5532.3799,8733.0098
2011-08-24,1177.6000,5681.0801,8639.6104
2011-08-25,1159.2700,5584.1401,8772.3604
2011-08-26,1176.8000,5537.4800,8797.7803
2011-08-29,1210.0800,5670.0698,8851.3496
2011-08-30,1212.9200,5643.9199,8953.9004
2011-08-31,1218.8900,5784.8501,8955.2002
2011-09-01,1204.4200,5730.6299,9060.7998
2011-09-02,1173.9700,5538.3301,8950.7402
2011-09-06,1165.2400,5193.9702,8590.5703
2011-09-07,1198.6200,5405.5298,8763.4102
2011-09-08,1185.9000,5408.4600,8793.1201
2011-09-09,1154.2300,5189.9302,8737.6602
2011-09-12,1162.2700,5072.3301,8535.6699
2011-09-13,1172.8700,5166.3599,8616.5498
2011-09-14,1188.6801,5340.1899,8518.5703
2011-09-15,1209.1100,5508.2402,8668.8604
2011-09-16,1216.0100,5573.5098,8864.1602
2011-09-20,1202.0900,5571.6802,8721.2402
2011-09-21,1166.7600,5433.7998,8741.1602
2011-09-22,1129.5601,5164.2100,8560.2598
2011-09-26,1162.9500,5345.5601,8374.1299
2011-09-27,1175.3800,5628.4399,8609.9502
2011-09-28,1151.0601,5578.4199,8615.6504
2011-09-29,1160.4000,5639.5801,8701.2305
2011-09-30,1131.4200,5502.0200,8700.2900
2011-10-04,1123.9500,5216.7100,8456.1201
2011-10-05,1144.0300,5473.0298,8382.9805
2011-10-06,1164.9700,5645.2500,8522.0195
2011-10-07,1155.4600,5675.7002,8605.6201
2011-10-11,1195.5400,5865.0098,8773.6797
2011-10-12,1207.2500,5994.4702,8738.9004
2011-10-13,1203.6600,5914.8398,8823.2500
2011-10-14,1224.5800,5967.2002,8747.9600
2011-10-17,1200.8600,5859.4302,8879.5996
2011-10-18,1225.3800,5877.4102,8741.9102
2011-10-19,1209.8800,5913.5298,8772.5400
2011-10-20,1215.3900,5766.4800,8682.1504
2011-10-21,1238.2500,5970.9600,8678.8896
2011-10-24,1254.1899,6055.2700,8843.9805
2011-10-25,1229.0500,6046.7500,8762.3096
2011-10-26,1242.0000,6016.0698,8748.4697
2011-10-27,1284.5900,6337.8398,8926.5400
2011-10-28,1285.0900,6346.1899,9050.4697
2011-10-31,1253.3000,6141.3398,8988.3896
2011-11-01,1218.2800,5834.5098,8835.5195
2011-11-02,1237.9000,5965.6299,8640.4199
2011-11-04,1253.2300,5966.1602,8801.4004
2011-11-07,1261.1200,5928.6802,8767.0898
2011-11-08,1275.9200,5961.4399,8655.5098
2011-11-09,1229.1000,5829.5400,8755.4404
2011-11-10,1239.7000,5867.8101,8500.7998
2011-11-11,1263.8500,6057.0298,8514.4697
2011-11-14,1251.7800,5985.0200,8603.7002
2011-11-15,1257.8101,5933.1401,8541.9297
2011-11-16,1236.9100,5913.3599,8463.1602
2011-11-17,1216.1300,5850.1699,8479.6299
2011-11-18,1215.6500,5800.2402,8374.9102
2011-11-21,1192.9800,5606.0000,8348.2695
2011-11-22,1188.0400,5537.3901,8314.7402
2011-11-25,1158.6700,5492.8701,8160.0098
2011-11-28,1192.5500,5745.3301,8287.4902
2011-11-29,1195.1899,5799.9102,8477.8203
2011-11-30,1246.9600,6088.8398,8434.6104
2011-12-01,1244.5800,6035.8799,8597.3799
2011-12-02,1244.2800,6080.6802,8643.7500
2011-12-05,1257.0800,6106.0898,8695.9805
2011-12-06,1258.4700,6028.8198,8575.1602
2011-12-07,1261.0100,5994.7300,8722.1699
2011-12-08,1234.3500,5874.4399,8664.5801
2011-12-09,1255.1899,5986.7100,8536.4600
2011-12-12,1236.4700,5785.4302,8653.8203
2011-12-13,1225.7300,5774.2598,8552.8096
2011-12-14,1211.8199,5675.1401,8519.1299
2011-12-15,1215.7500,5730.6201,8377.3701
2011-12-16,1219.6600,5701.7798,8401.7197
2011-12-19,1205.3500,5670.7100,8296.1201
2011-12-20,1241.3000,5847.0298,8336.4805
2011-12-21,1243.7200,5791.5298,8459.9805
2011-12-22,1254.0000,5852.1802,8395.1602
2011-12-27,1265.4301,5889.7598,8440.5596
2011-12-28,1249.6400,5771.2700,8423.6201
2011-12-29,1263.0200,5848.7798,8398.8896
2011-12-30,1257.6000,5898.3501,8455.3496
2012-01-04,1277.3000,6111.5498,8560.1104
2012-01-05,1281.0601,6095.9902,8488.7100
2012-01-06,1277.8101,6057.9199,8390.3496
2012-01-10,1292.0800,6162.9800,8422.2598
2012-01-11,1292.4800,6152.3398,8447.8799
2012-01-12,1295.5000,6179.2100,8385.5898
2012-01-13,1289.0900,6143.0801,8500.0195
2012-01-17,1293.6700,6332.9302,8466.4004
2012-01-18,1308.0400,6354.5698,8550.5801
2012-01-19,1314.5000,6416.2598,8639.6797
2012-01-20,1315.3800,6404.3901,8766.3604
2012-01-23,1316.0000,6436.6201,8765.9004
2012-01-24,1314.6500,6419.2202,8785.3301
2012-01-25,1326.0601,6421.8501,8883.6904
2012-01-26,1318.4301,6539.8501,8849.4697
2012-01-27,1316.3300,6511.9800,8841.2197
2012-01-30,1313.0100,6444.4502,8793.0498
2012-01-31,1312.4100,6458.9102,8802.5098
2012-02-01,1324.0900,6616.6401,8809.7900
2012-02-02,1325.5400,6655.6299,8876.8203
2012-02-03,1344.9000,6766.6699,8831.9297
2012-02-06,1344.3300,6764.8301,8929.2002
2012-02-07,1347.0500,6754.2002,8917.5195
2012-02-08,1349.9600,6748.7598,9015.5898
2012-02-09,1351.9500,6788.7998,9002.2402
2012-02-10,1342.6400,6692.9600,8947.1699
2012-02-13,1351.7700,6738.4702,8999.1797
2012-02-14,1350.5000,6728.1899,9052.0703
2012-02-15,1343.2300,6757.9399,9260.3398
2012-02-16,1358.0400,6751.9600,9238.0996
2012-02-17,1361.2300,6848.0298,9384.1699
2012-02-21,1362.2100,6908.1802,9463.0195
2012-02-22,1357.6600,6843.8701,9554.0000
2012-02-23,1363.4600,6809.4600,9595.5703
2012-02-24,1365.7400,6864.4302,9647.3799
2012-02-27,1367.5900,6849.6001,9633.9297
2012-02-28,1372.1801,6887.6299,9722.5195
2012-02-29,1365.6801,6856.0801,9723.2402
2012-03-01,1374.0900,6941.7700,9707.3701
2012-03-02,1369.6300,6921.3701,9777.0303
2012-03-05,1364.3300,6866.4600,9698.5898
2012-03-06,1343.3600,6633.1099,9637.6299
2012-03-07,1352.6300,6671.1099,9576.0596
2012-03-08,1365.9100,6834.5400,9768.9600
2012-03-09,1370.8700,6880.2100,9929.7402
2012-03-12,1371.0900,6901.3501,9889.8604
2012-03-13,1395.9500,6995.9102,9899.0801
2012-03-14,1394.2800,7079.4199,10050.5195
2012-03-15,1402.6000,7144.4502,10123.2803
2012-03-16,1404.1700,7157.8198,10129.8301
2012-03-19,1409.7500,7154.2202,10141.9902
2012-03-21,1402.8900,7071.3198,10086.4902
2012-03-22,1392.7800,6981.2598,10127.0801
2012-03-23,1397.1100,6995.6201,10011.4697
2012-03-26,1416.5100,7079.2300,10018.2402
2012-03-27,1412.5200,7078.8999,10255.1504
2012-03-28,1405.5400,6998.7998,10182.5703
2012-03-29,1403.2800,6875.1499,10114.7900
2012-03-30,1408.4700,6946.8301,10083.5596
2012-04-02,1419.0400,7056.6499,10109.8701
2012-04-03,1413.3800,6982.2798,10050.3896
2012-04-04,1398.9600,6784.0601,9819.9902
2012-04-05,1398.0800,6775.2598,9767.6104
2012-04-10,1358.5900,6606.4302,9538.0195
2012-04-11,1368.7100,6674.7300,9458.7402
2012-04-12,1387.5699,6743.2402,9524.7900
2012-04-13,1370.2600,6583.8999,9637.9902
2012-04-16,1369.5699,6625.1899,9470.6396
2012-04-17,1390.7800,6801.0000,9464.7100
2012-04-18,1385.1400,6732.0298,9667.2598
2012-04-19,1376.9200,6671.2202,9588.3799
2012-04-20,1378.5300,6750.1201,9561.3604
2012-04-23,1366.9399,6523.0000,9542.1699
2012-04-24,1371.9700,6590.4102,9468.0400
2012-04-25,1390.6899,6704.5000,9561.0098
2012-04-26,1399.9800,6739.8999,9561.8301
2012-04-27,1403.3600,6801.3198,9520.8896
2012-05-02,1402.3101,6710.7700,9380.2500
2012-05-07,1369.5800,6569.4800,9119.1396
2012-05-08,1363.7200,6444.7402,9181.6504
2012-05-09,1354.5800,6475.3101,9045.0596
2012-05-10,1357.9900,6518.0000,9009.6504
2012-05-11,1353.3900,6579.9302,8953.3096
2012-05-14,1338.3500,6451.9702,8973.8398
2012-05-15,1330.6600,6401.0601,8900.7402
2012-05-16,1324.8000,6384.2598,8801.1699
2012-05-17,1304.8600,6308.9600,8876.5898
2012-05-18,1295.2200,6271.2202,8611.3096
2012-05-21,1315.9900,6331.0400,8633.8896
2012-05-22,1316.6300,6435.6001,8729.2900
2012-05-23,1318.8600,6285.7500,8556.5996
2012-05-24,1320.6801,6315.8901,8563.3799
2012-05-25,1317.8199,6339.9399,8580.3896
2012-05-29,1332.4200,6396.8398,8657.0801
2012-05-30,1313.3199,6280.7998,8633.1904
2012-05-31,1310.3300,6264.3799,8542.7305
2012-06-01,1278.0400,6050.2900,8440.2500
2012-06-04,1278.1801,5978.2300,8295.6299
2012-06-05,1285.5000,5969.3999,8382.0000
2012-06-06,1315.1300,6093.9902,8533.5303
2012-06-07,1314.9900,6144.2202,8639.7197
2012-06-08,1325.6600,6130.8198,8459.2598
2012-06-11,1308.9301,6141.0498,8624.9004
2012-06-12,1324.1801,6161.2402,8536.7197
2012-06-13,1314.8800,6152.4902,8587.8398
2012-06-14,1329.1000,6138.6099,8568.8896
2012-06-15,1342.8400,6229.4102,8569.3203
2012-06-18,1344.7800,6248.2002,8721.0195
2012-06-19,1357.9800,6363.3599,8655.8701
2012-06-20,1355.6899,6392.1299,8752.3096
2012-06-21,1325.5100,6343.1299,8824.0703
2012-06-22,1335.0200,6263.2500,8798.3496
2012-06-25,1313.7200,6132.3901,8734.6201
2012-06-26,1319.9900,6136.6899,8663.9902
2012-06-27,1331.8500,6228.9902,8730.4902
2012-06-28,1329.0400,6149.9102,8874.1104
2012-06-29,1362.1600,6416.2798,9006.7803
2012-07-02,1365.5100,6496.0801,9003.4805
2012-07-03,1374.0200,6578.2100,9066.5898
2012-07-05,1367.5800,6535.5601,9079.7998
2012-07-06,1354.6801,6410.1099,9020.7500
2012-07-09,1352.4600,6387.5698,8896.8799
2012-07-10,1341.4700,6438.3301,8857.7305
2012-07-11,1341.4500,6453.8501,8851.0000
2012-07-12,1334.7600,6419.3501,8720.0098
2012-07-13,1356.7800,6557.1001,8724.1201
2012-07-17,1363.6700,6577.6401,8755.0000
2012-07-18,1372.7800,6684.4199,8726.7402
2012-07-19,1376.5100,6758.3901,8795.5498
2012-07-20,1362.6600,6630.0200,8669.8701
2012-07-23,1350.5200,6419.3301,8508.3203
2012-07-24,1338.3101,6390.4102,8488.0898
2012-07-25,1337.8900,6406.5200,8365.9004
2012-07-26,1360.0200,6582.9600,8443.0996
2012-07-27,1385.9700,6689.3999,8566.6396
2012-07-30,1385.3000,6774.0601,8635.4404
2012-07-31,1379.3199,6772.2598,8695.0596
2012-08-01,1375.3199,6754.4600,8641.8496
2012-08-02,1365.0000,6606.0898,8653.1797
2012-08-03,1390.9900,6865.6602,8555.1104
2012-08-06,1394.2300,6918.7202,8726.2900
2012-08-07,1401.3500,6967.9502,8803.3096
2012-08-08,1402.2200,6966.1499,8881.1602
2012-08-09,1402.8000,6964.9902,8978.5996
2012-08-10,1405.8700,6944.5601,8891.4404
2012-08-13,1404.1100,6909.6802,8885.1504
2012-08-14,1403.9301,6974.3901,8929.8799
2012-08-15,1405.5300,6946.7998,8925.0400
2012-08-16,1415.5100,6996.2900,9092.7598
2012-08-17,1418.1600,7040.8799,9162.5000
2012-08-20,1418.1300,7033.6802,9171.1602
2012-08-21,1413.1700,7089.3198,9156.9199
2012-08-22,1413.4900,7017.7500,9131.7402
2012-08-23,1402.0800,6949.5698,9178.1201
2012-08-24,1411.1300,6971.0698,9070.7598
2012-08-27,1410.4399,7047.4502,9085.3896
2012-08-28,1409.3000,7002.6802,9033.2900
2012-08-29,1410.4900,7010.5698,9069.8096
2012-08-30,1399.4800,6895.4902,8983.7803
2012-08-31,1406.5800,6970.7900,8839.9102
2012-09-04,1404.9399,6932.5801,8775.5098
2012-09-05,1403.4399,6964.6899,8679.8203
2012-09-06,1432.1200,7167.3301,8680.5703
2012-09-07,1437.9200,7214.5000,8871.6504
2012-09-10,1429.0800,7213.7002,8869.3701
2012-09-11,1433.5601,7310.1099,8807.3799
2012-09-12,1436.5601,7343.5298,8959.9600
2012-09-13,1459.9900,7310.3198,8995.1504
2012-09-14,1465.7700,7412.1299,9159.3896
2012-09-18,1459.3199,7347.6899,9123.7695
2012-09-19,1461.0500,7390.7598,9232.2100
2012-09-20,1460.2600,7389.4902,9086.9805
2012-09-21,1460.1500,7451.6201,9110.0000
2012-09-24,1456.8900,7413.1602,9069.2900
2012-09-25,1441.5900,7425.1099,9091.5400
2012-09-26,1433.3199,7276.5098,8906.7002
2012-09-27,1447.1500,7290.0200,8949.8701
2012-09-28,1440.6700,7216.1499,8870.1602
2012-10-01,1444.4900,7326.7300,8796.5098
2012-10-02,1445.7500,7305.8599,8786.0498
2012-10-04,1461.4000,7305.2100,8824.5898
2012-10-05,1460.9301,7397.8701,8863.2998
2012-10-09,1441.4800,7234.5298,8769.5898
2012-10-10,1432.5601,7205.2300,8596.2305
2012-10-11,1432.8400,7281.7002,8546.7803
2012-10-12,1428.5900,7232.4902,8534.1201
2012-10-15,1440.1300,7261.2500,8577.9297
2012-10-16,1454.9200,7376.2700,8701.3096
2012-10-17,1460.9100,7394.5498,8806.5498
2012-10-18,1457.3400,7437.2300,8982.8604
2012-10-19,1433.1899,7380.6401,9002.6797
2012-10-22,1433.8199,7328.0498,9010.7100
2012-10-23,1413.1100,7173.6899,9014.2500
2012-10-24,1408.7500,7192.8501,8954.2998
2012-10-25,1412.9700,7200.2300,9055.2002
2012-10-26,1411.9399,7231.8501,8933.0596
2012-10-31,1412.1600,7260.6299,8928.2900
2012-11-01,1427.5900,7335.6699,8946.8701
2012-11-02,1414.2000,7363.8501,9051.2197
2012-11-05,1417.2600,7326.4702,9007.4404
2012-11-06,1428.3900,7377.7598,8975.1504
2012-11-07,1394.5300,7232.8301,8972.8896
2012-11-08,1377.5100,7204.9600,8837.1504
2012-11-09,1379.8500,7163.5000,8757.5996
2012-11-12,1380.0300,7168.7598,8676.4404
2012-11-13,1374.5300,7169.1201,8661.0498
2012-11-14,1355.4900,7101.9199,8664.7305
2012-11-15,1353.3300,7043.4199,8829.7197
2012-11-16,1359.8800,6950.5298,9024.1602
2012-11-19,1386.8900,7123.8398,9153.2002
2012-11-20,1387.8101,7172.9902,9142.6396
2012-11-21,1391.0300,7184.7100,9222.5195
2012-11-26,1406.2900,7292.0298,9388.9404
2012-11-27,1398.9399,7332.3301,9423.2998
2012-11-28,1409.9301,7343.4102,9308.3496
2012-11-29,1415.9500,7400.9600,9400.8799
2012-11-30,1416.1801,7405.5000,9446.0098
2012-12-03,1409.4600,7435.2100,9458.1797
2012-12-04,1407.0500,7435.1201,9432.4600
2012-12-05,1409.2800,7454.5498,9468.8398
2012-12-06,1413.9399,7534.5400,9545.1602
2012-12-07,1418.0699,7517.7998,9527.3896
2012-12-10,1418.5500,7530.9199,9533.7500
2012-12-11,1427.8400,7589.7500,9525.3203
2012-12-12,1428.4800,7614.7900,9581.4600
2012-12-13,1419.4500,7581.9800,9742.7305
2012-12-14,1413.5800,7596.4702,9737.5596
2012-12-17,1430.3600,7604.9399,9828.8799
2012-12-18,1446.7900,7653.5801,9923.0098
2012-12-19,1435.8101,7668.5000,10160.4004
2012-12-20,1443.6899,7672.1001,10039.3301
2012-12-21,1430.1500,7636.2300,9940.0596
2012-12-27,1418.1000,7655.8799,10322.9805
2012-12-28,1402.4301,7612.3901,10395.1797
2013-01-04,1466.4700,7776.3701,10688.1104
2013-01-07,1461.8900,7732.6602,10599.0098
2013-01-08,1457.1500,7695.8301,10508.0596
2013-01-09,1461.0200,7720.4702,10578.5703
2013-01-10,1472.1200,7708.4702,10652.6396
2013-01-11,1472.0500,7715.5298,10801.5703
2013-01-15,1472.3400,7675.9102,10879.0801
2013-01-16,1472.6300,7691.1299,10600.4404
2013-01-17,1480.9399,7735.4600,10609.6396
2013-01-18,1485.9800,7702.2300,10913.2998
2013-01-22,1492.5601,7696.2100,10709.9297
2013-01-23,1494.8101,7707.5400,10486.9902
2013-01-24,1494.8199,7748.1299,10620.8701
2013-01-25,1502.9600,7857.9702,10926.6504
2013-01-28,1500.1801,7833.0000,10824.3096
2013-01-29,1507.8400,7848.5698,10866.7197
2013-01-30,1501.9600,7811.3101,11113.9502
2013-01-31,1498.1100,7776.0498,11138.6602
2013-02-01,1513.1700,7833.3901,11191.3398
2013-02-04,1495.7100,7638.2300,11260.3496
2013-02-05,1511.2900,7664.6602,11046.9199
2013-02-06,1512.1200,7581.1802,11463.7500
2013-02-07,1509.3900,7590.8501,11357.0703
2013-02-08,1517.9301,7652.1401,11153.1602
2013-02-12,1519.4301,7660.1899,11369.1201
2013-02-13,1520.3300,7711.8901,11251.4102
2013-02-14,1521.3800,7631.1899,11307.2803
2013-02-15,1519.7900,7593.5098,11173.8301
2013-02-19,1530.9399,7752.4502,11372.3398
2013-02-20,1511.9500,7728.8999,11468.2803
2013-02-21,1502.4200,7583.5698,11309.1299
2013-02-22,1515.6000,7661.9102,11385.9404
2013-02-25,1487.8500,7773.1899,11662.5195
2013-02-26,1496.9399,7597.1099,11398.8096
2013-02-27,1515.9900,7675.8301,11253.9697
2013-02-28,1514.6801,7741.7002,11559.3604
2013-03-01,1518.2000,7708.1602,11606.3799
2013-03-04,1525.2000,7691.6802,11652.2900
2013-03-05,1539.7900,7870.3101,11683.4502
2013-03-06,1541.4600,7919.3301,11932.2695
2013-03-07,1544.2600,7939.7700,11968.0801
2013-03-08,1551.1801,7986.4702,12283.6201
2013-03-11,1556.2200,7984.2900,12349.0498
2013-03-12,1552.4800,7966.1201,12314.8096
2013-03-13,1554.5200,7970.9102,12239.6602
2013-03-14,1563.2300,8058.3701,12381.1904
2013-03-15,1560.7000,8042.8501,12560.9502
2013-03-18,1552.1000,8010.7002,12220.6299
2013-03-19,1548.3400,7947.7900,12468.2305
2013-03-21,1545.8000,7932.5098,12635.6904
2013-03-22,1556.8900,7911.3501,12338.5303
2013-03-25,1551.6899,7870.8999,12546.4600
2013-03-26,1563.7700,7879.6699,12471.6201
2013-03-27,1562.8500,7789.0898,12493.7900
2013-03-28,1569.1899,7795.3101,12335.9600
2013-04-02,1570.2500,7943.8701,12003.4297
2013-04-03,1553.6899,7874.7500,12362.2002
2013-04-04,1559.9800,7817.3901,12634.5400
2013-04-05,1553.2800,7658.7500,12833.6396
2013-04-08,1563.0699,7662.6401,13192.5898
2013-04-09,1568.6100,7637.5098,13192.3496
2013-04-10,1587.7300,7810.6299,13288.1299
2013-04-11,1593.3700,7871.6299,13549.1602
2013-04-12,1588.8500,7744.7700,13485.1396
2013-04-15,1552.3600,7712.6299,13275.6602
2013-04-16,1574.5699,7682.5801,13221.4404
2013-04-17,1552.0100,7503.0298,13382.8896
2013-04-18,1541.6100,7473.7300,13220.0703
2013-04-19,1555.2500,7459.9600,13316.4805
2013-04-22,1562.5000,7478.1099,13568.3701
2013-04-23,1578.7800,7658.2100,13529.6504
2013-04-24,1578.7900,7759.0298,13843.4600
2013-04-25,1585.1600,7832.8599,13926.0801
2013-04-26,1582.2400,7814.7598,13884.1299
2013-04-30,1597.5699,7913.7100,13860.8604
2013-05-02,1597.5900,7961.7100,13694.0400
2013-05-07,1625.9600,8181.7798,14180.2402
2013-05-08,1632.6899,8249.7100,14285.6904
2013-05-09,1626.6700,8262.5498,14191.4805
2013-05-10,1633.7000,8278.5898,14607.5400
2013-05-13,1633.7700,8279.2900,14782.2100
2013-05-14,1650.3400,8339.1104,14758.4199
2013-05-15,1658.7800,8362.4199,15096.0303
2013-05-16,1650.4700,8369.8701,15037.2402
2013-05-17,1667.4700,8398.0000,15138.1201
2013-05-20,1666.2900,8455.8301,15360.8096
2013-05-21,1669.1600,8472.2002,15381.0195
2013-05-22,1655.3500,8530.8896,15627.2598
2013-05-23,1650.5100,8351.9805,14483.9805
2013-05-24,1649.6000,8305.3203,14612.4502
2013-05-28,1660.0601,8480.8701,14311.9805
2013-05-29,1648.3600,8336.5801,14326.4600
2013-05-30,1654.4100,8400.2002,13589.0303
2013-05-31,1630.7400,8348.8398,13774.5400
2013-06-03,1640.4200,8285.7998,13261.8203
2013-06-04,1631.3800,8295.9600,13533.7598
2013-06-05,1608.9000,8196.1797,13014.8701
2013-06-06,1622.5601,8098.8101,12904.0195
2013-06-07,1643.3800,8254.6797,12877.5303
2013-06-10,1642.8101,8307.6904,13514.2002
2013-06-11,1626.1300,8222.4600,13317.6201
2013-06-12,1612.5200,8143.2700,13289.3203
2013-06-13,1636.3600,8095.3901,12445.3799
2013-06-14,1626.7300,8127.9600,12686.5195
2013-06-17,1639.0400,8215.7305,13033.1201
2013-06-18,1651.8101,8229.5098,13007.2803
2013-06-19,1628.9301,8197.0801,13245.2197
2013-06-20,1588.1899,7928.4800,13014.5801
2013-06-21,1592.4301,7789.2402,13230.1299
2013-06-24,1573.0900,7692.4502,13062.7803
2013-06-25,1588.0300,7811.2998,12969.3398
2013-06-26,1603.2600,7940.9902,12834.0098
2013-06-27,1613.2000,7990.7500,13213.5498
2013-06-28,1606.2800,7959.2202,13677.3203
2013-07-01,1614.9600,7983.9199,13852.5000
2013-07-02,1614.0800,7910.7700,14098.7402
2013-07-03,1615.4100,7829.3198,14055.5596
2013-07-05,1631.8900,7806.0000,14309.9697
2013-07-08,1640.4600,7968.5400,14109.3398
2013-07-09,1652.3199,8057.7500,14472.9004
2013-07-10,1652.6200,8066.4800,14416.5996
2013-07-11,1675.0200,8158.7998,14472.5801
2013-07-12,1680.1899,8212.7695,14506.2500
2013-07-16,1676.2600,8201.0498,14599.1201
2013-07-17,1680.9100,8254.7197,14615.0400
2013-07-18,1689.3700,8337.0898,14808.5000
2013-07-19,1692.0900,8331.5703,14589.9102
2013-07-22,1695.5300,8331.0596,14658.0400
2013-07-23,1692.3900,8314.2305,14778.5098
2013-07-24,1685.9399,8379.1104,14731.2803
2013-07-25,1690.2500,8298.9805,14562.9297
2013-07-26,1691.6500,8244.9102,14129.9805
2013-07-29,1685.3300,8259.0303,13661.1299
2013-07-30,1685.9600,8271.0195,13869.8203
2013-07-31,1685.7300,8275.9697,13668.3203
2013-08-01,1706.8700,8410.7305,14005.7695
2013-08-02,1709.6700,8406.9404,14466.1602
2013-08-05,1707.1400,8398.3799,14258.0400
2013-08-06,1697.3700,8299.7305,14401.0596
2013-08-07,1690.9100,8260.4805,13824.9404
2013-08-08,1697.4800,8318.3203,13605.5596
2013-08-09,1691.4200,8338.3096,13615.1904
2013-08-12,1689.4700,8359.2500,13519.4297
2013-08-13,1694.1600,8415.7598,13867.0000
2013-08-14,1685.3900,8438.1201,14050.1602
2013-08-15,1661.3199,8376.2900,13752.9404
2013-08-16,1655.8300,8391.9404,13650.1104
2013-08-19,1646.0601,8366.2900,13758.1299
2013-08-20,1652.3500,8300.0303,13396.3799
2013-08-21,1642.8000,8285.4102,13424.3301
2013-08-22,1656.9600,8397.8896,13365.1699
2013-08-23,1663.5000,8416.9902,13660.5498
2013-08-26,1656.7800,8435.1504,13636.2803
2013-08-27,1630.4800,8242.5596,13542.3701
2013-08-28,1634.9600,8157.8999,13338.4600
2013-08-29,1638.1700,8194.5498,13459.7100
2013-08-30,1632.9700,8103.1499,13388.8604
2013-09-03,1639.7700,8180.7100,13978.4404
2013-09-04,1653.0800,8195.9199,14053.8701
2013-09-05,1655.0800,8234.9805,14064.8203
2013-09-06,1655.1700,8275.6699,13860.8096
2013-09-09,1671.7100,8276.3203,14205.2305
2013-09-10,1683.9900,8446.5400,14423.3604
2013-09-11,1689.1300,8495.7305,14425.0703
2013-09-12,1683.4200,8494.0000,14387.2695
2013-09-13,1687.9900,8509.4199,14404.6699
2013-09-17,1704.7600,8596.9502,14311.6699
2013-09-18,1725.5200,8636.0596,14505.3604
2013-09-19,1722.3400,8694.1797,14766.1797
2013-09-20,1709.9100,8675.7305,14742.4199
2013-09-24,1697.4200,8664.5996,14732.6104
2013-09-25,1692.7700,8665.6299,14620.5303
2013-09-26,1698.6700,8664.0996,14799.1201
2013-09-27,1691.7500,8661.5098,14760.0703
2013-09-30,1681.5500,8594.4004,14455.7998
2013-10-01,1695.0000,8689.1396,14484.7197
2013-10-02,1693.8700,8629.4199,14170.4902
2013-10-04,1690.5000,8622.9697,14024.3096
2013-10-07,1676.1200,8591.5801,13853.3203
2013-10-08,1655.4500,8555.8896,13894.6104
2013-10-09,1656.4000,8516.6904,14037.8398
2013-10-10,1692.5601,8685.7695,14194.7100
2013-10-11,1703.2000,8724.8301,14404.7402
2013-10-15,1698.0601,8804.4404,14441.5400
2013-10-16,1721.5400,8846.0000,14467.1396
2013-10-17,1733.1500,8811.9805,14586.5098
2013-10-18,1744.5000,8865.0996,14561.5400
2013-10-21,1744.6600,8867.2197,14693.5703
2013-10-22,1754.6700,8947.4600,14713.2500
2013-10-23,1746.3800,8919.8604,14426.0498
2013-10-24,1752.0699,8980.6299,14486.4102
2013-10-25,1759.7700,8985.7402,14088.1904
2013-10-28,1762.1100,8978.6504,14396.0400
2013-10-29,1771.9500,9022.0400,14325.9805
2013-10-30,1763.3101,9010.2695,14502.3496
2013-10-31,1756.5400,9033.9199,14327.9404
2013-11-01,1761.6400,9007.8301,14201.5703
2013-11-05,1762.9700,9009.1104,14225.3701
2013-11-06,1770.4900,9040.8701,14337.3096
2013-11-07,1747.1500,9081.0303,14228.4404
2013-11-08,1770.6100,9078.2803,14086.7998
2013-11-11,1771.8900,9107.8604,14269.8398
2013-11-12,1767.6899,9076.4805,14588.6797
2013-11-13,1782.0000,9054.8301,14567.1602
2013-11-14,1790.6200,9149.6602,14876.4102
2013-11-15,1798.1801,9168.6904,15165.9199
2013-11-18,1791.5300,9225.4297,15164.2998
2013-11-19,1787.8700,9193.2900,15126.5596
2013-11-20,1781.3700,9202.0703,15076.0801
2013-11-21,1795.8500,9196.0801,15365.5996
2013-11-22,1804.7600,9219.0400,15381.7197
2013-11-25,1802.4800,9299.9502,15619.1299
2013-11-26,1802.7500,9290.0703,15515.2402
2013-11-27,1807.2300,9351.1299,15449.6299
2013-11-29,1805.8101,9405.2998,15661.8701
2013-12-02,1800.9000,9401.9600,15655.0703
2013-12-03,1795.1500,9223.4004,15749.6602
2013-12-04,1792.8101,9140.6299,15407.9404
2013-12-05,1785.0300,9084.9502,15177.4902
2013-12-06,1805.0900,9172.4102,15299.8604
2013-12-09,1808.3700,9195.1699,15650.2100
2013-12-10,1802.6200,9114.4404,15611.3096
2013-12-11,1782.2200,9077.1104,15515.0596
2013-12-12,1775.5000,9017.0000,15341.8203
2013-12-13,1775.3199,9006.4600,15403.1104
2013-12-16,1786.5400,9163.5596,15152.9102
2013-12-17,1781.0000,9085.1201,15278.6299
2013-12-18,1810.6500,9181.7500,15587.7998
2013-12-19,1809.6000,9335.7402,15859.2197
2013-12-20,1818.3199,9400.1797,15870.4199
2013-12-27,1841.4000,9589.3896,16178.9404
2013-12-30,1841.0699,9552.1602,16291.3096
2014-01-06,1826.7700,9428.0000,15908.8799
2014-01-07,1837.8800,9506.2002,15814.3701
2014-01-08,1837.4900,9497.8398,16121.4502
2014-01-09,1838.1300,9421.6104,15880.3301
2014-01-10,1842.3700,9473.2402,15912.0596
2014-01-14,1838.8800,9540.5098,15422.4004
2014-01-15,1848.3800,9733.8096,15808.7305
2014-01-16,1845.8900,9717.7100,15747.2002
2014-01-17,1838.7000,9742.9600,15734.4600
2014-01-21,1843.8000,9730.1201,15795.9600
2014-01-22,1844.8600,9720.1104,15820.9600
2014-01-23,1828.4600,9631.0400,15695.8896
2014-01-24,1790.2900,9392.0195,15391.5596
2014-01-27,1781.5601,9349.2197,15005.7305
2014-01-28,1792.5000,9406.9102,14980.1602
2014-01-29,1774.2000,9336.7305,15383.9102
2014-01-30,1794.1899,9373.4805,15007.0596
2014-01-31,1782.5900,9306.4805,14914.5303
2014-02-03,1741.8900,9186.5195,14619.1299
2014-02-04,1755.2000,9127.9102,14008.4697
2014-02-05,1751.6400,9116.3203,14180.3799
2014-02-06,1773.4301,9256.5801,14155.1201
2014-02-07,1797.0200,9301.9199,14462.4102
2014-02-10,1799.8400,9289.8604,14718.3398
2014-02-12,1819.2600,9540.0000,14800.0596
2014-02-13,1829.8300,9596.7695,14534.7402
2014-02-14,1838.6300,9662.4004,14313.0303
2014-02-18,1840.7600,9659.7803,14843.2402
2014-02-19,1828.7500,9660.0498,14766.5303
2014-02-20,1839.7800,9618.8496,14449.1797
2014-02-21,1836.2500,9656.9502,14865.6699
2014-02-24,1847.6100,9708.9404,14837.6797
2014-02-25,1845.1200,9699.3496,15051.5996
2014-02-26,1845.1600,9661.7305,14970.9697
2014-02-27,1854.2900,9588.3301,14923.1104
2014-02-28,1859.4500,9692.0801,14841.0703
2014-03-03,1845.7300,9358.8896,14652.2305
2014-03-04,1873.9100,9589.1504,14721.4805
2014-03-05,1873.8101,9542.0195,14897.6299
2014-03-06,1877.0300,9542.8701,15134.7500
2014-03-07,1878.0400,9350.7500,15274.0703
2014-03-10,1877.1700,9265.5000,15120.1396
2014-03-11,1867.6300,9307.7900,15224.1104
2014-03-12,1868.2000,9188.6904,14830.3896
2014-03-13,1846.3400,9017.7900,14815.9805
2014-03-14,1841.1300,9056.4102,14327.6602
2014-03-17,1858.8300,9180.8896,14277.6699
2014-03-18,1872.2500,9242.5498,14411.2695
2014-03-19,1860.7700,9277.0498,14462.5195
2014-03-20,1872.0100,9296.1201,14224.2305
2014-03-24,1857.4399,9188.7695,14475.2998
2014-03-25,1865.6200,9338.4004,14423.1904
2014-03-26,1852.5601,9448.5801,14477.1602
2014-03-27,1849.0400,9451.2100,14622.8896
2014-03-28,1857.6200,9587.1904,14696.0303
2014-03-31,1872.3400,9555.9102,14827.8301
2014-04-01,1885.5200,9603.7100,14791.9902
2014-04-02,1890.9000,9623.3604,14946.3203
2014-04-03,1888.7700,9628.8203,15071.8799
2014-04-04,1865.0900,9695.7695,15063.7695
2014-04-07,1845.0400,9510.8496,14808.8496
2014-04-08,1851.9600,9490.7900,14606.8799
2014-04-09,1872.1801,9506.3496,14299.6904
2014-04-10,1833.0800,9454.5400,14300.1201
2014-04-11,1815.6899,9315.2900,13960.0498
2014-04-14,1830.6100,9339.1699,13910.1602
2014-04-15,1842.9800,9173.7100,13996.8096
2014-04-16,1862.3101,9317.8203,14417.6797
2014-04-17,1864.8500,9409.7100,14417.5303
2014-04-22,1879.5500,9600.0898,14388.7695
2014-04-23,1875.3900,9544.1904,14546.2695
2014-04-24,1878.6100,9548.6797,14404.9902
2014-04-25,1863.4000,9401.5498,14429.2598
2014-04-28,1869.4301,9446.3604,14288.2305
2014-04-30,1883.9500,9603.2305,14304.1104
2014-05-02,1881.1400,9556.0195,14457.5098
2014-05-07,1878.2100,9521.2998,14033.4502
2014-05-08,1875.6300,9607.4004,14163.7803
2014-05-09,1878.4800,9581.4502,14199.5898
2014-05-12,1896.6500,9702.4600,14149.5195
2014-05-13,1897.4500,9754.4297,14425.4404
2014-05-14,1888.5300,9754.3896,14405.7598
2014-05-15,1870.8500,9656.0498,14298.2100
2014-05-16,1877.8600,9629.0996,14096.5898
2014-05-19,1885.0800,9659.3896,14006.4404
2014-05-20,1872.8300,9639.0801,14075.2500
2014-05-21,1888.0300,9697.8701,14042.1699
2014-05-22,1892.4900,9720.9102,14337.7900
2014-05-23,1900.5300,9768.0098,14462.1699
2014-05-27,1911.9100,9940.8203,14636.5195
2014-05-28,1909.7800,9939.1699,14670.9502
2014-05-29,1920.0300,9938.9004,14681.7197
2014-05-30,1923.5699,9943.2695,14632.3799
2014-06-02,1924.9700,9950.1201,14935.9199
2014-06-03,1924.2400,9919.7402,15034.2500
2014-06-04,1927.8800,9926.6699,15067.9600
2014-06-05,1940.4600,9947.8301,15079.3701
2014-06-06,1949.4399,9987.1904,15077.2402
2014-06-09,1951.2700,10008.6299,15124.0000
2014-06-10,1950.7900,10028.7998,14994.7998
2014-06-11,1943.8900,9949.8096,15069.4805
2014-06-12,1930.1100,9938.7002,14973.5303
2014-06-13,1936.1600,9912.8701,15097.8398
2014-06-16,1937.7800,9883.9805,14933.2900
2014-06-17,1941.9900,9920.3203,14975.9697
2014-06-18,1956.9800,9930.3301,15115.7998
2014-06-19,1959.4800,10004.0000,15361.1602
2014-06-20,1962.8700,9987.2402,15349.4199
2014-06-23,1962.6100,9920.9199,15369.2803
2014-06-24,1949.9800,9938.0801,15376.2402
2014-06-25,1959.5300,9867.7500,15266.6104
2014-06-26,1957.2200,9804.9004,15308.4902
2014-06-27,1960.9600,9815.1699,15095.0000
2014-06-30,1960.2300,9833.0703,15162.0996
2014-07-01,1973.3199,9902.4102,15326.2002
2014-07-02,1974.6200,9911.2695,15369.9697
2014-07-03,1985.4399,10029.4297,15348.2900
2014-07-07,1977.6500,9906.0703,15379.4404
2014-07-08,1963.7100,9772.6699,15314.4102
2014-07-09,1972.8300,9808.2002,15302.6504
2014-07-10,1964.6801,9659.1299,15216.4697
2014-07-11,1967.5699,9666.3398,15164.0400
2014-07-14,1977.1000,9783.0098,15296.8203
2014-07-15,1973.2800,9719.4102,15395.1602
2014-07-16,1981.5699,9859.2695,15379.2998
2014-07-17,1958.1200,9753.8799,15370.2598
2014-07-18,1978.2200,9720.0195,15215.7100
2014-07-22,1983.5300,9734.3301,15343.2803
2014-07-23,1987.0100,9753.5596,15328.5596
2014-07-24,1987.9800,9794.0596,15284.4199
2014-07-25,1978.3400,9644.0098,15457.8701
2014-07-28,1978.9100,9598.1699,15529.4004
2014-07-29,1969.9500,9653.6299,15618.0703
2014-07-30,1970.0699,9593.6797,15646.2305
2014-07-31,1930.6700,9407.4805,15620.7695
2014-08-01,1925.1500,9210.0801,15523.1104
2014-08-04,1938.9900,9154.1396,15474.5000
2014-08-05,1920.2100,9189.7402,15320.3096
2014-08-06,1920.2400,9130.0400,15159.7900
2014-08-07,1909.5699,9038.9697,15232.3701
2014-08-08,1931.5900,9009.3203,14778.3701
2014-08-11,1936.9200,9180.7402,15130.5195
2014-08-12,1933.7500,9069.4697,15161.3096
2014-08-13,1946.7200,9198.8799,15213.6299
2014-08-14,1955.1801,9225.0996,15314.5703
2014-08-15,1955.0601,9092.5996,15318.3398
2014-08-18,1971.7400,9245.3301,15322.5996
2014-08-19,1981.6000,9334.2803,15449.7900
2014-08-20,1986.5100,9314.5703,15454.4502
2014-08-21,1992.3700,9401.5303,15586.2002
2014-08-22,1988.4000,9339.1699,15539.1904
2014-08-25,1997.9200,9510.1396,15613.2500
2014-08-26,2000.0200,9588.1504,15521.2197
2014-08-27,2000.1200,9569.7100,15534.8203
2014-08-28,1996.7400,9462.5596,15459.8604
2014-08-29,2003.3700,9470.1699,15424.5898
2014-09-02,2002.2800,9507.0195,15668.5996
2014-09-03,2000.7200,9626.4902,15728.3496
2014-09-04,1997.6500,9724.2598,15676.1797
2014-09-05,2007.7100,9747.0195,15668.6797
2014-09-08,2001.5400,9758.0303,15705.1104
2014-09-09,1988.4399,9710.7002,15749.1504
2014-09-10,1995.6899,9700.1699,15788.7803
2014-09-11,1997.4500,9691.2803,15909.2002
2014-09-12,1985.5400,9651.1299,15948.2900
2014-09-16,1998.9800,9632.9297,15911.5303
2014-09-17,2001.5699,9661.5000,15888.6699
2014-09-18,2011.3600,9798.1299,16067.5703
2014-09-19,2010.4000,9799.2598,16321.1699
2014-09-22,1994.2900,9749.5400,16205.9004
2014-09-24,1998.3000,9661.9697,16167.4502
2014-09-25,1965.9900,9510.0098,16374.1396
2014-09-26,1982.8500,9490.5498,16229.8604
2014-09-29,1977.8000,9422.9102,16310.6396
2014-09-30,1972.2900,9474.2998,16173.5195
2014-10-01,1946.1600,9382.0303,16082.2500
2014-10-02,1946.1700,9195.6797,15661.9902
2014-10-06,1964.8199,9209.5098,15890.9502
2014-10-07,1935.1000,9086.2100,15783.8301
2014-10-08,1968.8900,8995.3301,15595.9805
2014-10-09,1928.2100,9005.0195,15478.9297
2014-10-10,1906.1300,8788.8096,15300.5498
2014-10-14,1877.7000,8825.2100,14936.5098
2014-10-15,1862.4900,8571.9502,15073.5195
2014-10-16,1862.7600,8582.9004,14738.3799
2014-10-17,1886.7600,8850.2695,14532.5098
2014-10-20,1904.0100,8717.7598,15111.2305
2014-10-21,1941.2800,8886.9600,14804.2803
2014-10-22,1927.1100,8940.1396,15195.7695
2014-10-23,1950.8199,9047.3096,15138.9600
2014-10-24,1964.5800,8987.7998,15291.6396
2014-10-27,1961.6300,8902.6104,15388.7197
2014-10-28,1985.0500,9068.1904,15329.9102
2014-10-29,1982.3000,9082.8096,15553.9102
2014-10-30,1994.6500,9114.8398,15658.2002
2014-10-31,2018.0500,9326.8701,16413.7598
2014-11-04,2012.1000,9166.4697,16862.4707
2014-11-05,2023.5699,9315.4805,16937.3203
2014-11-06,2031.2100,9377.4102,16792.4805
2014-11-07,2031.9200,9291.8301,16880.3809
2014-11-10,2038.2600,9351.8701,16780.5293
2014-11-11,2039.6801,9369.0303,17124.1094
2014-11-12,2038.2500,9210.9600,17197.0508
2014-11-13,2039.3300,9248.5098,17392.7891
2014-11-14,2039.8199,9252.9404,17490.8301
2014-11-17,2041.3199,9306.3496,16973.8008
2014-11-18,2051.8000,9456.5303,17344.0605
2014-11-19,2048.7200,9472.7998,17288.7500
2014-11-20,2052.7500,9483.9697,17300.8594
2014-11-21,2063.5000,9732.5498,17357.5098
2014-11-25,2067.0300,9861.2100,17407.6191
2014-11-26,2072.8301,9915.5596,17383.5801
2014-11-28,2067.5601,9980.8496,17459.8496
2014-12-01,2053.4399,9963.5098,17590.0996
2014-12-02,2066.5500,9934.0801,17663.2207
2014-12-03,2074.3301,9971.7900,17720.4297
2014-12-04,2071.9199,9851.3496,17887.2109
2014-12-05,2075.3701,10087.1201,17920.4492
2014-12-08,2060.3101,10014.9902,17935.6406
2014-12-09,2059.8201,9793.7100,17813.3809
2014-12-10,2026.1400,9799.7305,17412.5801
2014-12-11,2035.3300,9862.5303,17257.4004
2014-12-12,2002.3300,9594.7305,17371.5801
2014-12-15,1989.6300,9334.0098,17099.4004
2014-12-16,1972.7400,9563.8896,16755.3203
2014-12-17,2012.8900,9544.4297,16819.7305
2014-12-18,2061.2300,9811.0596,17210.0508
2014-12-19,2070.6499,9786.9600,17621.4004
2014-12-22,2078.5400,9865.7598,17635.1406
2014-12-29,2090.5701,9927.1299,17729.8398
2014-12-30,2080.3501,9805.5498,17450.7695
2015-01-05,2020.5800,9473.1602,17408.7109
2015-01-06,2002.6100,9469.6602,16883.1895
2015-01-07,2025.9000,9518.1797,16885.3301
2015-01-08,2062.1399,9837.6104,17167.0996
2015-01-09,2044.8101,9648.5000,17197.7305
2015-01-13,2023.0300,9941.0000,17087.7109
2015-01-14,2011.2700,9817.0801,16795.9609
2015-01-15,1992.6700,10032.6104,17108.6992
2015-01-16,2019.4200,10167.7695,16864.1602
2015-01-20,2022.5500,10257.1299,17366.3008
2015-01-21,2032.1200,10299.2305,17280.4805
2015-01-22,2063.1499,10435.6201,17329.0195
2015-01-23,2051.8201,10649.5801,17511.7500
2015-01-26,2057.0901,10798.3301,17468.5195
2015-01-27,2029.5500,10628.5801,17768.3008
2015-01-28,2002.1600,10710.9697,17795.7305
2015-01-29,2021.2500,10737.8701,17606.2207
2015-01-30,1994.9900,10694.3203,17674.3906
2015-02-02,2020.8500,10828.0098,17558.0391
2015-02-03,2050.0300,10890.9502,17335.8496
2015-02-04,2041.5100,10911.3203,17678.7402
2015-02-05,2062.5200,10905.4102,17504.6191
2015-02-06,2055.4700,10846.3896,17648.5000
2015-02-09,2046.7400,10663.5098,17711.9297
2015-02-10,2068.5901,10753.8301,17652.6797
2015-02-12,2088.4800,10919.6504,17979.7207
2015-02-13,2096.9900,10963.4004,17913.3594
2015-02-17,2100.3401,10895.6201,17987.0898
2015-02-18,2099.6799,10961.0000,18199.1699
2015-02-19,2097.4500,11001.9404,18264.7891
2015-02-20,2110.3000,11050.6396,18332.3008
2015-02-23,2109.6599,11130.9199,18466.9199
2015-02-24,2115.4800,11205.7402,18603.4805
2015-02-25,2113.8601,11210.2695,18585.1992
2015-02-26,2110.7400,11327.1904,18785.7891
2015-02-27,2104.5000,11401.6602,18797.9395
2015-03-02,2117.3899,11410.3604,18826.8809
2015-03-03,2107.7800,11280.3604,18815.1602
2015-03-04,2098.5300,11390.3799,18703.5996
2015-03-05,2101.0400,11504.0098,18751.8398
2015-03-06,2071.2600,11550.9697,18971.0000
2015-03-09,2079.4299,11582.1104,18790.5508
2015-03-10,2044.1600,11500.3799,18665.1094
2015-03-11,2040.2400,11805.9902,18723.5195
2015-03-12,2065.9500,11799.3896,18991.1094
2015-03-13,2053.3999,11901.6104,19254.2500
2015-03-16,2081.1899,12167.7197,19246.0605
2015-03-17,2074.2800,11980.8496,19437.0000
2015-03-18,2099.5000,11922.7695,19544.4805
2015-03-19,2089.2700,11899.4004,19476.5605
2015-03-20,2108.1001,12039.3701,19560.2207
2015-03-23,2104.4199,11895.8398,19754.3594
2015-03-24,2091.5000,12005.6904,19713.4492
2015-03-25,2061.0500,11865.3203,19746.1992
2015-03-26,2056.1499,11843.6797,19471.1191
2015-03-27,2061.0200,11868.3301,19285.6309
2015-03-30,2086.2400,12086.0098,19411.4004
2015-03-31,2067.8899,11966.1699,19206.9902
2015-04-01,2059.6899,12001.3799,19034.8398
2015-04-02,2066.9600,11967.3896,19312.7891
2015-04-07,2076.3301,12123.5195,19640.5391
2015-04-08,2081.8999,12035.8604,19789.8105
2015-04-09,2091.1799,12166.4404,19937.7207
2015-04-10,2102.0601,12374.7305,19907.6309
2015-04-13,2092.4299,12338.7305,19905.4609
2015-04-14,2095.8401,12227.5996,19908.6797
2015-04-15,2106.6299,12231.3398,19869.7598
2015-04-16,2104.9900,11998.8604,19885.7695
2015-04-17,2081.1799,11688.7002,19652.8809
2015-04-20,2100.3999,11891.9102,19634.4902
2015-04-21,2097.2900,11939.5801,19909.0898
2015-04-22,2107.9600,11867.3701,20133.9004
2015-04-23,2112.9299,11723.5801,20187.6504
2015-04-24,2117.6899,11810.8496,20020.0391
2015-04-27,2108.9199,12039.1602,19983.3203
2015-04-28,2114.7600,11811.6602,20058.9492
2015-04-30,2085.5100,11454.3799,19520.0098
2015-05-07,2088.0000,11407.9697,19291.9902
2015-05-08,2116.1001,11709.7305,19379.1895
2015-05-11,2105.3301,11673.3496,19620.9102
2015-05-12,2099.1201,11472.4102,19624.8398
2015-05-13,2098.4800,11351.4600,19764.7207
2015-05-14,2121.1001,11559.8203,19570.2402
2015-05-15,2122.7300,11447.0303,19732.9199
2015-05-18,2129.2000,11594.2803,19890.2695
2015-05-19,2127.8301,11853.3301,20026.3809
2015-05-20,2125.8501,11848.4697,20196.5605
2015-05-21,2130.8201,11864.5898,20202.8691
2015-05-22,2126.0601,11815.0098,20264.4102
2015-05-26,2104.2000,11625.1299,20437.4805
2015-05-27,2123.4800,11771.1299,20472.5801
2015-05-28,2120.7900,11677.5703,20551.4609
2015-05-29,2107.3899,11413.8203,20563.1504
2015-06-01,2111.7300,11436.0498,20569.8691
2015-06-02,2109.6001,11328.7998,20543.1895
2015-06-03,2114.0701,11419.6201,20473.5098
2015-06-04,2095.8401,11340.5996,20488.1895
2015-06-05,2092.8301,11197.1504,20460.9004
2015-06-08,2079.2800,11064.9199,20457.1895
2015-06-09,2080.1499,11001.2900,20096.3008
2015-06-10,2105.2000,11265.3896,20046.3594
2015-06-11,2108.8601,11332.7803,20382.9707
2015-06-12,2094.1101,11196.4902,20407.0801
2015-06-15,2084.4299,10984.9697,20387.7891
2015-06-16,2096.2900,11044.0098,20257.9395
2015-06-17,2100.4399,10978.0098,20219.2695
2015-06-18,2121.2400,11100.2998,19990.8203
2015-06-19,2109.9900,11040.0996,20174.2402
2015-06-22,2122.8501,11460.5000,20428.1895
2015-06-23,2124.2000,11542.5400,20809.4199
2015-06-24,2108.5801,11471.2598,20868.0293
2015-06-25,2102.3101,11473.1299,20771.4004
2015-06-26,2101.4900,11492.4297,20706.1504
2015-06-29,2057.6399,11083.2002,20109.9492
2015-06-30,2063.1101,10944.9697,20235.7305
2015-07-01,2077.4199,11180.5000,20329.3203
2015-07-02,2076.7800,11099.3496,20522.5000
2015-07-06,2068.7600,10890.6299,20112.1191
2015-07-07,2081.3401,10676.7803,20376.5898
2015-07-08,2046.6801,10747.2998,19737.6406
2015-07-09,2051.3101,10996.4102,19855.5000
2015-07-10,2076.6201,11315.6299,19779.8301
2015-07-13,2099.6001,11484.3799,20089.7695
2015-07-14,2108.9500,11516.9004,20385.3301
2015-07-15,2107.3999,11539.6602,20463.3301
2015-07-16,2124.2900,11716.7598,20600.1191
2015-07-17,2126.6399,11673.4199,20650.9199
2015-07-21,2119.2100,11604.7998,20841.9707
2015-07-22,2114.1499,11520.6699,20593.6699
2015-07-23,2102.1499,11512.1104,20683.9492
2015-07-24,2079.6499,11347.4502,20544.5293
2015-07-27,2067.6399,11056.4004,20350.0996
2015-07-28,2093.2500,11173.9102,20328.8906
2015-07-29,2108.5701,11211.8496,20302.9102
2015-07-30,2108.6299,11257.1504,20522.8301
2015-07-31,2103.8401,11308.9902,20585.2402
2015-08-03,2098.0400,11443.7197,20548.1094
2015-08-04,2093.3201,11456.0703,20520.3594
2015-08-05,2099.8401,11636.2998,20614.0605
2015-08-06,2083.5601,11585.0996,20664.4395
2015-08-07,2077.5701,11490.8301,20724.5605
2015-08-10,2104.1799,11604.7803,20808.6895
2015-08-11,2084.0701,11293.6504,20720.7500
2015-08-12,2086.0500,10924.6104,20392.7695
2015-08-13,2083.3899,11014.6299,20595.5508
2015-08-14,2091.5400,10985.1396,20519.4492
2015-08-17,2102.4399,10940.3301,20620.2598
2015-08-18,2096.9199,10915.9199,20554.4707
2015-08-19,2079.6101,10682.1504,20222.6309
2015-08-20,2035.7300,10432.1904,20033.5195
2015-08-21,1970.8900,10124.5195,19435.8301
2015-08-24,1893.2100,9648.4297,18540.6797
2015-08-25,1867.6100,10128.1201,17806.6992
2015-08-26,1940.5100,9997.4297,18376.8301
2015-08-27,1987.6600,10315.6201,18574.4395
2015-08-28,1988.8700,10298.5303,19136.3203
2015-08-31,1972.1801,10259.4600,18890.4805
2015-09-01,1913.8500,10015.5703,18165.6895
2015-09-02,1948.8600,10048.0498,18095.4004
2015-09-03,1951.1300,10317.8398,18182.3906
2015-09-04,1921.2200,10038.0400,17792.1602
2015-09-08,1969.4100,10271.3604,17427.0801
2015-09-09,1942.0400,10303.1201,18770.5098
2015-09-10,1952.2900,10210.4404,18299.6191
2015-09-11,1961.0500,10123.5596,18264.2207
2015-09-14,1953.0300,10131.7402,17965.6992
2015-09-15,1978.0900,10188.1299,18026.4805
2015-09-16,1995.3101,10227.2100,18171.5996
2015-09-17,1990.2000,10229.5801,18432.2695
2015-09-18,1958.0300,9916.1602,18070.2109
2015-09-24,1932.2400,9427.6396,17571.8301
2015-09-25,1931.3400,9688.5303,17880.5098
2015-09-28,1881.7700,9483.5498,17645.1094
2015-09-29,1884.0900,9450.4004,16930.8398
2015-09-30,1920.0300,9660.4404,17388.1504
2015-10-01,1923.8199,9509.2500,17722.4199
2015-10-02,1951.3600,9553.0703,17725.1309
2015-10-05,1987.0500,9814.7900,18005.4902
2015-10-06,1979.9200,9902.8301,18186.0996
2015-10-07,1995.8300,9970.4004,18322.9805
2015-10-08,2013.4301,9993.0703,18141.1699
2015-10-09,2014.8900,10096.5996,18438.6699
2015-10-13,2003.6899,10032.8203,18234.7402
2015-10-14,1994.2400,9915.8496,17891.0000
2015-10-15,2023.8600,10064.7998,18096.9004
2015-10-16,2033.1100,10104.4297,18291.8008
2015-10-19,2033.6600,10164.3096,18131.2305
2015-10-20,2030.7700,10147.6797,18207.1504
2015-10-21,2018.9399,10238.0996,18554.2793
2015-10-22,2052.5100,10491.9697,18435.8691
2015-10-23,2075.1499,10794.5400,18825.3008
2015-10-26,2071.1799,10801.3398,18947.1191
2015-10-27,2065.8899,10692.1904,18777.0391
2015-10-28,2090.3501,10831.9600,18903.0195
2015-10-29,2089.4099,10800.8398,18935.7109
2015-10-30,2079.3601,10850.1396,19083.0996
2015-11-02,2104.0500,10950.6699,18683.2402
2015-11-04,2102.3101,10845.2402,18926.9102
2015-11-05,2099.9299,10887.7402,19116.4102
2015-11-06,2099.2000,10988.0303,19265.5996
2015-11-09,2078.5801,10815.4502,19642.7402
2015-11-10,2081.7200,10832.5195,19671.2598
2015-11-11,2075.0000,10907.8701,19691.3906
2015-11-12,2045.9700,10782.6299,19697.7695
2015-11-13,2023.0400,10708.4004,19596.9102
2015-11-16,2053.1899,10713.2305,19393.6895
2015-11-17,2050.4399,10971.0400,19630.6309
2015-11-18,2083.5801,10959.9502,19649.1797
2015-11-19,2081.2400,11085.4404,19859.8105
2015-11-20,2089.1699,11119.8301,19879.8105
2015-11-24,2089.1399,10933.9902,19924.8906
2015-11-25,2088.8701,11169.5400,19847.5801
2015-11-27,2090.1101,11293.7598,19883.9395
2015-11-30,2080.4099,11382.2305,19747.4707
2015-12-01,2102.6299,11261.2402,20012.4004
2015-12-02,2079.5100,11190.0195,19938.1309
2015-12-03,2049.6201,10789.2402,19939.9004
2015-12-04,2091.6899,10752.0996,19504.4805
2015-12-07,2077.0701,10886.0898,19698.1504
2015-12-08,2063.5901,10673.5996,19492.5996
2015-12-09,2047.6200,10592.4902,19301.0703
2015-12-10,2052.2300,10598.9297,19046.5508
2015-12-11,2012.3700,10340.0596,19230.4805
2015-12-14,2021.9399,10139.3398,18883.4199
2015-12-15,2043.4100,10450.3799,18565.9004
2015-12-16,2073.0701,10469.2598,19049.9102
2015-12-17,2041.8900,10738.1201,19353.5605
2015-12-18,2005.5500,10608.1904,18986.8008
2015-12-21,2021.1500,10497.7695,18916.0195
2015-12-22,2038.9700,10488.7500,18886.6992
2015-12-28,2056.5000,10653.9102,18873.3496
2015-12-29,2078.3601,10860.1396,18982.2305
2015-12-30,2063.3601,10743.0098,19033.7109
2016-01-04,2012.6600,10283.4404,18450.9805
2016-01-05,2016.7100,10310.0996,18374.0000
2016-01-06,1990.2600,10214.0195,18191.3203
2016-01-07,1943.0900,9979.8496,17767.3398
2016-01-08,1922.0300,9849.3398,17697.9609
2016-01-12,1938.6801,9985.4297,17218.9609
2016-01-13,1890.2800,9960.9600,17715.6309
2016-01-14,1921.8400,9794.2002,17240.9492
2016-01-15,1880.3300,9545.2695,17147.1094
2016-01-19,1881.3300,9664.2100,17048.3691
2016-01-20,1859.3300,9391.6396,16416.1895
2016-01-21,1868.9900,9574.1602,16017.2598
2016-01-22,1906.9000,9764.8799,16958.5293
2016-01-25,1877.0800,9736.1504,17110.9102
2016-01-26,1903.6300,9822.7500,16708.9004
2016-01-27,1882.9500,9880.8203,17163.9199
2016-01-28,1893.3600,9639.5898,17041.4492
2016-01-29,1940.2400,9798.1104,17518.3008
2016-02-01,1939.3800,9757.8799,17865.2305
2016-02-02,1903.0300,9581.0400,17750.6797
2016-02-03,1912.5300,9434.8203,17191.2500
2016-02-04,1915.4500,9393.3604,17044.9902
2016-02-05,1880.0500,9286.2305,16819.5898
2016-02-08,1853.4399,8979.3604,17004.3008
2016-02-09,1852.2100,8879.4004,16085.4404
2016-02-10,1851.8600,9017.2900,15713.3896
2016-02-12,1864.7800,8967.5098,14952.6104
2016-02-16,1895.5800,9135.1104,16054.4297
2016-02-17,1926.8199,9377.2100,15836.3604
2016-02-18,1917.8300,9463.6396,16196.7998
2016-02-19,1917.7800,9388.0498,15967.1699
2016-02-22,1945.5000,9573.5898,16111.0498
2016-02-23,1921.2700,9416.7695,16052.0498
2016-02-24,1929.8000,9167.7998,15915.7900
2016-02-25,1951.7000,9331.4805,16140.3398
2016-02-26,1948.0500,9513.2998,16188.4102
2016-02-29,1932.2300,9495.4004,16026.7598
2016-03-01,1978.3500,9717.1602,16085.5098
2016-03-02,1986.4500,9776.6201,16746.5508
2016-03-03,1993.4000,9751.9199,16960.1602
2016-03-04,1999.9900,9824.1699,17014.7793
2016-03-07,2001.7600,9778.9297,16911.3203
2016-03-08,1979.2600,9692.8203,16783.1504
2016-03-09,1989.2600,9723.0898,16642.1992
2016-03-10,1989.5699,9498.1504,16852.3496
2016-03-11,2022.1899,9831.1299,16938.8691
2016-03-14,2019.6400,9990.2598,17233.7500
2016-03-15,2015.9301,9933.8496,17117.0703
2016-03-16,2027.2200,9983.4102,16974.4492
2016-03-17,2040.5900,9892.2002,16936.3809
2016-03-18,2049.5801,9950.7998,16724.8105
2016-03-22,2049.8000,9990.0000,17048.5508
2016-03-23,2036.7100,10022.9297,17000.9805
2016-03-24,2035.9399,9851.3496,16892.3301
2016-03-29,2055.0100,9887.9404,17103.5293
2016-03-30,2063.9500,10046.6104,16878.9609
2016-03-31,2059.7400,9965.5098,16758.6699
2016-04-01,2072.7800,9794.6396,16164.1602
2016-04-04,2066.1299,9822.0801,16123.2695
2016-04-05,2045.1700,9563.3604,15732.8203
2016-04-06,2066.6599,9624.5098,15715.3604
2016-04-07,2041.9100,9530.6201,15749.8398
2016-04-08,2047.6000,9622.2598,15821.5195
2016-04-11,2041.9900,9682.9902,15751.1299
2016-04-12,2061.7200,9761.4697,15928.7900
2016-04-13,2082.4199,10026.0996,16381.2197
2016-04-14,2082.7800,10093.6504,16911.0508
2016-04-15,2080.7300,10051.5703,16848.0293
2016-04-18,2094.3401,10120.3096,16275.9502
2016-04-19,2100.8000,10349.5898,16874.4395
2016-04-20,2102.3999,10421.2900,16906.5391
2016-04-21,2091.4800,10435.7305,17363.6191
2016-04-22,2091.5801,10373.4902,17572.4902
2016-04-25,2087.7900,10294.3496,17439.3008
2016-04-26,2091.7000,10259.5898,17353.2793
2016-04-27,2095.1499,10299.8301,17290.4902
2016-04-28,2075.8101,10321.1504,16666.0508
2016-05-02,2081.4299,10123.2695,16147.3799
2016-05-06,2057.1399,9869.9502,16106.7197
2016-05-09,2058.6899,9980.4902,16216.0303
2016-05-10,2084.3899,10045.4404,16565.1895
2016-05-11,2064.4600,9975.3203,16579.0098
2016-05-12,2064.1101,9862.1201,16646.3398
2016-05-13,2046.6100,9952.9004,16412.2109
2016-05-17,2047.2100,9890.1904,16652.8008
2016-05-18,2047.6300,9943.2305,16644.6895
2016-05-19,2040.0400,9795.8896,16646.6602
2016-05-20,2052.3201,9916.0195,16736.3496
2016-05-23,2048.0400,9842.2900,16654.5996
2016-05-24,2076.0601,10057.3096,16498.7598
2016-05-25,2090.5400,10205.2100,16757.3496
2016-05-26,2090.1001,10272.7100,16772.4609
2016-05-27,2099.0601,10286.3096,16834.8398
2016-05-31,2096.9500,10262.7402,17234.9805
2016-06-01,2099.3301,10204.4404,16955.7305
2016-06-02,2105.2600,10208.0000,16562.5508
2016-06-03,2099.1299,10103.2598,16642.2305
2016-06-06,2109.4099,10121.0801,16580.0293
2016-06-07,2112.1299,10287.6797,16675.4492
2016-06-08,2119.1201,10217.0303,16830.9199
2016-06-09,2115.4800,10088.8701,16668.4102
2016-06-10,2096.0701,9834.6201,16601.3594
2016-06-13,2079.0601,9657.4404,16019.1797
2016-06-14,2075.3201,9519.2002,15859.0000
2016-06-15,2071.5000,9606.7100,15919.5801
2016-06-16,2077.9900,9550.4697,15434.1396
2016-06-17,2071.2200,9631.3604,15599.6602
2016-06-20,2083.2500,9962.0195,15965.2998
2016-06-21,2088.8999,10015.5400,16169.1104
2016-06-22,2085.4500,10071.0596,16065.7197
2016-06-23,2113.3201,10257.0303,16238.3496
2016-06-24,2037.4100,9557.1602,14952.0195
2016-06-27,2000.5400,9268.6602,15309.2100
2016-06-28,2036.0900,9447.2803,15323.1396
2016-06-29,2070.7700,9612.2695,15566.8301
2016-06-30,2098.8601,9680.0898,15575.9199
2016-07-01,2102.9500,9776.1201,15682.4805
2016-07-05,2088.5500,9532.6104,15669.3301
2016-07-06,2099.7300,9373.2598,15378.9902
2016-07-07,2097.8999,9418.7803,15276.2402
2016-07-08,2129.8999,9629.6602,15106.9805
2016-07-11,2137.1599,9833.4102,15708.8203
2016-07-12,2152.1399,9964.0703,16095.6504
2016-07-13,2152.4299,9930.7100,16231.4297
2016-07-14,2163.7500,10068.2998,16385.8906
2016-07-15,2161.7400,10066.9004,16497.8496
2016-07-19,2163.7800,9981.2402,16723.3105
2016-07-20,2173.0200,10142.0098,16681.8906
2016-07-21,2165.1699,10156.2100,16810.2207
2016-07-22,2175.0300,10147.4600,16627.2500
2016-07-25,2168.4800,10198.2402,16620.2891
2016-07-26,2169.1799,10247.7598,16383.0400
2016-07-27,2166.5801,10319.5498,16664.8203
2016-07-28,2170.0601,10274.9297,16476.8398
2016-07-29,2173.6001,10337.5000,16569.2695
2016-08-01,2170.8401,10330.5195,16635.7695
2016-08-02,2157.0300,10144.3398,16391.4492
2016-08-03,2163.7900,10170.2100,16083.1104
2016-08-04,2164.2500,10227.8604,16254.8896
2016-08-05,2182.8701,10367.2100,16254.4502
2016-08-08,2180.8899,10432.3604,16650.5703
2016-08-09,2181.7400,10692.9004,16764.9707
2016-08-10,2175.4900,10650.8896,16735.1191
2016-08-12,2184.0500,10713.4297,16919.9199
2016-08-15,2190.1499,10739.2100,16869.5605
2016-08-16,2178.1499,10676.6504,16596.5098
2016-08-17,2182.2200,10537.6699,16745.6406
2016-08-18,2187.0200,10603.0303,16486.0098
2016-08-19,2183.8701,10544.3604,16545.8203
2016-08-22,2182.6399,10494.3496,16598.1895
2016-08-23,2186.8999,10592.8799,16497.3594
2016-08-24,2175.4399,10622.9697,16597.3008
2016-08-25,2172.4700,10529.5898,16555.9492
2016-08-26,2169.0400,10587.7695,16360.7100
2016-08-29,2180.3799,10544.4404,16737.4902
2016-08-30,2176.1201,10657.6396,16725.3594
2016-08-31,2170.9500,10592.6904,16887.4004
2016-09-01,2170.8601,10534.3096,16926.8398
2016-09-02,2179.9800,10683.8203,16925.6797
2016-09-06,2186.4800,10687.1396,17081.9805
2016-09-07,2186.1599,10752.9805,17012.4395
2016-09-08,2181.3000,10675.2900,16958.7695
2016-09-09,2127.8101,10573.4404,16965.7598
2016-09-12,2159.0400,10431.7695,16672.9199
2016-09-13,2127.0200,10386.5996,16729.0391
2016-09-14,2125.7700,10378.4004,16614.2402
2016-09-15,2147.2600,10431.2002,16405.0098
2016-09-16,2139.1599,10276.1699,16519.2891
2016-09-20,2139.7600,10393.8604,16492.1504
2016-09-21,2163.1201,10436.4902,16807.6191
2016-09-23,2164.6899,10626.9697,16754.0195
2016-09-26,2146.1001,10393.7100,16544.5605
2016-09-27,2159.9299,10361.4805,16683.9297
2016-09-28,2171.3701,10438.3398,16465.4004
2016-09-29,2151.1299,10405.5400,16693.7109
2016-09-30,2168.2700,10511.0195,16449.8398
2016-10-04,2150.4900,10619.6104,16735.6504
2016-10-05,2159.7300,10585.7803,16819.2402
2016-10-06,2160.7700,10568.7998,16899.0996
2016-10-07,2153.7400,10490.8604,16860.0898
2016-10-11,2136.7300,10577.1602,17024.7598
2016-10-12,2139.1799,10523.0703,16840.0000
2016-10-13,2132.5500,10414.0703,16774.2402
2016-10-14,2132.9800,10580.3799,16856.3691
2016-10-17,2126.5000,10503.5703,16900.1191
2016-10-18,2139.6001,10631.5498,16963.6094
2016-10-19,2144.2900,10645.6797,16998.9102
2016-10-20,2141.3401,10701.3896,17235.5000
2016-10-21,2141.1599,10710.7305,17184.5898
2016-10-24,2151.3301,10761.1699,17234.4199
2016-10-25,2143.1599,10757.3096,17365.2500
2016-10-26,2139.4299,10709.6797,17391.8398
2016-10-27,2133.0400,10717.0801,17336.4199
2016-10-28,2126.4099,10696.1904,17446.4102
2016-10-31,2126.1499,10665.0098,17425.0195
2016-11-01,2111.7200,10526.1602,17442.4004
2016-11-02,2097.9399,10370.9297,17134.6797
2016-11-04,2085.1799,10259.1299,16905.3594
2016-11-07,2131.5200,10456.9502,17177.2109
2016-11-08,2139.5601,10482.3203,17171.3809
2016-11-09,2163.2600,10646.0098,16251.5400
2016-11-10,2167.4800,10630.1201,17344.4199
2016-11-11,2164.4500,10667.9502,17374.7891
2016-11-14,2164.2000,10693.6904,17672.6191
2016-11-15,2180.3899,10735.1396,17668.1504
2016-11-16,2176.9399,10663.8701,17862.2109
2016-11-17,2187.1201,10685.5400,17862.6309
2016-11-18,2181.8999,10664.5596,17967.4102
2016-11-21,2198.1799,10685.1299,18106.0195
2016-11-22,2202.9399,10713.8496,18162.9395
2016-11-25,2213.3501,10699.2695,18381.2207
2016-11-28,2201.7200,10582.6699,18356.8906
2016-11-29,2204.6599,10620.4902,18307.0391
2016-11-30,2198.8101,10640.2998,18308.4805
2016-12-01,2191.0801,10534.0498,18513.1191
2016-12-02,2191.9500,10513.3496,18426.0801
2016-12-05,2204.7100,10684.8301,18274.9902
2016-12-06,2212.2300,10775.3203,18360.5391
2016-12-07,2241.3501,10986.6904,18496.6895
2016-12-08,2246.1899,11179.4199,18765.4707
2016-12-09,2259.5300,11203.6299,18996.3691
2016-12-12,2256.9600,11190.2100,19155.0293
2016-12-13,2271.7200,11284.6504,19250.5195
2016-12-14,2253.2800,11244.8398,19253.6094
2016-12-15,2262.0300,11366.4004,19273.7891
2016-12-16,2258.0701,11404.0098,19401.1504
2016-12-19,2262.5300,11426.7002,19391.5996
2016-12-20,2270.7600,11464.7402,19494.5293
2016-12-21,2265.1799,11468.6396,19444.4902
2016-12-22,2260.9600,11456.0996,19427.6699
2016-12-27,2268.8799,11472.2402,19403.0605
2016-12-28,2249.9199,11474.9902,19401.7207
2016-12-29,2249.2600,11451.0498,19145.1406
2016-12-30,2238.8301,11481.0596,19114.3691
2017-01-04,2270.7500,11584.3096,19594.1602
2017-01-05,2269.0000,11584.9404,19520.6895
2017-01-06,2276.9800,11599.0098,19454.3301
2017-01-10,2268.8999,11583.2998,19301.4395
2017-01-11,2275.3201,11646.1699,19364.6699
2017-01-12,2270.4399,11521.0400,19134.6992
2017-01-13,2274.6399,11629.1797,19287.2793
2017-01-17,2267.8899,11540.0000,18813.5293
2017-01-18,2271.8899,11599.3896,18894.3691
2017-01-19,2263.6899,11596.8896,19072.2500
2017-01-20,2271.3101,11630.1299,19137.9102
2017-01-23,2265.2000,11545.7500,18891.0293
2017-01-24,2280.0701,11594.9404,18787.9902
2017-01-25,2298.3701,11806.0498,19057.5000
2017-01-26,2296.6799,11848.6299,19402.3906
2017-01-27,2294.6899,11814.2695,19467.4004
2017-01-30,2280.8999,11681.8896,19368.8496
2017-01-31,2278.8701,11535.3096,19041.3398
2017-02-01,2279.5500,11659.5000,19148.0801
2017-02-02,2280.8501,11627.9502,18914.5801
2017-02-03,2297.4199,11651.4902,18918.1992
2017-02-06,2292.5601,11509.8398,18976.7109
2017-02-07,2293.0801,11549.4404,18910.7793
2017-02-08,2294.6699,11543.3799,19007.5996
2017-02-09,2307.8701,11642.8604,18907.6699
2017-02-10,2316.1001,11666.9697,19378.9297
2017-02-13,2328.2500,11774.4297,19459.1504
2017-02-14,2337.5801,11771.8096,19238.9805
2017-02-15,2349.2500,11793.9297,19437.9805
2017-02-16,2347.2200,11757.2402,19347.5293
2017-02-17,2351.1599,11757.0195,19234.6191
2017-02-21,2365.3799,11967.4902,19381.4395
2017-02-22,2362.8201,11998.5898,19379.8691
2017-02-23,2363.8101,11947.8301,19371.4609
2017-02-24,2367.3401,11804.0303,19283.5391
2017-02-27,2369.7500,11822.6699,19107.4707
2017-02-28,2363.6399,11834.4102,19118.9902
2017-03-01,2395.9600,12067.1904,19393.5391
2017-03-02,2381.9199,12059.5703,19564.8008
2017-03-03,2383.1201,12027.3604,19469.1699
2017-03-06,2375.3101,11958.4004,19379.1406
2017-03-07,2368.3899,11966.1396,19344.1504
2017-03-08,2362.9800,11967.3096,19254.0293
2017-03-09,2364.8701,11978.3896,19318.5801
2017-03-10,2372.6001,11963.1797,19604.6094
2017-03-13,2373.4700,11990.0303,19633.7500
2017-03-14,2365.4500,11988.7900,19609.5000
2017-03-15,2385.2600,12009.8701,19577.3809
2017-03-16,2381.3799,12083.1797,19590.1406
2017-03-17,2378.2500,12095.2402,19521.5898
2017-03-21,2344.0200,11962.1299,19455.8809
2017-03-22,2348.4500,11904.1201,19041.3809
2017-03-23,2345.9600,12039.6797,19085.3105
2017-03-24,2343.9800,12064.2695,19262.5293
2017-03-27,2341.5901,11996.0703,18985.5898
2017-03-28,2358.5701,12149.4199,19202.8691
2017-03-29,2361.1299,12203.0000,19217.4805
2017-03-30,2368.0601,12256.4297,19063.2207
2017-03-31,2362.7200,12312.8701,18909.2598
2017-04-03,2358.8401,12257.2002,18983.2305
2017-04-04,2360.1599,12282.3398,18810.2500
2017-04-05,2352.9500,12217.5400,18861.2695
2017-04-06,2357.4900,12230.8896,18597.0605
2017-04-07,2355.5400,12225.0596,18664.6309
2017-04-10,2357.1599,12200.5195,18797.8809
2017-04-11,2353.7800,12139.3496,18747.8691
2017-04-12,2344.9299,12154.7002,18552.6094
2017-04-13,2328.9500,12109.0000,18426.8398
2017-04-18,2342.1899,12000.4404,18418.5898
2017-04-19,2338.1699,12016.4502,18432.1992
2017-04-20,2355.8401,12027.3203,18430.4902
2017-04-21,2348.6899,12048.5703,18620.7500
2017-04-24,2374.1499,12454.9805,18875.8809
2017-04-25,2388.6101,12467.0400,19079.3301
2017-04-26,2387.4500,12472.7998,19289.4297
2017-04-27,2388.7700,12443.7900,19251.8691
2017-04-28,2384.2000,12438.0098,19196.7402
2017-05-02,2391.1699,12507.9004,19445.6992
2017-05-08,2399.3799,12694.5498,19895.6992
2017-05-09,2396.9199,12749.1201,19843.0000
2017-05-10,2399.6299,12757.4600,19900.0898
2017-05-11,2394.4399,12711.0596,19961.5508
2017-05-12,2390.8999,12770.4102,19883.9004
2017-05-15,2402.3201,12807.0400,19869.8496
2017-05-16,2400.6699,12804.5303,19919.8203
2017-05-17,2357.0300,12631.6104,19814.8809
2017-05-18,2365.7200,12590.0596,19553.8594
2017-05-19,2381.7300,12638.6904,19590.7598
2017-05-22,2394.0200,12619.4600,19678.2793
2017-05-23,2398.4199,12659.1504,19613.2793
2017-05-24,2404.3899,12642.8701,19742.9805
2017-05-25,2415.0701,12621.7197,19813.1309
2017-05-26,2415.8201,12602.1797,19686.8398
2017-05-30,2412.9099,12598.6797,19677.8496
2017-05-31,2411.8000,12615.0596,19650.5703
2017-06-01,2430.0601,12664.9199,19860.0293
2017-06-02,2439.0701,12822.9404,20177.2793
2017-06-06,2429.3301,12690.1201,19979.9004
2017-06-07,2433.1399,12672.4902,19984.6191
2017-06-08,2433.7900,12713.5801,19909.2598
2017-06-09,2431.7700,12815.7197,20013.2598
2017-06-12,2429.3899,12690.4404,19908.5801
2017-06-13,2440.3501,12764.9805,19898.7500
2017-06-14,2437.9199,12805.9502,19883.5195
2017-06-15,2432.4600,12691.8096,19831.8203
2017-06-16,2433.1499,12752.7305,19943.2598
2017-06-19,2453.4600,12888.9502,20067.7500
2017-06-20,2437.0300,12814.7900,20230.4102
2017-06-21,2435.6101,12774.2598,20138.7891
2017-06-22,2434.5000,12794.0000,20110.5098
2017-06-23,2438.3000,12733.4102,20132.6699
2017-06-26,2439.0701,12770.8301,20153.3496
2017-06-27,2419.3799,12671.0195,20225.0898
2017-06-28,2440.6899,12647.2695,20130.4102
2017-06-29,2419.7000,12416.1904,20220.3008
2017-06-30,2423.4099,12325.1201,20033.4297
2017-07-03,2429.0100,12475.3096,20055.8008
2017-07-05,2432.5400,12453.6797,20081.6309
2017-07-06,2409.7500,12381.2500,19994.0605
2017-07-07,2425.1799,12388.6797,19929.0898
2017-07-10,2427.4299,12445.9199,20080.9805
2017-07-11,2425.5300,12437.0195,20195.4805
2017-07-12,2443.2500,12626.5801,20098.3809
2017-07-13,2447.8301,12641.3301,20099.8105
2017-07-14,2459.2700,12631.7197,20118.8594
2017-07-18,2460.6101,12430.3896,19999.9102
2017-07-19,2473.8301,12452.0498,20020.8594
2017-07-20,2473.4500,12447.2500,20144.5898
2017-07-21,2472.5400,12240.0596,20099.7500
2017-07-24,2469.9099,12208.9502,19975.6699
2017-07-25,2477.1299,12264.3096,19955.1992
2017-07-26,2477.8301,12305.1104,20050.1602
2017-07-27,2475.4199,12212.0400,20079.6406
2017-07-28,2472.1001,12162.7002,19959.8398
2017-07-31,2470.3000,12118.2500,19925.1797
2017-08-01,2476.3501,12251.2900,19985.7891
2017-08-02,2477.5701,12181.4805,20080.0391
2017-08-03,2472.1599,12154.7197,20029.2598
2017-08-04,2476.8301,12297.7197,19952.3301
2017-08-07,2480.9099,12257.1699,20055.8906
2017-08-08,2474.9199,12292.0498,19996.0098
2017-08-09,2474.0200,12154.0000,19738.7109
2017-08-10,2438.2100,12014.2998,19729.7402
2017-08-14,2465.8401,12165.1201,19537.0996
2017-08-15,2464.6101,12177.0400,19753.3105
2017-08-16,2468.1101,12263.8604,19729.2793
2017-08-17,2430.0100,12203.4600,19702.6309
2017-08-18,2425.5500,12165.1904,19470.4102
2017-08-21,2428.3701,12065.9902,19393.1309
2017-08-22,2452.5100,12229.3398,19383.8398
2017-08-23,2444.0400,12174.2998,19434.6406
2017-08-24,2438.9700,12180.8301,19353.7695
2017-08-25,2443.0500,12167.9404,19452.6094
2017-08-28,2444.2400,12123.4697,19449.9004
2017-08-29,2446.3000,11945.8799,19362.5508
2017-08-30,2457.5901,12002.4697,19506.5391
2017-08-31,2471.6499,12055.8398,19646.2402
2017-09-01,2476.5500,12142.6396,19691.4707
2017-09-05,2457.8501,12123.7100,19385.8105
2017-09-06,2465.5400,12214.5400,19357.9707
2017-09-07,2465.1001,12296.6299,19396.5195
2017-09-08,2461.4299,12303.9805,19274.8203
2017-09-11,2488.1101,12475.2402,19545.7695
2017-09-12,2496.4800,12524.7695,19776.6191
2017-09-13,2498.3701,12553.5703,19865.8203
2017-09-14,2495.6201,12540.4502,19807.4395
2017-09-15,2500.2300,12518.8096,19909.5000
2017-09-19,2506.6499,12561.7900,20299.3809
2017-09-20,2508.2400,12569.1699,20310.4609
2017-09-21,2500.6001,12600.0303,20347.4805
2017-09-22,2502.2200,12592.3496,20296.4492
2017-09-25,2496.6599,12594.8096,20397.5801
2017-09-26,2496.8401,12605.2002,20330.1895
2017-09-27,2507.0400,12657.4102,20267.0508
2017-09-28,2510.0601,12704.6504,20363.1094
2017-09-29,2519.3601,12828.8604,20356.2793
2017-10-02,2529.1201,12902.6504,20400.7793
2017-10-04,2537.7400,12970.5195,20626.6602
2017-10-05,2552.0701,12968.0498,20628.5605
2017-10-06,2549.3301,12955.9404,20690.7109
2017-10-10,2550.6399,12949.2500,20823.5098
2017-10-11,2555.2400,12970.6797,20881.2695
2017-10-12,2550.9299,12982.8896,20954.7207
2017-10-13,2553.1699,12991.8701,21155.1797
2017-10-16,2557.6399,13003.7002,21255.5605
2017-10-17,2559.3601,12995.0596,21336.1191
2017-10-18,2561.2600,13043.0303,21363.0508
2017-10-19,2562.1001,12990.0996,21448.5195
2017-10-20,2575.2100,12991.2803,21457.6406
2017-10-23,2564.9800,13003.1396,21696.6504
2017-10-24,2569.1299,13013.1904,21805.1699
2017-10-25,2557.1499,12953.4102,21707.6191
2017-10-26,2560.3999,13133.2803,21739.7793
2017-10-27,2581.0701,13217.5400,22008.4492
2017-10-30,2572.8301,13229.5703,22011.6699
2017-11-01,2579.3601,13465.5098,22420.0801
2017-11-02,2579.8501,13440.9297,22539.1191
2017-11-06,2591.1299,13468.7900,22548.3496
2017-11-07,2590.6399,13379.2695,22937.5996
2017-11-08,2594.3799,13382.4199,22913.8203
2017-11-09,2584.6201,13182.5596,22868.7109
2017-11-10,2582.3000,13127.4697,22681.4199
2017-11-13,2584.8401,13074.4199,22380.9902
2017-11-14,2578.8701,13033.4805,22380.0098
2017-11-15,2564.6201,12976.3701,22028.3203
2017-11-16,2585.6399,13047.2197,22351.1191
2017-11-17,2578.8501,12993.7305,22396.8008
2017-11-20,2582.1399,13058.6602,22261.7598
2017-11-21,2599.0300,13167.5400,22416.4805
2017-11-22,2597.0801,13015.0400,22523.1504
2017-11-24,2602.4199,13059.8398,22550.8496
2017-11-27,2601.4199,13000.2002,22495.9902
2017-11-28,2627.0400,13059.5303,22486.2402
2017-11-29,2626.0701,13061.8701,22597.1992
2017-11-30,2647.5801,13023.9805,22724.9609
2017-12-01,2642.2200,12861.4902,22819.0293
2017-12-04,2639.4399,13058.5498,22707.1602
2017-12-05,2629.5701,13048.5400,22622.3809
2017-12-06,2629.2700,12998.8496,22177.0391
2017-12-07,2636.9800,13045.1504,22498.0293
2017-12-08,2651.5000,13153.7002,22811.0801
2017-12-11,2659.9900,13123.6504,22938.7305
2017-12-12,2664.1101,13183.5303,22866.1699
2017-12-13,2662.8501,13125.6396,22758.0703
2017-12-14,2652.0100,13068.0801,22694.4492
2017-12-15,2675.8101,13103.5596,22553.2207
2017-12-18,2690.1599,13312.2998,22901.7695
2017-12-19,2681.4700,13215.7900,22868.0000
2017-12-20,2679.2500,13069.1699,22891.7207
2017-12-21,2684.5701,13109.7402,22866.0996
2017-12-22,2683.3401,13072.7900,22902.7598
2017-12-27,2682.6201,13070.0195,22911.2109
2017-12-28,2687.5400,12979.9404,22783.9805
2017-12-29,2673.6101,12917.6396,22764.9395
2018-01-04,2723.9900,13167.8896,23506.3301
2018-01-05,2743.1499,13319.6396,23714.5293
2018-01-09,2751.2900,13385.5898,23849.9902
2018-01-10,2748.2300,13281.3398,23788.1992
2018-01-11,2767.5601,13202.9004,23710.4297
2018-01-12,2786.2400,13245.0303,23653.8203
2018-01-16,2776.4199,13246.3301,23951.8105
2018-01-17,2802.5601,13183.9600,23868.3398
2018-01-18,2798.0300,13281.4297,23763.3691
2018-01-19,2810.3000,13434.4502,23808.0605
2018-01-22,2832.9700,13463.6904,23816.3301
2018-01-23,2839.1299,13559.5996,24124.1504
2018-01-24,2837.5400,13414.7402,23940.7793
2018-01-25,2839.2500,13298.3604,23669.4902
2018-01-26,2872.8701,13340.1699,23631.8809
2018-01-29,2853.5300,13324.4805,23629.3398
2018-01-30,2822.4299,13197.7100,23291.9707
2018-01-31,2823.8101,13189.4805,23098.2891
2018-02-01,2821.9800,13003.9004,23486.1094
2018-02-02,2762.1299,12785.1602,23274.5293
2018-02-05,2648.9399,12687.4902,22682.0801
2018-02-06,2695.1399,12392.6602,21610.2402
2018-02-07,2681.6599,12590.4297,21645.3691
2018-02-08,2581.0000,12260.2900,21890.8594
2018-02-09,2619.5500,12107.4805,21382.6191
2018-02-13,2662.9399,12196.5000,21244.6797
2018-02-14,2698.6299,12339.1602,21154.1699
2018-02-15,2731.2000,12346.1699,21464.9805
2018-02-16,2732.2200,12451.9600,21720.2500
2018-02-20,2716.2600,12487.9004,21925.0996
2018-02-21,2701.3301,12470.4902,21970.8105
2018-02-22,2703.9600,12461.9102,21736.4395
2018-02-23,2747.3000,12483.7900,21892.7793
2018-02-26,2779.6001,12527.0400,22153.6309
2018-02-27,2744.2800,12490.7305,22389.8594
2018-02-28,2713.8301,12435.8496,22068.2402
2018-03-01,2677.6699,12190.9404,21724.4707
2018-03-02,2691.2500,11913.7100,21181.6406
2018-03-05,2720.9399,12090.8701,21042.0898
2018-03-06,2728.1201,12113.8701,21417.7598
2018-03-07,2726.8000,12245.3604,21252.7207
2018-03-08,2738.9700,12355.5703,21368.0703
2018-03-09,2786.5701,12346.6797,21469.1992
2018-03-12,2783.0200,12418.3896,21824.0293
2018-03-13,2765.3101,12221.0303,21968.0996
2018-03-14,2749.4800,12237.7402,21777.2891
2018-03-15,2747.3301,12345.5596,21803.9492
2018-03-16,2752.0100,12389.5801,21676.5098
2018-03-19,2712.9199,12217.0195,21480.9004
2018-03-20,2716.9399,12307.3301,21380.9707
2018-03-22,2643.6899,12100.0801,21591.9902
2018-03-23,2588.2600,11886.3096,20617.8594
2018-03-26,2658.5500,11787.2598,20766.0996
2018-03-27,2612.6201,11970.8301,21317.3203
2018-03-28,2605.0000,11940.7100,21031.3105
2018-03-29,2640.8701,12096.7305,21159.0801
2018-04-03,2614.4500,12002.4502,21292.2891
2018-04-04,2644.6899,11957.9004,21319.5508
2018-04-05,2662.8401,12305.1904,21645.4199
2018-04-06,2604.4700,12241.2695,21567.5195
2018-04-09,2613.1599,12261.7500,21678.2598
2018-04-10,2656.8701,12397.3203,21794.3203
2018-04-11,2642.1899,12293.9697,21687.0996
2018-04-12,2663.9900,12415.0098,21660.2793
2018-04-13,2656.3000,12442.4004,21778.7402
2018-04-16,2677.8401,12391.4102,21835.5293
2018-04-17,2706.3899,12585.5703,21847.5898
2018-04-18,2708.6399,12590.8301,22158.1992
2018-04-19,2693.1299,12567.4199,22191.1797
2018-04-20,2670.1399,12540.5000,22162.2402
2018-04-23,2670.2900,12572.3896,22088.0391
2018-04-24,2634.5601,12550.8203,22278.1191
2018-04-25,2639.3999,12422.2998,22215.3203
2018-04-26,2666.9399,12500.4697,22319.6094
2018-04-27,2669.9099,12580.8701,22467.8691
2018-05-02,2635.6699,12802.2500,22472.7793
2018-05-07,2672.6299,12948.1396,22467.1602
2018-05-08,2671.9199,12912.2100,22508.6895
2018-05-09,2697.7900,12943.0596,22408.8809
2018-05-10,2723.0701,13022.8701,22497.1797
2018-05-11,2727.7200,13001.2402,22758.4805
2018-05-14,2730.1299,12977.7100,22865.8594
2018-05-15,2711.4500,12970.0400,22818.0195
2018-05-16,2722.4600,12996.3301,22717.2305
2018-05-17,2720.1299,13114.6104,22838.3691
2018-05-18,2712.9700,13077.7197,22930.3594
2018-05-22,2724.4399,13169.9199,22960.3398
2018-05-23,2733.2900,12976.8398,22689.7402
2018-05-24,2727.7600,12855.0898,22437.0098
2018-05-25,2721.3301,12938.0098,22450.7891
2018-05-29,2689.8601,12666.5098,22358.4297
2018-05-30,2724.0100,12783.7598,22018.5195
2018-05-31,2705.2700,12604.8896,22201.8203
2018-06-01,2734.6201,12724.2695,22171.3496
2018-06-04,2746.8701,12770.7500,22475.9395
2018-06-05,2748.8000,12787.1299,22539.5391
2018-06-06,2772.3501,12830.0703,22625.7305
2018-06-07,2770.3701,12811.0498,22823.2598
2018-06-08,2779.0300,12766.5498,22694.5000
2018-06-11,2782.0000,12842.9102,22804.0391
2018-06-12,2786.8501,12842.2998,22878.3496
2018-06-13,2775.6299,12890.5801,22966.3809
2018-06-14,2782.4900,13107.0996,22738.6094
2018-06-15,2779.6599,13010.5498,22851.7500
2018-06-18,2773.7500,12834.1104,22680.3301
2018-06-19,2762.5901,12677.9697,22278.4805
2018-06-20,2767.3201,12695.1602,22555.4297
2018-06-21,2749.7600,12511.9102,22693.0391
2018-06-22,2754.8799,12579.7197,22516.8301
2018-06-25,2717.0701,12270.3301,22338.1504
2018-06-26,2723.0601,12234.3398,22342.0000
2018-06-27,2699.6299,12348.6104,22271.7695
2018-06-28,2716.3101,12177.2305,22270.3906
2018-06-29,2718.3701,12306.0000,22304.5098
2018-07-02,2726.7100,12238.1699,21811.9297
2018-07-03,2713.2200,12349.1396,21785.5391
2018-07-05,2736.6101,12464.2900,21546.9902
2018-07-06,2759.8201,12496.1699,21788.1406
2018-07-09,2784.1699,12543.8896,22052.1797
2018-07-10,2793.8401,12609.8496,22196.8906
2018-07-11,2774.0200,12417.1299,21932.2109
2018-07-12,2798.2900,12492.9697,22187.9609
2018-07-13,2801.3101,12540.7305,22597.3496
2018-07-16,2798.4299,12561.0195,22597.3496
2018-07-17,2809.5500,12661.5400,22697.3594
2018-07-18,2815.6201,12765.9404,22794.1895
2018-07-19,2804.4900,12686.2900,22764.6797
2018-07-20,2801.8301,12561.4199,22697.8809
2018-07-23,2806.9800,12548.5703,22396.9902
2018-07-24,2820.3999,12689.3896,22510.4805
2018-07-25,2846.0701,12579.3301,22614.2500
2018-07-26,2837.4399,12809.2305,22586.8691
2018-07-27,2818.8201,12860.4004,22712.7500
2018-07-30,2802.6001,12798.2002,22544.8398
2018-07-31,2816.2900,12805.5000,22553.7207
2018-08-01,2813.3601,12737.0498,22746.6992
2018-08-02,2827.2200,12546.3301,22512.5293
2018-08-03,2840.3501,12615.7598,22525.1797
2018-08-06,2850.3999,12598.2100,22507.3203
2018-08-07,2858.4500,12648.1904,22662.7402
2018-08-08,2857.7000,12633.5400,22644.3105
2018-08-09,2853.5801,12676.1104,22598.3906
2018-08-10,2833.2800,12424.3496,22298.0801
2018-08-13,2821.9299,12358.7402,21857.4297
2018-08-14,2839.9600,12358.8701,22356.0801
2018-08-15,2818.3701,12163.0098,22204.2207
2018-08-16,2840.6899,12237.1699,22192.0391
2018-08-17,2850.1299,12210.5498,22270.3809
2018-08-20,2857.0500,12331.2998,22199.0000
2018-08-21,2862.9600,12384.4902,22219.7305
2018-08-22,2861.8201,12385.7002,22362.5508
2018-08-23,2856.9800,12365.5801,22410.8203
2018-08-24,2874.6899,12394.5195,22601.7695
2018-08-27,2896.7400,12538.3096,22799.6406
2018-08-28,2897.5200,12527.4199,22813.4707
2018-08-29,2914.0400,12561.6797,22848.2207
2018-08-30,2901.1299,12494.2402,22869.5000
2018-08-31,2901.5200,12364.0596,22865.1504
2018-09-04,2896.7200,12210.2100,22696.9004
2018-09-05,2888.6001,12040.4600,22580.8301
2018-09-06,2878.0500,11955.2500,22487.9395
2018-09-07,2871.6799,11959.6299,22307.0605
2018-09-10,2877.1299,11986.3398,22373.0898
2018-09-11,2887.8899,11970.2695,22664.6895
2018-09-12,2888.9199,12032.2998,22604.6094
2018-09-13,2904.1799,12055.5498,22821.3203
2018-09-14,2904.9800,12124.3301,23094.6699
2018-09-18,2904.3101,12157.6699,23420.5391
2018-09-19,2907.9500,12219.0195,23672.5195
2018-09-20,2930.7500,12326.4805,23674.9297
2018-09-21,2929.6699,12430.8799,23869.9297
2018-09-25,2915.5601,12374.6602,23940.2598
2018-09-26,2905.9700,12385.8896,24033.7891
2018-09-27,2914.0000,12435.5898,23796.7402
2018-09-28,2913.9800,12246.7305,24120.0391
2018-10-01,2924.5901,12339.0303,24245.7598
2018-10-02,2923.4299,12287.5801,24270.6191
2018-10-04,2901.6101,12244.1396,23975.6191
2018-10-05,2885.5701,12111.9004,23783.7207
2018-10-09,2880.3401,11977.2197,23469.3906
2018-10-10,2785.6799,11712.5000,23506.0391
2018-10-11,2728.3701,11539.3496,22590.8594
2018-10-12,2767.1299,11523.8096,22694.6602
2018-10-15,2750.7900,11614.1602,22271.3008
2018-10-16,2809.9199,11776.5498,22549.2402
2018-10-17,2809.2100,11715.0303,22841.1191
2018-10-18,2768.7800,11589.2100,22658.1602
2018-10-19,2767.7800,11553.8301,22532.0801
2018-10-22,2755.8799,11524.3398,22614.8203
2018-10-23,2740.6899,11274.2803,22010.7793
2018-10-24,2656.1001,11191.6299,22091.1797
2018-10-25,2705.5701,11307.1201,21268.7305
2018-10-26,2658.6899,11200.6201,21184.5996
2018-10-29,2641.2500,11335.4805,21149.8008
2018-10-30,2682.6299,11287.3896,21457.2891
2018-10-31,2711.7400,11447.5098,21920.4609
2018-11-01,2740.3701,11468.5400,21687.6504
2018-11-02,2723.0601,11518.9902,22243.6602
2018-11-05,2738.3101,11494.9600,21898.9902
2018-11-06,2755.4500,11484.3398,22147.7500
2018-11-07,2813.8899,11579.0996,22085.8008
2018-11-08,2806.8301,11527.3203,22486.9199
2018-11-09,2781.0100,11529.1602,22250.2500
2018-11-12,2726.2200,11325.4404,22269.8809
2018-11-13,2722.1799,11472.2197,21810.5195
2018-11-14,2701.5801,11412.5303,21846.4805
2018-11-15,2730.2000,11353.6699,21803.6191
2018-11-16,2736.2700,11341.0000,21680.3398
2018-11-19,2690.7300,11244.5400,21821.1602
2018-11-20,2641.8899,11066.4102,21583.1191
2018-11-21,2649.9299,11244.1699,21507.5391
2018-11-26,2673.4500,11354.7197,21812.0000
2018-11-27,2682.1699,11309.1104,21952.4004
2018-11-28,2743.7900,11298.8799,22177.0195
2018-11-29,2737.8000,11298.2305,22262.5996
2018-11-30,2760.1699,11257.2402,22351.0605
2018-12-03,2790.3701,11465.4600,22574.7598
2018-12-04,2700.0601,11335.3203,22036.0508
2018-12-06,2695.9500,10810.9805,21501.6191
2018-12-07,2633.0801,10788.0898,21678.6797
2018-12-10,2637.7200,10622.0703,21219.5000
2018-12-11,2636.7800,10780.5098,21148.0195
2018-12-12,2651.0701,10929.4297,21602.7500
2018-12-13,2650.5400,10924.7002,21816.1895
2018-12-14,2599.9500,10865.7695,21374.8301
2018-12-17,2545.9399,10772.2002,21506.8809
2018-12-18,2546.1599,10740.8896,21115.4492
2018-12-19,2506.9600,10766.2100,20987.9199
2018-12-20,2467.4199,10611.0996,20392.5801
2018-12-21,2416.6201,10633.8203,20166.1895
2018-12-27,2488.8301,10381.5098,20077.6191
2018-12-28,2485.7400,10558.9600,20014.7695
2019-01-04,2531.9399,10767.6904,19561.9609
2019-01-07,2549.6899,10747.8096,20038.9707
2019-01-08,2574.4099,10803.9805,20204.0391
2019-01-09,2584.9600,10893.3203,20427.0605
2019-01-10,2596.6399,10921.5898,20163.8008
2019-01-11,2596.2600,10887.4600,20359.6992
2019-01-15,2610.3000,10891.7900,20555.2891
2019-01-16,2616.1001,10931.2402,20442.7500
2019-01-17,2635.9600,10918.6201,20402.2695
2019-01-18,2670.7100,11205.5400,20666.0703
2019-01-22,2632.8999,11090.1104,20622.9102
2019-01-23,2638.7000,11071.5400,20593.7207
2019-01-24,2642.3301,11130.1797,20574.6309
2019-01-25,2664.7600,11281.7900,20773.5605
2019-01-28,2643.8501,11210.3096,20649.0000
2019-01-29,2640.0000,11218.8301,20664.6406
2019-01-30,2681.0500,11181.6602,20556.5391
2019-01-31,2704.1001,11173.0996,20773.4902
2019-02-01,2706.5300,11180.6602,20788.3906
2019-02-04,2724.8701,11176.5801,20883.7695
2019-02-05,2737.7000,11367.9805,20844.4492
2019-02-06,2731.6101,11324.7197,20874.0605
2019-02-07,2706.0500,11022.0195,20751.2793
2019-02-08,2707.8799,10906.7803,20333.1699
2019-02-12,2744.7300,11126.0801,20864.2109
2019-02-13,2753.0300,11167.2197,21144.4805
2019-02-14,2745.7300,11089.7900,21139.7109
2019-02-15,2775.6001,11299.7998,20900.6309
2019-02-19,2779.7600,11309.2100,21302.6504
2019-02-20,2784.7000,11401.9697,21431.4902
2019-02-21,2774.8799,11423.2803,21464.2305
2019-02-22,2792.6699,11457.7002,21425.5098
2019-02-25,2796.1101,11505.3896,21528.2305
2019-02-26,2793.8999,11540.7900,21449.3906
2019-02-27,2792.3799,11487.3301,21556.5098
2019-02-28,2784.4900,11515.6396,21385.1602
2019-03-01,2803.6899,11601.6797,21602.6895
2019-03-04,2792.8101,11592.6602,21822.0391
2019-03-05,2789.6499,11620.7402,21726.2793
2019-03-06,2771.4500,11587.6299,21596.8105
2019-03-07,2748.9299,11517.7998,21456.0098
2019-03-08,2743.0701,11457.8398,21025.5605
2019-03-11,2783.3000,11543.4805,21125.0898
2019-03-12,2791.5200,11524.1699,21503.6895
2019-03-13,2810.9199,11572.4102,21290.2402
2019-03-14,2808.4800,11587.4697,21287.0195
2019-03-15,2822.4800,11685.6904,21450.8496
2019-03-18,2832.9399,11657.0596,21584.5000
2019-03-19,2832.5701,11788.4102,21566.8496
2019-03-20,2824.2300,11603.8896,21608.9199
2019-03-22,2800.7100,11364.1699,21627.3398
2019-03-25,2798.3601,11346.6504,20977.1094
2019-03-26,2818.4600,11419.4805,21428.3906
2019-03-27,2805.3701,11419.0400,21378.7305
2019-03-28,2815.4399,11428.1602,21033.7598
2019-03-29,2834.3999,11526.0400,21205.8105
2019-04-01,2867.1899,11681.9902,21509.0293
2019-04-02,2867.2400,11754.7900,21505.3105
2019-04-03,2873.3999,11954.4004,21713.2109
2019-04-04,2879.3899,11988.0098,21724.9492
2019-04-05,2892.7400,12009.7500,21807.5000
2019-04-08,2895.7700,11963.4004,21761.6504
2019-04-09,2878.2000,11850.5703,21802.5898
2019-04-10,2888.2100,11905.9102,21687.5703
2019-04-11,2888.3201,11935.2002,21711.3809
2019-04-12,2907.4099,11999.9297,21870.5605
2019-04-15,2905.5801,12020.2803,22169.1094
2019-04-16,2907.0601,12101.3203,22221.6602
2019-04-17,2900.4500,12153.0703,22277.9707
2019-04-18,2905.0300,12222.3896,22090.1191
2019-04-23,2933.6799,12235.5098,22259.7402
2019-04-24,2927.2500,12313.1602,22200.0000
2019-04-25,2926.1699,12282.5996,22307.5801
2019-04-26,2939.8799,12315.1797,22258.7305
2019-05-07,2884.0500,12092.7402,21923.7207
2019-05-08,2879.4199,12179.9297,21602.5898
2019-05-09,2870.7200,11973.9199,21402.1309
2019-05-10,2881.3999,12059.8301,21344.9199
2019-05-13,2811.8701,11876.6504,21191.2793
2019-05-14,2834.4099,11991.6201,21067.2305
2019-05-15,2850.9600,12099.5703,21188.5605
2019-05-16,2876.3201,12310.3701,21062.9805
2019-05-17,2859.5300,12238.9404,21250.0898
2019-05-20,2840.2300,12041.2900,21301.7305
2019-05-21,2864.3601,12143.4697,21272.4492
2019-05-22,2856.2700,12168.7402,21283.3691
2019-05-23,2822.2400,11952.4102,21151.1406
2019-05-24,2826.0601,12011.0400,21117.2207
2019-05-28,2802.3899,12027.0498,21260.1406
2019-05-29,2783.0200,11837.8096,21003.3691
2019-05-30,2788.8601,11902.0801,20942.5293
2019-05-31,2752.0601,11726.8398,20601.1895
2019-06-03,2744.4500,11792.8096,20410.8809
2019-06-04,2803.2700,11971.1699,20408.5391
2019-06-05,2826.1499,11980.8096,20776.0996
2019-06-06,2843.4900,11953.1396,20774.0391
2019-06-07,2873.3401,12045.3799,20884.7109
2019-06-11,2885.7200,12155.8096,21204.2793
2019-06-12,2879.8401,12115.6797,21129.7207
2019-06-13,2891.6399,12169.0498,21032.0000
2019-06-14,2886.9800,12096.4004,21116.8906
2019-06-17,2889.6699,12085.8203,21124.0000
2019-06-18,2917.7500,12331.7500,20972.7109
2019-06-19,2926.4600,12308.5303,21333.8691
2019-06-20,2954.1799,12355.3896,21462.8594
2019-06-21,2950.4600,12339.9199,21258.6406
2019-06-24,2945.3501,12274.5703,21285.9902
2019-06-25,2917.3799,12228.4404,21193.8105
2019-06-26,2913.7800,12245.3203,21086.5898
2019-06-27,2924.9199,12271.0303,21338.1699
2019-06-28,2941.7600,12398.7998,21275.9199
2019-07-01,2964.3301,12521.3799,21729.9707
2019-07-02,2973.0100,12526.7197,21754.2695
2019-07-03,2995.8201,12616.2402,21638.1602
2019-07-05,2990.4099,12568.5303,21746.3809
2019-07-08,2975.9500,12543.5098,21534.3496
2019-07-09,2979.6299,12436.5498,21565.1504
2019-07-10,2993.0701,12373.4102,21533.4805
2019-07-11,2999.9099,12332.1201,21643.5293
2019-07-12,3013.7700,12323.3203,21685.9004
2019-07-16,3004.0400,12430.9697,21535.2500
2019-07-17,2984.4199,12341.0303,21469.1797
2019-07-18,2995.1101,12227.8496,21046.2402
2019-07-19,2976.6101,12260.0703,21466.9902
2019-07-22,2985.0300,12289.4004,21416.7891
2019-07-23,3005.4700,12490.7402,21620.8809
2019-07-24,3019.5601,12522.8896,21709.5703
2019-07-25,3003.6699,12362.0996,21756.5508
2019-07-26,3025.8601,12419.9004,21658.1504
2019-07-29,3020.9700,12417.4697,21616.8008
2019-07-30,3013.1799,12147.2402,21709.3105
2019-07-31,2980.3799,12189.0400,21521.5293
2019-08-01,2953.5601,12253.1504,21540.9902
2019-08-02,2932.0500,11872.4404,21087.1602
2019-08-05,2844.7400,11658.5098,20720.2891
2019-08-06,2881.7700,11567.9600,20585.3105
2019-08-07,2883.9800,11650.1504,20516.5605
2019-08-08,2938.0901,11845.4102,20593.3496
2019-08-09,2918.6499,11693.7998,20684.8203
2019-08-13,2926.3201,11750.1299,20455.4395
2019-08-14,2840.6001,11492.6602,20655.1309
2019-08-15,2847.6001,11412.6699,20405.6504
2019-08-16,2888.6799,11562.7402,20418.8105
2019-08-19,2923.6499,11715.3701,20563.1602
2019-08-20,2900.5100,11651.1797,20677.2207
2019-08-21,2924.4299,11802.8496,20618.5703
2019-08-22,2922.9500,11747.0400,20628.0098
2019-08-23,2847.1101,11611.5098,20710.9102
2019-08-26,2878.3799,11658.0400,20261.0391
2019-08-27,2869.1599,11730.0195,20456.0801
2019-08-28,2887.9399,11701.0195,20479.4199
2019-08-29,2924.5801,11838.8799,20460.9297
2019-08-30,2926.4600,11939.2803,20704.3691
2019-09-03,2906.2700,11910.8604,20625.1602
2019-09-04,2937.7800,12025.0400,20649.1406
2019-09-05,2976.0000,12126.7803,21085.9395
2019-09-06,2978.7100,12191.7305,21199.5703
2019-09-09,2978.4299,12226.0996,21318.4199
2019-09-10,2979.3899,12268.7100,21392.0996
2019-09-11,3000.9299,12359.0703,21597.7598
2019-09-12,3009.5701,12410.2500,21759.6094
2019-09-13,3007.3899,12468.5303,21988.2891
2019-09-17,3005.7000,12372.6104,22001.3203
2019-09-18,3006.7300,12389.6201,21960.7109
2019-09-19,3006.7900,12457.7002,22044.4492
2019-09-20,2992.0701,12468.0098,22079.0898
2019-09-24,2966.6001,12307.1504,22098.8398
2019-09-25,2984.8701,12234.1797,22020.1504
2019-09-26,2977.6201,12288.5400,22048.2402
2019-09-27,2961.7900,12380.9404,21878.9004
2019-09-30,2976.7400,12428.0801,21755.8398
2019-10-01,2940.2500,12263.8301,21885.2402
2019-10-02,2887.6101,11925.2500,21778.6094
2019-10-04,2952.0100,12012.8096,21410.1992
2019-10-07,2938.7900,12097.4297,21375.2500
2019-10-08,2893.0601,11970.2002,21587.7793
2019-10-09,2919.3999,12094.2598,21456.3809
2019-10-10,2938.1299,12164.2002,21551.9805
2019-10-11,2970.2700,12511.6504,21798.8691
2019-10-15,2995.6799,12629.7900,22207.2109
2019-10-16,2989.6899,12670.1104,22472.9199
2019-10-17,2997.9500,12654.9502,22451.8594
2019-10-18,2986.2000,12633.5996,22492.6797
2019-10-21,3006.7200,12747.9600,22548.9004
2019-10-23,3004.5200,12798.1904,22625.3809
2019-10-24,3010.2900,12872.0996,22750.5996
2019-10-25,3022.5500,12894.5098,22799.8105
2019-10-28,3039.4199,12941.7100,22867.2695
2019-10-29,3036.8899,12939.6201,22974.1309
2019-10-30,3046.7700,12910.2305,22843.1191
2019-10-31,3037.5601,12866.7900,22927.0391
2019-11-01,3066.9099,12961.0498,22850.7695
2019-11-05,3074.6201,13148.5000,23251.9902
2019-11-06,3076.7800,13179.8896,23303.8203
2019-11-07,3085.1799,13289.4600,23330.3203
2019-11-08,3093.0801,13228.5596,23391.8691
2019-11-11,3087.0100,13198.3701,23331.8398
2019-11-12,3091.8401,13283.5098,23520.0098
2019-11-13,3094.0400,13230.0703,23319.8691
2019-11-14,3096.6299,13180.2305,23141.5508
2019-11-15,3120.4600,13241.7500,23303.3203
2019-11-18,3122.0300,13207.0098,23416.7598
2019-11-19,3120.1799,13221.1201,23292.6504
2019-11-20,3108.4600,13158.1396,23148.5703
2019-11-21,3103.5400,13137.7002,23038.5801
2019-11-22,3110.2900,13163.8799,23112.8809
2019-11-25,3133.6399,13246.4502,23292.8105
2019-11-26,3140.5200,13236.4199,23373.3203
2019-11-27,3153.6299,13287.0703,23437.7695
2019-11-29,3140.9800,13236.3799,23293.9102
2019-12-02,3113.8701,12964.6797,23529.5000
2019-12-03,3093.2000,12989.2900,23379.8105
2019-12-04,3112.7600,13140.5703,23135.2305
2019-12-05,3117.4299,13054.7998,23300.0898
2019-12-06,3145.9099,13166.5801,23354.4004
2019-12-09,3135.9600,13105.6104,23430.6992
2019-12-10,3132.5200,13070.7197,23410.1895
2019-12-11,3141.6299,13146.7402,23391.8594
2019-12-12,3168.5701,13221.6396,23424.8105
2019-12-13,3168.8000,13282.7197,24023.0996
2019-12-16,3191.4500,13407.6602,23952.3496
2019-12-17,3192.5200,13287.8301,24066.1191
2019-12-18,3191.1399,13222.1602,23934.4297
2019-12-19,3205.3701,13211.9600,23864.8496
2019-12-20,3221.2200,13318.9004,23816.6309
2019-12-23,3224.0100,13300.9805,23821.1094
2019-12-27,3240.0200,13337.1104,23837.7207
2019-12-30,3221.2900,13249.0098,23656.6191
2020-01-06,3246.2800,13126.9902,23204.8594
2020-01-07,3237.1799,13226.8301,23575.7207
2020-01-08,3253.0500,13320.1797,23204.7598
2020-01-09,3274.7000,13495.0596,23739.8691
2020-01-10,3265.3501,13483.3096,23850.5703
2020-01-14,3283.1499,13456.4902,24025.1699
2020-01-15,3289.2900,13432.2998,23916.5801
2020-01-16,3316.8101,13429.4297,23933.1309
2020-01-17,3329.6201,13526.1299,24041.2598
2020-01-21,3320.7900,13555.8701,23864.5605
2020-01-22,3321.7500,13515.7500,24031.3496
2020-01-23,3325.5400,13388.4199,23795.4395
2020-01-24,3295.4700,13576.6797,23827.1797
2020-01-27,3243.6299,13204.7695,23343.5098
2020-01-28,3276.2400,13323.6904,23215.7109
2020-01-29,3273.3999,13345.0000,23379.4004
2020-01-30,3283.6599,13157.1201,22977.7500
2020-01-31,3225.5200,12981.9697,23205.1797
2020-02-03,3248.9199,13045.1904,22971.9395
2020-02-04,3297.5901,13281.7402,23084.5898
2020-02-05,3334.6899,13478.3301,23319.5605
2020-02-06,3345.7800,13574.8203,23873.5898
2020-02-07,3327.7100,13513.8096,23827.9805
2020-02-10,3352.0901,13494.0303,23685.9805
2020-02-12,3379.4500,13749.7803,23861.2109
2020-02-13,3373.9399,13745.4297,23827.7305
2020-02-14,3380.1599,13744.2100,23687.5898
2020-02-18,3370.2900,13681.1904,23193.8008
2020-02-19,3386.1499,13789.0000,23400.6992
2020-02-20,3373.2300,13664.0000,23479.1504
2020-02-21,3337.7500,13579.3301,23386.7402
2020-02-25,3128.2100,12790.4902,22605.4102
2020-02-26,3116.3899,12774.8799,22426.1895
2020-02-27,2978.7600,12367.4600,21948.2305
2020-02-28,2954.2200,11890.3496,21142.9609
2020-03-02,3090.2300,11857.8701,21344.0801
2020-03-03,3003.3701,11985.3896,21082.7305
2020-03-04,3130.1201,12127.6904,21100.0605
2020-03-05,3023.9399,11944.7197,21329.1191
2020-03-06,2972.3701,11541.8701,20749.7500
2020-03-09,2746.5601,10625.0195,19698.7598
2020-03-10,2882.2300,10475.4902,19867.1191
2020-03-11,2741.3799,10438.6797,19416.0605
2020-03-12,2480.6399,9161.1299,18559.6309
2020-03-13,2711.0200,9232.0801,17431.0508
2020-03-16,2386.1299,8742.2500,17002.0391
2020-03-17,2529.1899,8939.0996,17011.5293
2020-03-18,2398.1001,8441.7100,16726.5508
2020-03-19,2409.3899,8610.4297,16552.8301
2020-03-23,2237.3999,8741.1504,16887.7793
2020-03-24,2447.3301,9700.5703,18092.3496
2020-03-25,2475.5601,9874.2598,19546.6309
2020-03-26,2630.0701,10000.9600,18664.5996
2020-03-27,2541.4700,9632.5195,19389.4297
2020-03-30,2626.6499,9815.9697,19084.9707
2020-03-31,2584.5901,9935.8398,18917.0098
2020-04-01,2470.5000,9544.7500,18065.4102
2020-04-02,2526.8999,9570.8203,17818.7207
2020-04-03,2488.6499,9525.7695,17820.1895
2020-04-06,2663.6799,10075.1699,18576.3008
2020-04-07,2659.4099,10356.7002,18950.1797
2020-04-08,2749.9800,10332.8896,19353.2402
2020-04-09,2789.8201,10564.7402,19345.7695
2020-04-14,2846.0601,10696.5596,19638.8105
2020-04-15,2783.3601,10279.7598,19550.0898
2020-04-16,2799.5500,10301.5400,19290.1992
2020-04-17,2874.5601,10625.7803,19897.2598
2020-04-20,2823.1599,10675.9004,19669.1191
2020-04-21,2736.5601,10249.8496,19280.7793
2020-04-22,2799.3101,10415.0303,19137.9492
2020-04-23,2797.8000,10513.7900,19429.4395
2020-04-24,2836.7400,10336.0898,19262.0000
2020-04-27,2878.4800,10659.9902,19783.2207
2020-04-28,2863.3899,10795.6299,19771.1895
2020-04-30,2912.4299,10861.6396,20193.6895
2020-05-07,2881.1899,10759.2695,19674.7695
2020-05-08,2929.8000,10904.4805,20179.0898
2020-05-11,2930.1899,10824.9902,20390.6602
2020-05-12,2870.1201,10819.5000,20366.4805
2020-05-13,2820.0000,10542.6602,20267.0508
2020-05-14,2852.5000,10337.0195,19914.7793
2020-05-15,2863.7000,10465.1699,20037.4707
2020-05-18,2953.9099,11058.8701,20133.7305
2020-05-19,2922.9399,11075.2900,20433.4492
2020-05-20,2971.6101,11223.7100,20595.1504
2020-05-21,2948.5100,11065.9297,20552.3105
2020-05-22,2955.4500,11073.8701,20388.1602
2020-05-26,2991.7700,11504.6504,21271.1699
2020-05-27,3036.1299,11657.6904,21419.2305
2020-05-28,3029.7300,11781.1299,21916.3105
2020-05-29,3044.3101,11586.8496,21877.8906
2020-06-02,3080.8201,12021.2803,22325.6094
2020-06-03,3122.8701,12487.3604,22613.7598
2020-06-04,3112.3501,12430.5596,22695.7402
2020-06-05,3193.9299,12847.6797,22863.7305
2020-06-08,3232.3899,12819.5898,23178.0996
2020-06-09,3207.1799,12617.9902,23091.0293
2020-06-10,3190.1399,12530.1602,23124.9492
2020-06-11,3002.1001,11970.2900,22472.9102
2020-06-12,3041.3101,11949.2803,22305.4805
2020-06-15,3066.5901,11911.3496,21530.9492
2020-06-16,3124.7400,12315.6602,22582.2109
2020-06-17,3113.4900,12382.1396,22455.7598
2020-06-18,3115.3401,12281.5303,22355.4609
2020-06-19,3097.7400,12330.7598,22478.7891
2020-06-22,3117.8601,12262.9697,22437.2695
2020-06-23,3131.2900,12523.7598,22549.0508
2020-06-24,3050.3301,12093.9404,22534.3203
2020-06-25,3083.7600,12177.8701,22259.7891
2020-06-26,3009.0500,12089.3896,22512.0801
2020-06-29,3053.2400,12232.1201,21995.0391
2020-06-30,3100.2900,12310.9297,22288.1406
2020-07-01,3115.8601,12260.5703,22121.7305
2020-07-02,3130.0100,12608.4600,22145.9609
2020-07-06,3179.7200,12733.4502,22714.4395
2020-07-07,3145.3201,12616.7998,22614.6895
2020-07-08,3169.9399,12494.8096,22438.6504
2020-07-09,3152.0500,12489.4600,22529.2891
2020-07-10,3185.0400,12633.7100,22290.8105
2020-07-13,3155.2200,12799.9697,22784.7402
2020-07-14,3197.5200,12697.3604,22587.0098
2020-07-15,3226.5601,12930.9805,22945.5000
2020-07-16,3215.5701,12874.9697,22770.3594
2020-07-17,3224.7300,12919.6104,22696.4199
2020-07-20,3251.8401,13046.9199,22717.4805
2020-07-21,3257.3000,13171.8301,22884.2207
2020-07-22,3276.0200,13104.2500,22751.6094
2020-07-27,3239.4099,12838.6602,22715.8496
2020-07-28,3218.4399,12835.2803,22657.3809
2020-07-29,3258.4399,12822.2598,22397.1094
2020-07-30,3246.2200,12379.6504,22339.2305
2020-07-31,3271.1201,12313.3604,21710.0000
2020-08-03,3294.6101,12646.9805,22195.3809
2020-08-04,3306.5100,12600.8701,22573.6602
2020-08-05,3327.7700,12660.2500,22514.8496
2020-08-06,3349.1599,12591.6797,22418.1504
2020-08-07,3351.2800,12674.8799,22329.9395
2020-08-11,3333.6899,12946.8896,22750.2402
2020-08-12,3380.3501,13058.6299,22843.9609
2020-08-13,3373.4299,12993.7100,23249.6094
2020-08-14,3372.8501,12901.3398,23289.3594
2020-08-17,3381.9900,12920.6602,23096.7500
2020-08-18,3389.7800,12881.7598,23051.0801
2020-08-19,3374.8501,12977.3301,23110.6094
2020-08-20,3385.5100,12830.0000,22880.6191
2020-08-21,3397.1599,12764.7998,22920.3008
2020-08-24,3431.2800,13066.5400,22985.5098
2020-08-25,3443.6201,13061.6201,23296.7695
2020-08-26,3478.7300,13190.1504,23290.8594
2020-08-27,3484.5500,13096.3604,23208.8594
2020-08-28,3508.0100,13033.2002,22882.6504
2020-08-31,3500.3101,12945.3799,23139.7598
2020-09-01,3526.6499,12974.2500,23138.0703
2020-09-02,3580.8401,13243.4297,23247.1504
2020-09-03,3455.0601,13057.7695,23465.5293
2020-09-04,3426.9600,12842.6602,23205.4297
2020-09-08,3331.8401,12968.3301,23274.1309
2020-09-09,3398.9600,13237.2100,23032.5391
2020-09-10,3339.1899,13208.8896,23235.4707
2020-09-11,3340.9700,13202.8398,23406.4902
2020-09-14,3383.5400,13193.6602,23559.3008
2020-09-15,3401.2000,13217.6699,23454.8906
2020-09-16,3385.4900,13255.3701,23475.5293
2020-09-17,3357.0100,13208.1201,23319.3691
2020-09-18,3319.4700,13116.2500,23360.3008
2020-09-23,3236.9199,12642.9697,23346.4902
2020-09-24,3246.5901,12606.5703,23087.8203
2020-09-25,3298.4600,12469.2002,23204.6191
2020-09-28,3351.6001,12870.8701,23511.6191
2020-09-29,3335.4700,12825.8203,23539.0996
2020-09-30,3363.0000,12760.7305,23185.1191
2020-10-02,3348.4199,12689.0400,23029.9004
2020-10-05,3408.6001,12828.3096,23312.1406
2020-10-06,3360.9700,12906.0195,23433.7305
2020-10-07,3419.4399,12928.5703,23422.8203
2020-10-08,3446.8301,13042.2100,23647.0703
2020-10-09,3477.1399,13051.2305,23619.6895
2020-10-12,3534.2200,13138.4102,23558.6895
2020-10-13,3511.9299,13018.9902,23601.7793
2020-10-14,3488.6699,13028.0596,23626.7305
2020-10-15,3483.3401,12703.7500,23507.2305
2020-10-16,3483.8101,12908.9902,23410.6309
2020-10-19,3426.9199,12854.6602,23671.1309
2020-10-20,3443.1201,12736.9502,23567.0391
2020-10-21,3435.5601,12557.6396,23639.4609
2020-10-22,3453.4900,12543.0596,23474.2695
2020-10-23,3465.3899,12645.7500,23516.5898
2020-10-26,3400.9700,12177.1797,23494.3398
2020-10-27,3390.6799,12063.5703,23485.8008
2020-10-28,3271.0300,11560.5098,23418.5098
2020-10-29,3310.1101,11598.0703,23331.9395
2020-10-30,3269.9600,11556.4805,22977.1309
2020-11-02,3310.2400,11788.2803,23295.4805
2020-11-04,3443.4399,12324.2197,23695.2305
2020-11-05,3510.4500,12568.0898,24105.2793
2020-11-06,3509.4399,12480.0195,24325.2305
2020-11-09,3550.5000,13095.9697,24839.8398
2020-11-10,3545.5300,13163.1104,24905.5898
2020-11-11,3572.6599,13216.1797,25349.5996
2020-11-12,3537.0100,13052.9502,25520.8809
2020-11-13,3585.1499,13076.7197,25385.8691
2020-11-16,3626.9099,13138.6104,25906.9297
2020-11-17,3609.5300,13133.4697,26014.6191
2020-11-18,3567.7900,13201.8896,25728.1406
2020-11-19,3581.8701,13086.1602,25634.3398
2020-11-20,3557.5400,13137.2500,25527.3691
2020-11-24,3635.4099,13292.4404,26165.5898
2020-11-25,3629.6499,13289.7998,26296.8594
2020-11-27,3638.3501,13335.6797,26644.7109
2020-11-30,3621.6299,13291.1602,26433.6191
2020-12-01,3662.4500,13382.2998,26787.5391
2020-12-02,3669.0100,13313.2402,26800.9805
2020-12-03,3666.7200,13252.8604,26809.3691
2020-12-04,3699.1201,13298.9600,26751.2402
2020-12-07,3691.9600,13271.0000,26547.4395
2020-12-08,3702.2500,13278.4902,26467.0801
2020-12-09,3672.8201,13340.2598,26817.9395
2020-12-10,3668.1001,13295.7305,26756.2402
2020-12-11,3663.4600,13114.2998,26652.5195
2020-12-14,3647.4900,13223.1602,26732.4395
2020-12-15,3694.6201,13362.8701,26687.8398
2020-12-16,3701.1699,13565.9805,26757.4004
2020-12-17,3722.4800,13667.2500,26806.6699
2020-12-18,3709.4099,13630.5098,26763.3906
2020-12-21,3694.9199,13246.2998,26714.4199
2020-12-22,3687.2600,13418.1104,26436.3906
2020-12-23,3690.0100,13587.2305,26524.7891
2020-12-28,3735.3601,13790.2900,26854.0293
2020-12-29,3727.0400,13761.3799,27568.1504
2020-12-30,3732.0400,13718.7803,27444.1699
2021-01-04,3700.6499,13726.7402,27258.3809
2021-01-05,3726.8601,13651.2197,27158.6309
2021-01-06,3748.1399,13891.9697,27055.9395
2021-01-07,3803.7900,13968.2402,27490.1309
2021-01-08,3824.6799,14049.5303,28139.0293
2021-01-12,3801.1899,13925.0596,28164.3398
2021-01-13,3809.8401,13939.7100,28456.5898
2021-01-14,3795.5400,13988.7002,28698.2598
2021-01-15,3768.2500,13787.7305,28519.1797
2021-01-19,3798.9099,13815.0596,28633.4609
2021-01-20,3851.8501,13921.3701,28523.2598
2021-01-21,3853.0701,13906.6699,28756.8594
2021-01-22,3841.4700,13873.9697,28631.4492
2021-01-25,3855.3601,13643.9502,28822.2891
2021-01-26,3849.6201,13870.9902,28546.1797
2021-01-27,3750.7700,13620.4600,28635.2109
2021-01-28,3787.3799,13665.9297,28197.4199
2021-01-29,3714.2400,13432.8701,27663.3906
2021-02-01,3773.8601,13622.0195,28091.0508
2021-02-02,3826.3101,13835.1602,28362.1699
2021-02-03,3830.1699,13933.6299,28646.5000
2021-02-04,3871.7400,14060.2900,28341.9492
2021-02-05,3886.8301,14056.7197,28779.1895
2021-02-08,3915.5901,14059.9102,29388.5000
2021-02-09,3911.2300,14011.7998,29505.9297
2021-02-10,3909.8799,13932.9697,29562.9297
2021-02-12,3934.8301,14049.8896,29520.0703
2021-02-16,3932.5901,14064.5996,30467.7500
2021-02-17,3931.3301,13909.2695,30292.1895
2021-02-18,3913.9700,13886.9297,30236.0898
2021-02-19,3906.7100,13993.2305,30017.9199
2021-02-22,3876.5000,13950.0400,30156.0293
2021-02-24,3925.4299,13976.0000,29671.6992
2021-02-25,3829.3401,13879.3301,30168.2695
2021-02-26,3811.1499,13786.2900,28966.0098
2021-03-01,3901.8201,14012.8203,29663.5000
2021-03-02,3870.2900,14039.7998,29408.1699
2021-03-03,3819.7200,14080.0303,29559.0996
2021-03-04,3768.4700,14056.3398,28930.1094
2021-03-05,3841.9399,13920.6904,28864.3203
2021-03-08,3821.3501,14380.9102,28743.2500
2021-03-09,3875.4399,14437.9404,29027.9395
2021-03-10,3898.8101,14540.2500,29036.5605
2021-03-11,3939.3401,14569.3896,29211.6406
2021-03-12,3943.3401,14502.3896,29717.8301
2021-03-15,3968.9399,14461.4199,29766.9707
2021-03-16,3962.7100,14557.5801,29921.0898
2021-03-17,3974.1201,14596.6104,29914.3301
2021-03-18,3915.4600,14775.5195,30216.7500
2021-03-19,3913.1001,14621.0000,29792.0508
2021-03-22,3940.5901,14657.2100,29174.1504
2021-03-23,3910.5200,14662.0195,28995.9199
2021-03-24,3889.1399,14610.3896,28405.5195
2021-03-25,3909.5200,14621.3604,28729.8809
2021-03-26,3974.5400,14748.9404,29176.6992
2021-03-29,3971.0901,14817.7197,29384.5195
2021-03-30,3958.5500,15008.6104,29432.6992
2021-03-31,3972.8899,15008.3398,29178.8008
2021-04-01,4019.8701,15107.1699,29388.8691
2021-04-06,4073.9399,15212.6797,29696.6309
2021-04-07,4079.9500,15176.3604,29730.7891
2021-04-08,4097.1699,15202.6797,29708.9805
2021-04-09,4128.7998,15234.1602,29768.0605
2021-04-12,4127.9902,15215.0000,29538.7305
2021-04-13,4141.5898,15234.3604,29751.6094
2021-04-14,4124.6602,15209.1504,29620.9902
2021-04-15,4170.4199,15255.3301,29642.6895
2021-04-16,4185.4702,15459.7500,29683.3691
2021-04-19,4163.2598,15368.3896,29685.3691
2021-04-20,4134.9399,15129.5098,29100.3809
2021-04-21,4173.4199,15195.9697,28508.5508
2021-04-22,4134.9800,15320.5195,29188.1699
2021-04-23,4180.1699,15279.6201,29020.6309
2021-04-26,4187.6201,15296.3398,29126.2305
2021-04-27,4186.7202,15249.2695,28991.8906
2021-04-28,4183.1802,15292.1797,29053.9707
2021-04-30,4181.1699,15135.9102,28812.6309
2021-05-06,4201.6201,15196.7402,29331.3691
2021-05-07,4232.6001,15399.6504,29357.8203
2021-05-10,4188.4302,15400.4102,29518.3398
2021-05-11,4152.1001,15119.7500,28608.5898
2021-05-12,4063.0400,15150.2197,28147.5098
2021-05-13,4112.5000,15199.6797,27448.0098
2021-05-14,4173.8501,15416.6396,28084.4707
2021-05-17,4163.2900,15396.6201,27824.8301
2021-05-18,4127.8301,15386.5801,28406.8398
2021-05-19,4115.6802,15113.5596,28044.4492
2021-05-20,4159.1201,15370.2598,28098.2500
2021-05-21,4155.8599,15437.5098,28317.8301
2021-05-25,4188.1299,15465.0898,28553.9805
2021-05-26,4195.9902,15450.7197,28642.1895
2021-05-27,4200.8799,15406.7305,28549.0098
2021-05-28,4204.1099,15519.9805,29149.4102
2021-06-01,4202.0400,15567.3604,28814.3398
2021-06-02,4208.1201,15602.7100,28946.1406
2021-06-03,4192.8501,15632.6699,29058.1094
2021-06-04,4229.8901,15692.9004,28941.5195
2021-06-07,4226.5200,15677.1504,29019.2402
2021-06-08,4227.2598,15640.5996,28963.5605
2021-06-09,4219.5498,15581.1396,28860.8008
2021-06-10,4239.1802,15571.2197,28958.5605
2021-06-11,4247.4399,15693.2695,28948.7305
2021-06-14,4255.1499,15673.6396,29161.8008
2021-06-15,4246.5898,15729.5195,29441.3008
2021-06-16,4223.7002,15710.5703,29291.0098
2021-06-17,4221.8599,15727.6699,29018.3301
2021-06-18,4166.4502,15448.0400,28964.0801
2021-06-21,4224.7900,15603.2402,28010.9297
2021-06-22,4246.4399,15636.3301,28884.1309
2021-06-23,4241.8398,15456.3896,28874.8906
2021-06-24,4266.4902,15589.2305,28875.2305
2021-06-25,4280.7002,15607.9697,29066.1797
2021-06-28,4290.6099,15554.1797,29048.0195
2021-06-29,4291.7998,15690.5898,28812.6094
2021-06-30,4297.5000,15531.0400,28791.5293
2021-07-01,4319.9399,15603.8096,28707.0391
2021-07-02,4352.3398,15650.0898,28783.2793
2021-07-06,4343.5400,15511.3799,28643.2109
2021-07-07,4358.1299,15692.7100,28366.9492
2021-07-08,4320.8198,15420.6396,28118.0293
2021-07-09,4369.5498,15687.9297,27940.4199
2021-07-12,4384.6299,15790.5098,28569.0195
2021-07-13,4369.2100,15789.6396,28718.2402
2021-07-14,4374.2998,15788.9805,28608.4902
2021-07-15,4360.0298,15629.6602,28279.0898
2021-07-16,4327.1602,15540.3096,28003.0801
2021-07-19,4258.4902,15133.2002,27652.7402
2021-07-20,4323.0601,15216.2695,27388.1602
2021-07-21,4358.6899,15422.5000,27548.0000
2021-07-26,4422.2998,15618.9805,27833.2891
2021-07-27,4401.4600,15519.1299,27970.2207
2021-07-28,4400.6401,15570.3604,27581.6602
2021-07-29,4419.1499,15640.4697,27782.4199
2021-07-30,4395.2598,15544.3896,27283.5898
2021-08-02,4387.1602,15568.7305,27781.0195
2021-08-03,4423.1499,15555.0801,27641.8301
2021-08-04,4402.6602,15692.1299,27584.0801
2021-08-05,4429.1001,15744.6699,27728.1191
2021-08-06,4436.5200,15761.4502,27820.0391
2021-08-10,4436.7500,15770.7100,27888.1504
2021-08-11,4442.4102,15826.0898,28070.5098
2021-08-12,4460.8301,15937.5098,28015.0195
2021-08-13,4468.0000,15977.4404,27977.1504
2021-08-16,4479.7100,15925.7305,27523.1895
2021-08-17,4448.0801,15921.9502,27424.4707
2021-08-18,4400.2700,15965.9697,27585.9102
2021-08-19,4405.7998,15765.8096,27281.1699
2021-08-20,4441.6699,15808.0400,27013.2500
2021-08-23,4479.5298,15852.7900,27494.2402
2021-08-24,4486.2300,15905.8496,27732.0996
2021-08-25,4496.1899,15860.6602,27724.8008
2021-08-26,4470.0000,15793.6201,27742.2891
2021-08-27,4509.3701,15851.7500,27641.1406
2021-08-30,4528.7900,15887.3096,27789.2891
2021-08-31,4522.6802,15835.0898,28089.5391
2021-09-01,4524.0898,15824.2900,28451.0195
2021-09-02,4536.9502,15840.5898,28543.5098
2021-09-03,4535.4302,15781.2002,29128.1094
2021-09-07,4520.0298,15843.0898,29916.1406
2021-09-08,4514.0698,15610.2803,30181.2109
2021-09-09,4493.2798,15623.1504,30008.1895
2021-09-10,4458.5801,15609.8096,30381.8398
2021-09-13,4468.7300,15701.4199,30447.3691
2021-09-14,4443.0498,15722.9902,30670.0996
2021-09-15,4480.7002,15616.0000,30511.7109
2021-09-16,4473.7500,15651.7500,30323.3398
2021-09-17,4432.9902,15490.1699,30500.0508
2021-09-21,4354.1899,15348.5303,29839.7109
2021-09-22,4395.6401,15506.7402,29639.4004
2021-09-24,4455.4800,15531.7500,30248.8105
2021-09-27,4443.1099,15573.8799,30240.0605
2021-09-28,4352.6299,15248.5596,30183.9609
2021-09-29,4359.4600,15365.2695,29544.2891
2021-09-30,4307.5400,15260.6904,29452.6602
2021-10-01,4357.0400,15156.4404,28771.0703
2021-10-04,4300.4600,15036.5498,28444.8906
2021-10-05,4345.7202,15194.4902,27822.1191
2021-10-06,4363.5498,14973.3301,27528.8691
2021-10-07,4399.7598,15250.8604,27678.2109
2021-10-08,4391.3398,15206.1299,28048.9395
2021-10-11,4361.1899,15199.1396,28498.1992
2021-10-12,4350.6499,15146.8701,28230.6094
2021-10-13,4363.7998,15249.3799,28140.2793
2021-10-14,4438.2598,15462.7197,28550.9297
2021-10-15,4471.3701,15587.3604,29068.6309
2021-10-18,4486.4600,15474.4697,29025.4609
2021-10-19,4519.6299,15515.8301,29215.5195
2021-10-20,4536.1899,15522.9199,29255.5508
2021-10-21,4549.7798,15472.5596,28708.5801
2021-10-22,4544.8999,15542.9805,28804.8496
2021-10-25,4566.4800,15599.2305,28600.4102
2021-10-26,4574.7900,15757.0596,29106.0098
2021-10-27,4551.6802,15705.8096,29098.2402
2021-10-28,4596.4199,15696.3301,28820.0898
2021-10-29,4605.3799,15688.7695,28892.6895
2021-11-01,4613.6699,15806.2900,29647.0801
2021-11-02,4630.6499,15954.4502,29520.9004
2021-11-04,4680.0601,16029.6504,29794.3691
2021-11-05,4697.5298,16054.3604,29611.5703
2021-11-08,4701.7002,16046.5195,29507.0508
2021-11-09,4685.2500,16040.4697,29285.4609
2021-11-10,4646.7100,16067.8301,29106.7793
2021-11-11,4649.2700,16083.1104,29277.8594
2021-11-12,4682.8501,16094.0703,29609.9707
2021-11-15,4682.7998,16148.6396,29776.8008
2021-11-16,4700.8999,16247.8604,29808.1191
2021-11-17,4688.6699,16251.1299,29688.3301
2021-11-18,4704.5400,16221.7305,29598.6602
2021-11-19,4697.9600,16159.9697,29745.8691
2021-11-22,4682.9399,16115.6904,29774.1094
2021-11-24,4701.4600,15878.3896,29302.6602
2021-11-26,4594.6201,15257.0400,28751.6191
2021-11-29,4655.2700,15280.8604,28283.9199
2021-11-30,4567.0000,15100.1299,27821.7598
2021-12-01,4513.0400,15472.6699,27935.6191
2021-12-02,4577.1001,15263.1104,27753.3691
2021-12-03,4538.4302,15169.9805,28029.5703
2021-12-06,4591.6699,15380.7900,27927.3691
2021-12-07,4686.7500,15813.9404,28455.5996
2021-12-08,4701.2100,15687.0898,28860.6191
2021-12-09,4667.4502,15639.2598,28725.4707
2021-12-10,4712.0200,15623.3096,28437.7695
2021-12-13,4668.9702,15621.7197,28640.4902
2021-12-14,4634.0898,15453.5596,28432.6406
2021-12-15,4709.8501,15476.3496,28459.7207
2021-12-16,4668.6699,15636.4004,29066.3203
2021-12-17,4620.6401,15531.6904,28545.6797
2021-12-20,4568.0200,15239.6699,27937.8105
2021-12-21,4649.2300,15447.4404,28517.5898
2021-12-22,4696.5601,15593.4697,28562.2109
2021-12-23,4725.7900,15756.3096,28798.3691
2021-12-27,4791.1899,15835.2500,28676.4609
2021-12-28,4786.3501,15963.7002,29069.1602
2021-12-29,4793.0601,15852.2500,28906.8809
2021-12-30,4778.7300,15884.8604,28791.7109
2022-01-04,4793.5400,16152.6104,29301.7891
2022-01-05,4700.5801,16271.7500,29332.1602
2022-01-06,4696.0498,16052.0303,28487.8691
2022-01-07,4677.0298,15947.7402,28478.5605
2022-01-11,4713.0698,15941.8096,28222.4805
2022-01-12,4726.3501,16010.3203,28765.6602
2022-01-13,4659.0298,16031.5898,28489.1309
2022-01-14,4662.8501,15883.2402,28124.2793
2022-01-18,4577.1099,15772.5596,28257.2500
2022-01-19,4532.7598,15809.7197,27467.2305
2022-01-20,4482.7300,15912.3301,27772.9297
2022-01-21,4397.9399,15603.8799,27522.2598
2022-01-24,4410.1299,15011.1299,27588.3691
2022-01-25,4356.4502,15123.8701,27131.3398
2022-01-26,4349.9302,15459.3896,27011.3301
2022-01-27,4326.5098,15524.2695,26170.3008
2022-01-28,4431.8501,15318.9502,26717.3398
2022-01-31,4515.5498,15471.2002,27001.9805
2022-02-01,4546.5400,15619.3896,27078.4805
2022-02-02,4589.3799,15613.7695,27533.5996
2022-02-03,4477.4399,15368.4697,27241.3105
2022-02-04,4500.5298,15099.5596,27439.9902
2022-02-07,4483.8701,15206.6396,27248.8691
2022-02-08,4521.5400,15242.3799,27284.5195
2022-02-09,4587.1802,15482.0098,27579.8691
2022-02-10,4504.0801,15490.4404,27696.0801
2022-02-14,4401.6699,15113.9697,27079.5898
2022-02-15,4471.0698,15412.7100,26865.1895
2022-02-16,4475.0098,15396.0703,27460.4004
2022-02-17,4380.2598,15267.6299,27232.8691
2022-02-18,4348.8701,15042.5098,27122.0703
2022-02-22,4304.7598,14693.0000,26449.6094
2022-02-24,4288.7002,14052.0996,25970.8203
2022-02-25,4384.6499,14567.2305,26476.5000
2022-02-28,4373.9399,14461.0195,26526.8203
2022-03-01,4306.2598,13904.8496,26844.7207
2022-03-02,4386.5400,14000.1104,26393.0293
2022-03-03,4363.4902,13698.4004,26577.2695
2022-03-04,4328.8701,13094.5400,25985.4707
2022-03-07,4201.0898,12834.6504,25221.4102
2022-03-08,4170.7002,12831.5098,24790.9492
2022-03-09,4277.8799,13847.9297,24717.5293
2022-03-10,4259.5200,13442.0996,25690.4004
2022-03-11,4204.3101,13628.1104,25162.7793
2022-03-14,4173.1099,13929.1104,25307.8496
2022-03-15,4262.4502,13917.2695,25346.4805
2022-03-16,4357.8599,14440.7402,25762.0098
2022-03-17,4411.6699,14388.0596,26652.8906
2022-03-18,4463.1201,14413.0898,26827.4297
2022-03-22,4511.6099,14473.2002,27224.1094
2022-03-23,4456.2402,14283.6504,28040.1602
2022-03-24,4520.1602,14273.7900,28110.3906
2022-03-25,4543.0601,14305.7598,28149.8398
2022-03-28,4575.5200,14417.3701,27943.8906
2022-03-29,4631.6001,14820.3301,28252.4199
2022-03-30,4602.4502,14606.0498,28027.2500
2022-03-31,4530.4102,14414.7500,27821.4297
2022-04-01,4545.8599,14446.4805,27665.9805
2022-04-04,4582.6401,14518.1602,27736.4707
2022-04-05,4525.1201,14424.3604,27787.9805
2022-04-06,4481.1499,14151.6904,27350.3008
2022-04-07,4500.2100,14078.1504,26888.5703
2022-04-08,4488.2798,14283.6699,26985.8008
2022-04-11,4412.5298,14192.7803,26821.5195
2022-04-12,4397.4502,14124.9502,26334.9805
2022-04-13,4446.5898,14076.4404,26843.4902
2022-04-14,4392.5898,14163.8496,27172.0000
2022-04-19,4462.2100,14153.4600,26985.0898
2022-04-20,4459.4502,14362.0303,27217.8496
2022-04-21,4393.6602,14502.4102,27553.0605
2022-04-22,4271.7798,14142.0898,27105.2598
2022-04-25,4296.1201,13924.1699,26590.7793
2022-04-26,4175.2002,13756.4004,26700.1094
2022-04-27,4183.9600,13793.9404,26386.6309
2022-04-28,4287.5000,13979.8398,26847.9004
2022-05-02,4155.3799,13939.0703,26818.5293
2022-05-06,4123.3398,13674.2900,27003.5605
2022-05-09,3991.2400,13380.6699,26319.3398
2022-05-10,4001.0500,13534.7402,26167.0996
2022-05-11,3935.1799,13828.6396,26213.6406
2022-05-12,3930.0801,13739.6396,25748.7207
2022-05-13,4023.8899,14027.9297,26427.6504
2022-05-16,4008.0100,13964.3799,26547.0508
2022-05-17,4088.8501,14185.9404,26659.7500
2022-05-18,3923.6799,14007.7598,26911.1992
2022-05-19,3900.7900,13882.2998,26402.8398
2022-05-20,3901.3601,13981.9102,26739.0293
2022-05-23,3973.7500,14175.4004,27001.5195
2022-05-24,3941.4800,13919.7500,26748.1406
2022-05-25,3978.7300,14007.9297,26677.8008
2022-05-26,4057.8401,14231.2900,26604.8398
2022-05-27,4158.2402,14462.1904,26781.6797
2022-05-31,4132.1499,14388.3496,27279.8008
2022-06-01,4101.2300,14340.4697,27457.8906
2022-06-02,4176.8198,14485.1699,27413.8809
2022-06-03,4108.5400,14460.0898,27761.5703
2022-06-06,4121.4302,14653.8096,27915.8906
2022-06-07,4160.6802,14556.6201,27943.9492
2022-06-08,4115.7700,14445.9902,28234.2891
2022-06-09,4017.8201,14198.7998,28246.5293
2022-06-10,3900.8601,13761.8301,27824.2891
2022-06-13,3749.6299,13427.0303,26987.4395
2022-06-14,3735.4800,13304.3896,26629.8594
2022-06-15,3789.9900,13485.2900,26326.1602
2022-06-16,3666.7700,13038.4902,26431.1992
2022-06-17,3674.8401,13126.2598,25963.0000
2022-06-21,3764.7900,13292.4004,26246.3105
2022-06-22,3759.8899,13144.2803,26149.5508
2022-06-23,3795.7300,12912.5898,26171.2500
2022-06-24,3911.7400,13118.1299,26491.9707
2022-06-27,3900.1101,13186.0703,26871.2695
2022-06-28,3821.5500,13231.8203,27049.4707
2022-06-29,3818.8301,13003.3496,26804.5996
2022-06-30,3785.3799,12783.7695,26393.0391
2022-07-01,3825.3301,12813.0303,25935.6191
2022-07-05,3831.3899,12401.2002,26423.4707
2022-07-06,3845.0801,12594.5195,26107.6504
2022-07-07,3902.6201,12843.2197,26490.5293
2022-07-08,3899.3799,13015.2305,26517.1895
2022-07-11,3854.4299,12832.4404,26812.3008
2022-07-12,3818.8000,12905.4805,26336.6602
2022-07-13,3801.7800,12756.3203,26478.7695
2022-07-14,3790.3799,12519.6602,26643.3906
2022-07-15,3863.1599,12864.7197,26788.4707
2022-07-19,3936.6899,13308.4102,26961.6797
2022-07-20,3959.8999,13281.9805,27680.2598
2022-07-21,3998.9500,13246.6396,27803.0000
2022-07-22,3961.6299,13253.6797,27914.6602
2022-07-25,3966.8401,13210.3203,27699.2500
2022-07-26,3921.0500,13096.9297,27655.2109
2022-07-27,4023.6101,13166.3799,27715.7500
2022-07-28,4072.4299,13282.1104,27815.4805
2022-07-29,4130.2900,13484.0498,27801.6406
2022-08-01,4118.6299,13479.6299,27993.3496
2022-08-02,4091.1899,13449.2002,27594.7305
2022-08-03,4155.1699,13587.5596,27741.9004
2022-08-04,4151.9399,13662.6797,27932.1992
2022-08-05,4145.1899,13573.9297,28175.8691
2022-08-08,4140.0601,13687.6904,28249.2402
2022-08-09,4122.4702,13534.9697,27999.9609
2022-08-10,4210.2402,13700.9297,27819.3301
2022-08-12,4280.1499,13795.8496,28546.9805
2022-08-15,4297.1401,13816.6104,28871.7793
2022-08-16,4305.2002,13910.1201,28868.9102
2022-08-17,4274.0400,13626.7100,29222.7695
2022-08-18,4283.7402,13697.4102,28942.1406
2022-08-19,4228.4800,13544.5195,28930.3301
2022-08-22,4137.9902,13230.5703,28794.5000
2022-08-23,4128.7300,13194.2305,28452.7500
2022-08-24,4140.7700,13220.0596,28313.4707
2022-08-25,4199.1201,13271.9600,28479.0098
2022-08-26,4057.6599,12971.4697,28641.3809
2022-08-29,4030.6101,12892.9902,27878.9609
2022-08-30,3986.1599,12961.1396,28195.5801
2022-08-31,3955.0000,12834.9600,28091.5293
2022-09-01,3966.8501,12630.2305,27661.4707
2022-09-02,3924.2600,13050.2695,27650.8398
2022-09-06,3908.1899,12871.4404,27626.5098
2022-09-07,3979.8701,12915.9697,27430.3008
2022-09-08,4006.1799,12904.3203,28065.2793
2022-09-09,4067.3601,13088.2100,28214.7500
2022-09-12,4110.4102,13402.2695,28542.1094
2022-09-13,3932.6899,13188.9502,28614.6309
2022-09-14,3946.0100,13028.0000,27818.6191
2022-09-15,3901.3501,12956.6602,27875.9102
2022-09-16,3873.3301,12741.2598,27567.6504
2022-09-20,3855.9299,12670.8301,27688.4199
2022-09-21,3789.9299,12767.1504,27313.1309
2022-09-22,3757.9900,12531.6299,27153.8301
2022-09-26,3655.0400,12227.9199,26431.5508
2022-09-27,3647.2900,12139.6797,26571.8691
2022-09-28,3719.0400,12183.2803,26173.9805
2022-09-29,3640.4700,11975.5498,26422.0508
2022-09-30,3585.6201,12114.3604,25937.2109
2022-10-03,3678.4299,12209.4805,26215.7891
2022-10-04,3790.9299,12670.4805,26992.2109
2022-10-05,3783.2800,12517.1797,27120.5293
2022-10-06,3744.5200,12470.7803,27311.3008
2022-10-07,3639.6599,12273.0000,27116.1094
2022-10-11,3588.8401,12220.2500,26401.2500
2022-10-12,3577.0300,12172.2598,26396.8301
2022-10-13,3669.9099,12355.5801,26237.4199
2022-10-14,3583.0701,12437.8096,27090.7598
2022-10-17,3677.9500,12649.0303,26775.7891
2022-10-18,3719.9800,12765.6104,27156.1406
2022-10-19,3695.1599,12741.4102,27257.3809
2022-10-20,3665.7800,12767.4102,27006.9609
2022-10-21,3752.7500,12730.9004,26890.5801
2022-10-24,3797.3401,12931.4502,26974.9004
2022-10-25,3859.1101,13052.9600,27250.2793
2022-10-26,3830.6001,13195.8096,27431.8398
2022-10-27,3807.3000,13211.2305,27345.2402
2022-10-28,3901.0601,13243.3301,27105.1992
2022-10-31,3871.9800,13253.7402,27587.4609
2022-11-01,3856.1001,13338.7402,27678.9199
2022-11-02,3759.6899,13256.7402,27663.3906
2022-11-04,3770.5500,13459.8496,27199.7402
2022-11-07,3806.8000,13533.5195,27527.6406
2022-11-08,3828.1101,13688.7500,27872.1094
2022-11-09,3748.5701,13666.3203,27716.4297
2022-11-10,3956.3701,14146.0898,27446.0996
2022-11-11,3992.9299,14224.8604,28263.5703
2022-11-14,3957.2500,14313.2998,27963.4707
2022-11-15,3991.7300,14378.5098,27990.1699
2022-11-16,3958.7900,14234.0303,28028.3008
2022-11-17,3946.5601,14266.3799,27930.5703
2022-11-18,3965.3401,14431.8604,27899.7695
2022-11-21,3949.9399,14379.9297,27944.7891
2022-11-22,4003.5801,14422.3496,28115.7402
2022-11-25,4026.1201,14541.3799,28283.0293
2022-11-28,3963.9399,14383.3604,28162.8301
2022-11-29,3957.6299,14355.4502,28027.8398
2022-11-30,4080.1101,14397.0400,27968.9902
2022-12-01,4076.5701,14490.2998,28226.0801
2022-12-02,4071.7000,14529.3896,27777.9004
2022-12-05,3998.8401,14447.6104,27820.4004
2022-12-06,3941.2600,14343.1904,27885.8691
2022-12-07,3933.9199,14261.1904,27686.4004
2022-12-08,3963.5100,14264.5596,27574.4297
2022-12-09,3934.3799,14370.7197,27901.0098
2022-12-12,3990.5601,14306.6299,27842.3301
2022-12-13,4019.6499,14497.8896,27954.8496
2022-12-14,3995.3201,14460.2002,28156.2109
2022-12-15,3895.7500,13986.2305,28051.6992
2022-12-16,3852.3601,13893.0703,27527.1191
2022-12-19,3817.6599,13942.8701,27237.6406
2022-12-20,3821.6201,13884.6602,26568.0293
2022-12-21,3878.4399,14097.8203,26387.7207
2022-12-22,3822.3899,13914.0703,26507.8691
2022-12-23,3844.8201,13940.9297,26235.2500
2022-12-27,3829.2500,13995.0996,26447.8691
2022-12-28,3783.2200,13925.5996,26340.5000
2022-12-29,3849.2800,14071.7197,26093.6699
2022-12-30,3839.5000,13923.5898,26094.5000
2023-01-04,3852.9700,14490.7803,25716.8594
2023-01-05,3808.1001,14436.3096,25820.8008
2023-01-06,3895.0801,14610.0195,25973.8496
2023-01-10,3919.2500,14774.5996,26175.5605
2023-01-11,3969.6101,14947.9102,26446.0000
2023-01-12,3983.1699,15058.2998,26449.8203
2023-01-13,3999.0901,15086.5195,26119.5195
2023-01-17,3990.9700,15187.0703,26138.6797
2023-01-18,3928.8601,15181.7998,26791.1191
2023-01-19,3898.8501,14920.3604,26405.2305
2023-01-20,3972.6101,15033.5596,26553.5293
2023-01-23,4019.8101,15102.9502,26906.0391
2023-01-24,4016.9500,15093.1104,27299.1895
2023-01-25,4016.2200,15081.6396,27395.0098
2023-01-26,4060.4299,15132.8496,27362.7500
2023-01-27,4070.5601,15150.0303,27382.5605
2023-01-30,4017.7700,15126.0801,27433.4004
2023-01-31,4076.6001,15128.2695,27327.1094
2023-02-01,4119.2100,15180.7402,27346.8809
2023-02-02,4179.7598,15509.1904,27402.0508
2023-02-03,4136.4800,15476.4297,27509.4609
2023-02-06,4111.0801,15345.9102,27693.6504
2023-02-07,4164.0000,15320.8799,27685.4707
2023-02-08,4117.8599,15412.0498,27606.4609
2023-02-09,4081.5000,15523.4199,27584.3496
2023-02-10,4090.4600,15307.9805,27670.9805
2023-02-13,4137.2900,15397.3398,27427.3203
2023-02-14,4136.1299,15380.5596,27602.7695
2023-02-15,4147.6001,15506.3398,27501.8594
2023-02-16,4090.4099,15533.6396,27696.4395
2023-02-17,4079.0901,15482.0000,27513.1309
2023-02-21,3997.3401,15397.6201,27473.0996
2023-02-22,3991.0500,15399.8896,27104.3203
2023-02-24,3970.0400,15209.7402,27453.4805
2023-02-27,3982.2400,15381.4297,27423.9609
2023-02-28,3970.1499,15365.1396,27445.5605
2023-03-01,3951.3899,15305.0195,27516.5293
2023-03-02,3981.3501,15327.6396,27498.8691
2023-03-03,4045.6399,15578.3896,27927.4707
2023-03-06,4048.4199,15653.5801,28237.7793
2023-03-07,3986.3701,15559.5303,28309.1602
2023-03-08,3992.0100,15631.8701,28444.1895
2023-03-09,3918.3201,15633.2100,28623.1504
2023-03-10,3861.5901,15427.9697,28143.9707
2023-03-13,3855.7600,14959.4697,27832.9609
2023-03-14,3919.2900,15232.8301,27222.0391
2023-03-15,3891.9299,14735.2598,27229.4805
2023-03-16,3960.2800,14967.0996,27010.6094
2023-03-17,3916.6399,14768.2002,27333.7891
2023-03-20,3951.5701,14933.3799,26945.6699
2023-03-22,3936.9700,15216.1904,27466.6094
2023-03-23,3948.7200,15210.3896,27419.6094
2023-03-24,3970.9900,14957.2305,27385.2500
2023-03-27,3977.5300,15127.6797,27476.8691
2023-03-28,3971.2700,15142.0195,27518.2500
2023-03-29,4027.8101,15328.7803,27883.7793
2023-03-30,4050.8301,15522.4004,27782.9297
2023-03-31,4109.3101,15628.8398,28041.4805
2023-04-03,4124.5098,15580.9199,28188.1504
2023-04-04,4100.6001,15603.4697,28287.4199
2023-04-05,4090.3799,15520.1699,27813.2598
2023-04-06,4105.0200,15597.8896,27472.6309
2023-04-11,4108.9399,15655.1699,27923.3691
2023-04-12,4091.9500,15703.5996,28082.6992
2023-04-13,4146.2202,15729.4600,28156.9707
2023-04-14,4137.6401,15807.5000,28493.4707
2023-04-17,4151.3198,15789.5303,28514.7793
2023-04-18,4154.8701,15882.6699,28658.8301
2023-04-19,4154.5200,15895.2002,28606.7598
2023-04-20,4129.7900,15795.9697,28657.5703
2023-04-21,4133.5200,15881.6602,28564.3691
2023-04-24,4137.0400,15863.9502,28593.5195
2023-04-25,4071.6299,15872.1299,28620.0703
2023-04-26,4055.9900,15795.7305,28416.4707
2023-04-27,4135.3501,15800.4502,28457.6797
2023-04-28,4169.4800,15922.3799,28856.4395
2023-05-02,4119.5801,15726.9404,29157.9492
2023-05-08,4138.1201,15952.8301,28949.8809
2023-05-09,4119.1699,15955.4805,29242.8203
2023-05-10,4137.6401,15896.2305,29122.1797
2023-05-11,4130.6201,15834.9102,29126.7207
2023-05-12,4124.0801,15913.8203,29388.3008
2023-05-15,4136.2798,15917.2402,29626.3398
2023-05-16,4109.8999,15897.9297,29842.9902
2023-05-17,4158.7700,15951.2998,30093.5898
2023-05-18,4198.0498,16163.3604,30573.9297
2023-05-19,4191.9800,16275.3799,30808.3496
2023-05-22,4192.6299,16223.9902,31086.8203
2023-05-23,4145.5801,16152.8604,30957.7695
2023-05-24,4115.2402,15842.1299,30682.6797
2023-05-25,4151.2798,15793.7998,30801.1309
2023-05-26,4205.4502,15983.9697,30916.3105
2023-05-30,4205.5200,15908.9102,31328.1602
2023-05-31,4179.8301,15664.0195,30887.8809
2023-06-01,4221.0200,15853.6602,31148.0098
2023-06-02,4282.3701,16051.2305,31524.2207
2023-06-05,4273.7900,15963.8896,32217.4297
2023-06-06,4283.8501,15992.4404,32506.7793
2023-06-07,4267.5200,15960.5596,31913.7402
2023-06-08,4293.9302,15989.9600,31641.2695
2023-06-09,4298.8599,15949.8398,32265.1699
2023-06-12,4338.9302,16097.8701,32434.0000
2023-06-13,4369.0098,16230.6797,33018.6484
2023-06-14,4372.5898,16310.7900,33502.4219
2023-06-15,4425.8398,16290.1201,33485.4883
2023-06-16,4409.5898,16357.6299,33706.0781
2023-06-20,4388.7100,16111.3203,33388.9102
2023-06-21,4365.6899,16023.1299,33575.1406
2023-06-22,4381.8901,15988.1602,33264.8789
2023-06-23,4348.3301,15829.9404,32781.5391
2023-06-26,4328.8198,15813.0596,32698.8105
2023-06-27,4378.4102,15846.8604,32538.3301
2023-06-28,4376.8599,15949.0000,33193.9883
2023-06-29,4396.4399,15946.7197,33234.1406
2023-06-30,4450.3799,16147.9004,33189.0391
2023-07-03,4455.5898,16081.0400,33753.3281
2023-07-05,4446.8198,15937.5801,33338.6992
2023-07-06,4411.5898,15528.5400,32773.0195
2023-07-07,4398.9502,15603.4004,32388.4199
2023-07-10,4409.5298,15673.1602,32189.7305
2023-07-11,4439.2598,15790.3398,32203.5703
2023-07-12,4472.1602,16023.0000,31943.9297
2023-07-13,4510.0400,16141.0303,32419.3301
2023-07-14,4505.4199,16105.0703,32391.2598
2023-07-18,4554.9800,16125.4902,32493.8906
2023-07-19,4565.7202,16108.9297,32896.0312
2023-07-20,4534.8701,16204.2197,32490.5195
2023-07-21,4536.3398,16177.2197,32304.2500
2023-07-24,4554.6401,16190.9502,32700.9395
2023-07-25,4567.4600,16211.5898,32682.5098
2023-07-26,4566.7500,16131.4600,32668.3398
2023-07-27,4537.4102,16406.0293,32891.1602
2023-07-28,4582.2300,16469.7500,32759.2305
2023-07-31,4588.9600,16446.8301,33172.2188
2023-08-01,4576.7300,16240.4004,33476.5781
2023-08-02,4513.3901,16020.0195,32707.6895
2023-08-03,4501.8901,15893.3799,32159.2793
2023-08-04,4478.0298,15951.8604,32192.7500
2023-08-07,4518.4399,15950.7598,32254.5605
2023-08-08,4499.3799,15774.9297,32377.2891
2023-08-09,4467.7100,15852.5801,32204.3301
2023-08-10,4468.8301,15996.5195,32473.6504
2023-08-14,4489.7202,15904.2500,32059.9102
2023-08-15,4437.8599,15767.2803,32238.8906
2023-08-16,4404.3301,15789.4502,31766.8203
2023-08-17,4370.3599,15676.9004,31626.0000
2023-08-18,4369.7100,15574.2598,31450.7598
2023-08-21,4399.7700,15603.2803,31565.6406
2023-08-22,4387.5498,15705.6201,31856.7109
2023-08-23,4436.0098,15728.4102,32010.2598
2023-08-24,4376.3101,15621.4902,32287.2109
2023-08-25,4405.7100,15631.8203,31624.2793
2023-08-28,4433.3101,15792.6104,32169.9902
2023-08-29,4497.6299,15930.8799,32226.9707
2023-08-30,4514.8701,15891.9297,32333.4609
2023-08-31,4507.6602,15947.0801,32619.3398
2023-09-01,4515.7700,15840.3398,32710.6191
2023-09-05,4496.8301,15771.7100,33036.7617
2023-09-06,4465.4800,15741.3701,33241.0195
2023-09-07,4451.1401,15718.6602,32991.0781
2023-09-08,4457.4902,15740.2998,32606.8398
2023-09-11,4487.4600,15800.9902,32467.7598
2023-09-12,4461.8999,15715.5303,32776.3711
2023-09-13,4467.4399,15654.0303,32706.5195
2023-09-14,4505.1001,15805.2900,33168.1016
2023-09-15,4450.3198,15893.5303,33533.0898
2023-09-19,4443.9502,15664.4805,33242.5898
2023-09-20,4402.2002,15781.5898,33023.7812
2023-09-21,4330.0000,15571.8604,32571.0293
2023-09-22,4320.0601,15557.2900,32402.4102
2023-09-25,4337.4399,15405.4902,32678.6191
2023-09-26,4273.5298,15255.8701,32315.0508
2023-09-27,4274.5098,15217.4502,32371.9004
2023-09-28,4299.7002,15323.5000,31872.5195
2023-09-29,4288.0498,15386.5801,31857.6191
2023-10-02,4288.3901,15247.2100,31759.8809
2023-10-03,4229.4502,15085.2100,31237.9395
2023-10-04,4263.7500,15099.9199,30526.8809
2023-10-05,4258.1899,15070.2197,31075.3594
2023-10-06,4308.5000,15229.7695,30994.6699
2023-10-10,4358.2402,15423.5195,31746.5293
2023-10-11,4376.9502,15460.0098,31936.5098
2023-10-12,4349.6099,15425.0303,32494.6602
2023-10-13,4327.7798,15186.6602,32315.9902
2023-10-16,4373.6299,15237.9902,31659.0293
2023-10-17,4373.2002,15251.6904,32040.2891
2023-10-18,4314.6001,15094.9102,32042.2500
2023-10-19,4278.0000,15045.2305,31430.6191
2023-10-20,4224.1602,14798.4697,31259.3594
2023-10-23,4217.0400,14800.7197,30999.5508
2023-10-24,4247.6802,14879.9404,31062.3496
2023-10-25,4186.7700,14892.1797,31269.9199
2023-10-26,4137.2300,14731.0498,30601.7793
2023-10-27,4117.3701,14687.4102,30991.6895
2023-10-30,4166.8198,14716.5400,30696.9609
2023-10-31,4193.7998,14810.3398,30858.8496
2023-11-01,4237.8599,14923.2695,31601.6504
2023-11-02,4317.7798,15143.5996,31949.8906
2023-11-06,4365.9800,15135.9697,32708.4805
2023-11-07,4378.3799,15152.6396,32271.8203
2023-11-08,4382.7798,15229.5996,32166.4805
2023-11-09,4347.3501,15352.5400,32646.4609
2023-11-10,4415.2402,15234.3896,32568.1094
2023-11-13,4411.5498,15345.0000,32585.1094
2023-11-14,4495.7002,15614.4297,32695.9297
2023-11-15,4502.8799,15748.1699,33519.6992
2023-11-16,4508.2402,15786.6104,33424.4102
2023-11-17,4514.0200,15919.1602,33585.1992
2023-11-20,4547.3799,15901.3301,33388.0312
2023-11-21,4538.1899,15900.5303,33354.1406
2023-11-22,4556.6201,15957.8203,33451.8281
2023-11-24,4559.3398,16029.4902,33625.5312
2023-11-27,4550.4302,15966.3701,33447.6719
2023-11-28,4554.8901,15992.6699,33408.3906
2023-11-29,4550.5801,16166.4502,33321.2188
2023-11-30,4567.7998,16215.4297,33486.8906
2023-12-01,4594.6299,16397.5195,33431.5117
2023-12-04,4569.7798,16404.7598,33231.2695
2023-12-05,4567.1802,16533.1094,32775.8203
2023-12-06,4549.3398,16656.4395,33445.8984
2023-12-07,4585.5898,16628.9902,32858.3086
2023-12-08,4604.3701,16759.2207,32307.8594
2023-12-11,4622.4399,16794.4297,32791.8008
2023-12-12,4643.7002,16791.7402,32843.6992
2023-12-13,4707.0898,16766.0508,32926.3516
2023-12-14,4719.5498,16752.2305,32686.2500
2023-12-15,4719.1899,16751.4395,32970.5508
2023-12-18,4740.5601,16650.5508,32758.9805
2023-12-19,4768.3701,16744.4102,33219.3906
2023-12-20,4698.3501,16733.0508,33675.9414
2023-12-21,4746.7500,16687.4199,33140.4688
2023-12-22,4754.6299,16706.1797,33169.0508
2023-12-27,4781.5801,16742.0703,33681.2383
2023-12-28,4783.3501,16701.5508,33539.6211
2023-12-29,4769.8301,16751.6406,33464.1719
2024-01-04,4688.6802,16617.2891,33288.2891
2024-01-05,4697.2402,16594.2109,33377.4219
2024-01-09,4756.5000,16688.3594,33763.1797
2024-01-10,4783.4502,16689.8105,34441.7188
2024-01-11,4780.2402,16547.0293,35049.8594
2024-01-12,4783.8301,16704.5605,35577.1094
2024-01-16,4765.9800,16571.6797,35619.1797
2024-01-17,4739.2100,16431.6895,35477.7500
2024-01-18,4780.9399,16567.3496,35466.1719
2024-01-19,4839.8101,16555.1309,35963.2695
2024-01-22,4850.4302,16683.3594,36546.9492
2024-01-23,4864.6001,16627.0898,36517.5703
2024-01-24,4868.5498,16889.9199,36226.4805
2024-01-25,4894.1602,16906.9199,36236.4688
2024-01-26,4890.9702,16961.3906,35751.0703
2024-01-29,4927.9302,16941.7109,36026.9414
2024-01-30,4924.9702,16972.3398,36065.8594
2024-01-31,4845.6499,16903.7598,36286.7109
2024-02-01,4906.1899,16859.0391,36011.4609
2024-02-02,4958.6099,16918.2109,36158.0195
2024-02-05,4942.8101,16904.0605,36354.1602
2024-02-06,4954.2300,17033.2402,36160.6602
2024-02-07,4995.0601,16921.9609,36119.9219
2024-02-08,4997.9102,16963.8301,36863.2812
2024-02-09,5026.6099,16926.5000,36897.4219
2024-02-13,4953.1699,16880.8301,37963.9688
2024-02-14,5000.6201,16945.4805,37703.3203
2024-02-15,5029.7300,17046.6895,38157.9414
2024-02-16,5005.5698,17117.4395,38487.2383
2024-02-20,4975.5098,17068.4297,38363.6094
2024-02-21,4981.7998,17118.1191,38262.1602
2024-02-22,5087.0298,17370.4492,39098.6797
2024-02-26,5069.5298,17423.2305,39233.7109
2024-02-27,5078.1802,17556.4902,39239.5195
2024-02-28,5069.7598,17601.2207,39208.0312
2024-02-29,5096.2700,17678.1895,39166.1914
2024-03-01,5137.0801,17735.0703,39910.8203
2024-03-04,5130.9502,17716.1699,40109.2305
2024-03-05,5078.6499,17698.4004,40097.6289
2024-03-06,5104.7598,17716.7109,40090.7812
2024-03-07,5157.3599,17842.8496,39598.7109
2024-03-08,5123.6899,17814.5098,39688.9414
2024-03-11,5117.9399,17746.2695,38820.4883
2024-03-12,5175.2700,17965.1094,38797.5117
2024-03-13,5165.3101,17961.3809,38695.9688
2024-03-14,5150.4800,17942.0391,38807.3789
2024-03-15,5117.0898,17936.6504,38707.6406
2024-03-18,5149.4199,17932.6797,39740.4414
2024-03-19,5178.5098,17987.4902,40003.6016
2024-03-21,5241.5298,18179.2500,40815.6602
2024-03-22,5234.1802,18205.9395,40888.4297
2024-03-25,5218.1899,18261.3105,40414.1211
2024-03-26,5203.5801,18384.3496,40398.0312
2024-03-27,5248.4902,18477.0898,40762.7305
2024-03-28,5254.3501,18492.4902,40168.0703
2024-04-02,5205.8101,18283.1309,39838.9102
2024-04-03,5211.4902,18367.7207,39451.8516
2024-04-04,5147.2100,18403.1309,39773.1406
2024-04-05,5204.3398,18175.0391,38992.0781
2024-04-08,5202.3901,18318.9707,39347.0391
2024-04-09,5209.9102,18076.6895,39773.1289
2024-04-10,5160.6401,18097.3008,39581.8086
2024-04-11,5199.0601,17954.4805,39442.6289
2024-04-12,5123.4102,17930.3203,39523.5508
2024-04-15,5061.8198,18026.5801,39232.8008
2024-04-16,5051.4102,17766.2305,38471.1992
2024-04-17,5022.2100,17770.0195,37961.8008
2024-04-18,5011.1201,17837.4004,38079.6992
2024-04-19,4967.2300,17737.3594,37068.3516
2024-04-22,5010.6001,17860.8008,37438.6094
2024-04-23,5070.5498,18137.6504,37552.1602
2024-04-24,5071.6299,18088.6992,38460.0781
2024-04-25,5048.4199,17917.2793,37628.4805
2024-04-26,5099.9600,18161.0098,37934.7617
2024-04-30,5035.6899,17932.1699,38405.6602
2024-05-02,5064.2002,17896.5000,38236.0703
2024-05-07,5187.7002,18430.0508,38835.1016
2024-05-08,5187.6699,18498.3809,38202.3711
2024-05-09,5214.0801,18686.5996,38073.9805
2024-05-10,5222.6802,18772.8496,38229.1094
2024-05-13,5221.4199,18742.2207,38179.4609
2024-05-14,5246.6802,18716.4199,38356.0586
2024-05-15,5308.1499,18869.3594,38385.7305
2024-05-16,5297.1001,18738.8105,38920.2617
2024-05-17,5303.2700,18704.4199,38787.3789
2024-05-20,5308.1299,18768.9609,39069.6797
2024-05-21,5321.4102,18726.7598,38946.9297
2024-05-22,5307.0098,18680.1992,38617.1016
2024-05-23,5267.8398,18691.3203,39103.2188
2024-05-24,5304.7202,18693.3691,38646.1094
2024-05-28,5306.0400,18677.8691,38855.3711
2024-05-29,5266.9502,18473.2891,38556.8711
2024-05-30,5235.4800,18496.7891,38054.1289
2024-05-31,5277.5098,18497.9395,38487.8984
2024-06-03,5283.3999,18608.1602,38923.0312
2024-06-04,5291.3398,18405.6406,38837.4609
2024-06-05,5354.0298,18575.9395,38490.1719
2024-06-06,5352.9600,18652.6699,38703.5117
2024-06-07,5346.9902,18557.2695,38683.9297
2024-06-10,5360.7900,18494.8906,39038.1602
2024-06-11,5375.3198,18369.9395,39134.7891
2024-06-12,5421.0298,18630.8594,38876.7109
2024-06-13,5433.7402,18265.6797,38720.4688
2024-06-14,5431.6001,18002.0195,38814.5586
2024-06-17,5473.2300,18068.2109,38102.4414
2024-06-18,5487.0298,18131.9707,38482.1094
2024-06-20,5473.1699,18254.1797,38633.0195
2024-06-21,5464.6201,18163.5195,38596.4688
2024-06-24,5447.8701,18325.5801,38804.6484
2024-06-25,5469.2998,18177.6191,39173.1484
2024-06-26,5477.8999,18155.2402,39667.0703
2024-06-27,5482.8701,18210.5508,39341.5391
2024-06-28,5460.4800,18235.4492,39583.0781
2024-07-01,5475.0898,18290.6602,39631.0586
2024-07-02,5509.0098,18164.0605,40074.6914
2024-07-03,5537.0200,18374.5293,40580.7617
2024-07-05,5567.1899,18475.4492,40912.3711
2024-07-08,5572.8501,18472.0508,40780.6992
2024-07-09,5576.9800,18236.1895,41580.1719
2024-07-10,5633.9102,18407.2207,41831.9883
2024-07-11,5584.5400,18534.5605,42224.0195
2024-07-12,5615.3501,18748.1797,41190.6797
2024-07-16,5667.2002,18518.0293,41275.0781
2024-07-17,5588.2700,18437.3008,41097.6914
2024-07-18,5544.5898,18354.7598,40126.3516
2024-07-19,5505.0000,18171.9297,40063.7891
2024-07-22,5564.4102,18407.0703,39599.0000
2024-07-23,5555.7402,18557.6992,39594.3906
2024-07-24,5427.1299,18387.4609,39154.8516
2024-07-25,5399.2202,18298.7207,37869.5117
2024-07-26,5459.1001,18417.5508,37667.4102
2024-07-29,5463.5400,18320.6699,38468.6289
2024-07-30,5436.4399,18411.1797,38525.9492
2024-07-31,5522.2998,18508.6504,39101.8203
2024-08-01,5446.6802,18083.0508,38126.3281
2024-08-02,5346.5601,17661.2207,35909.6992
2024-08-05,5186.3301,17339.0000,31458.4199
2024-08-06,5240.0298,17354.3203,34675.4609
2024-08-07,5199.5000,17615.1504,35089.6211
2024-08-08,5319.3101,17680.4004,34831.1484
2024-08-09,5344.1602,17722.8809,35025.0000
2024-08-13,5434.4302,17812.0508,36232.5117
2024-08-14,5455.2100,17885.5996,36442.4297
2024-08-15,5543.2202,18183.2402,36726.6406
2024-08-16,5554.2500,18322.4004,38062.6719
2024-08-19,5608.2500,18421.6895,37388.6211
2024-08-20,5597.1201,18357.5195,38062.9219
2024-08-21,5620.8501,18448.9492,37951.8008
2024-08-22,5570.6401,18493.3906,38211.0117
2024-08-23,5634.6099,18633.0996,38364.2695
2024-08-26,5616.8398,18617.0195,38110.2188
2024-08-27,5625.7998,18681.8105,38288.6211
2024-08-28,5592.1802,18782.2891,38371.7617
2024-08-29,5591.9600,18912.5703,38362.5312
2024-08-30,5648.3999,18906.9199,38647.7500
2024-09-03,5528.9302,18747.1094,38686.3086
2024-09-04,5520.0698,18591.8496,37047.6094
2024-09-05,5503.4102,18576.5000,36657.0898
2024-09-06,5408.4199,18301.9004,36391.4688
2024-09-09,5471.0498,18443.5605,36215.7500
2024-09-10,5495.5200,18265.9199,36159.1602
2024-09-11,5554.1299,18330.2695,35619.7695
2024-09-12,5595.7598,18518.3906,36833.2695
2024-09-13,5626.0200,18699.4004,36581.7617
2024-09-17,5634.5801,18726.0801,36203.2188
2024-09-18,5618.2598,18711.4902,36380.1719
2024-09-19,5713.6401,19002.3809,37155.3281
2024-09-20,5702.5498,18720.0098,37723.9102
2024-09-24,5732.9302,18996.6309,37940.5898
2024-09-25,5722.2598,18918.5000,37870.2617
2024-09-26,5745.3701,19238.3594,38925.6289
2024-09-27,5738.1699,19473.6309,39829.5586
2024-09-30,5762.4800,19324.9297,37919.5508
2024-10-01,5708.7500,19213.1406,38651.9688
2024-10-02,5709.5400,19164.7500,37808.7617
2024-10-03,5699.9399,19015.4102,38552.0586
2024-10-04,5751.0698,19120.9297,38635.6211
2024-10-07,5695.9399,19104.0996,39332.7383
2024-10-08,5751.1299,19066.4707,38937.5391
2024-10-09,5792.0400,19254.9297,39277.9609
2024-10-10,5780.0498,19210.9004,39380.8906
2024-10-11,5815.0298,19373.8301,39605.8008
2024-10-15,5815.2598,19486.1895,39910.5508
2024-10-16,5842.4702,19432.8105,39180.3008
2024-10-17,5841.4702,19583.3906,38911.1914
2024-10-18,5864.6699,19657.3691,38981.7500
2024-10-21,5853.9800,19461.1895,38954.6016
2024-10-22,5851.2002,19421.9102,38411.9609
2024-10-23,5797.4199,19377.6191,38104.8594
2024-10-24,5809.8599,19443.0000,38143.2891
2024-10-25,5808.1201,19463.5898,37913.9219
2024-10-28,5823.5200,19531.6191,38605.5312
2024-10-29,5832.9199,19478.0703,38903.6797
2024-10-30,5813.6699,19257.3398,39277.3906
2024-10-31,5705.4502,19077.5391,39081.2500
2024-11-01,5728.7998,19254.9707,38053.6719
2024-11-05,5782.7598,19256.2695,38474.8984
2024-11-06,5929.0400,19039.3105,39480.6719
2024-11-07,5973.1001,19362.5195,39381.4102
2024-11-08,5995.5400,19215.4805,39500.3711
2024-11-11,6001.3501,19448.5996,39533.3203
2024-11-12,5983.9902,19033.6406,39376.0898
2024-11-13,5985.3799,19003.1094,38721.6602
2024-11-14,5949.1699,19263.6992,38535.6992
2024-11-15,5870.6201,19210.8105,38642.9102
2024-11-18,5893.6201,19189.1895,38220.8516
2024-11-19,5916.9800,19060.3105,38414.4297
2024-11-20,5917.1099,19004.7793,38352.3398
2024-11-21,5948.7100,19146.1699,38026.1719
2024-11-22,5969.3398,19322.5898,38283.8516
2024-11-25,5987.3701,19405.1992,38780.1406
2024-11-26,6021.6299,19295.9805,38442.0000
2024-11-27,5998.7402,19261.7500,38134.9688
2024-11-29,6032.3799,19626.4492,38208.0312
2024-12-02,6047.1499,19933.6191,38513.0195
2024-12-03,6049.8799,20016.7500,39248.8594
2024-12-04,6086.4902,20232.1406,39276.3906
2024-12-05,6075.1099,20358.8008,39395.6016
2024-12-06,6090.2700,20384.6094,39091.1719
2024-12-09,6052.8501,20345.9609,39160.5000
2024-12-10,6034.9102,20329.1602,39367.5781
2024-12-11,6084.1899,20399.1602,39372.2305
2024-12-12,6051.2500,20426.2695,39849.1406
2024-12-13,6051.0898,20405.9199,39470.4414
2024-12-16,6074.0801,20313.8105,39457.4883
2024-12-17,6050.6099,20246.3691,39364.6797
2024-12-18,5872.1602,20242.5703,39081.7109
2024-12-19,5867.0801,19969.8594,38813.5781
2024-12-20,5930.8501,19884.7500,38701.8984
2024-12-23,5974.0698,19848.7695,39161.3398
2024-12-27,5970.8398,19984.3203,40281.1602
2024-12-30,5906.9399,19909.1406,39894.5391
2025-01-06,5975.3799,20216.1895,39307.0508
2025-01-07,5909.0298,20340.5703,40083.3008
2025-01-08,5918.2500,20329.9395,39981.0586
2025-01-10,5827.0400,20214.7891,39190.3984
2025-01-14,5842.9102,20271.3301,38474.3008
2025-01-15,5949.9102,20574.6797,38444.5781
2025-01-16,5937.3398,20655.3906,38572.6016
2025-01-17,5996.6602,20903.3906,38451.4609
2025-01-21,6049.2402,21042.0000,39027.9805
2025-01-22,6086.3701,21254.2695,39646.2500
2025-01-23,6118.7100,21411.5293,39958.8711
2025-01-24,6101.2402,21394.9297,39931.9805
2025-01-27,6012.2798,21282.1797,39565.8008
2025-01-28,6067.7002,21430.5801,39016.8711
2025-01-29,6039.3101,21637.5293,39414.7812
2025-01-30,6071.1699,21727.1992,39513.9688
2025-01-31,6040.5298,21732.0508,39572.4883
2025-02-03,5994.5698,21428.2402,38520.0898
2025-02-04,6037.8799,21505.6992,38798.3711
2025-02-05,6061.4800,21585.9297,38831.4805
2025-02-06,6083.5698,21902.4199,39066.5312
2025-02-07,6025.9902,21787.0000,38787.0195
2025-02-10,6066.4399,21911.7402,38801.1719
2025-02-12,6051.9702,22148.0293,38963.6992
2025-02-13,6115.0698,22612.0195,39461.4688
2025-02-14,6114.6299,22513.4199,39149.4297
2025-02-18,6129.5801,22844.5000,39270.3984
2025-02-19,6144.1499,22433.6309,39164.6094
2025-02-20,6117.5200,22314.6504,38678.0391
2025-02-21,6013.1299,22287.5605,38776.9414
2025-02-25,5955.2500,22410.2695,38237.7891
2025-02-26,5956.0601,22794.1094,38142.3711
2025-02-27,5861.5698,22550.8906,38256.1719
2025-02-28,5954.5000,22551.4297,37155.5000
2025-03-03,5849.7202,23147.0195,37785.4688
2025-03-04,5778.1499,22326.8105,37331.1797
2025-03-05,5842.6299,23081.0293,37418.2383
2025-03-06,5738.5200,23419.4805,37704.9297
2025-03-07,5770.2002,23008.9395,36887.1719
2025-03-10,5614.5601,22620.9492,37028.2695
2025-03-11,5572.0698,22328.7695,36793.1094
2025-03-12,5599.2998,22676.4102,36819.0898
2025-03-13,5521.5200,22567.1406,36790.0312
2025-03-14,5638.9399,22986.8203,37053.1016
2025-03-17,5675.1201,23154.5703,37396.5195
2025-03-18,5614.6602,23380.6992,37845.4219
2025-03-19,5675.2900,23288.0605,37751.8789
2025-03-21,5667.5601,22891.6797,37677.0586
2025-03-24,5767.5698,22852.6602,37608.4883
2025-03-25,5776.6499,23109.7891,37780.5391
2025-03-26,5712.2002,22839.0293,38027.2891
2025-03-27,5693.3101,22678.7402,37799.9688
2025-03-28,5580.9399,22461.5195,37120.3281
2025-03-31,5611.8501,22163.4902,35617.5586
2025-04-01,5633.0698,22539.9805,35624.4805
2025-04-02,5670.9702,22390.8398,35725.8711
2025-04-03,5396.5200,21717.3906,34735.9297
2025-04-04,5074.0801,20641.7207,33780.5781
2025-04-07,5062.2500,19789.6191,31136.5801
2025-04-08,4982.7700,20280.2598,33012.5781
2025-04-09,5456.8999,19670.8809,31714.0293
2025-04-10,5268.0498,20562.7305,34609.0000
2025-04-11,5363.3599,20374.0996,33585.5781
2025-04-14,5405.9702,20954.8301,33982.3594
2025-04-15,5396.6299,21253.6992,34267.5391
2025-04-16,5275.7002,21311.0195,33920.3984
2025-04-17,5282.7002,21205.8594,34377.6016
2025-04-22,5287.7598,21293.5293,34220.6016
2025-04-23,5375.8599,21961.9707,34868.6289
2025-04-24,5484.7700,22064.5098,35039.1484
2025-04-25,5525.2100,22242.4492,35705.7383
2025-04-28,5528.7500,22271.6699,35839.9883
2025-04-30,5569.0601,22496.9805,36045.3789
2025-05-02,5686.6699,23086.6504,36830.6914
2025-05-07,5631.2798,23115.9609,36779.6602
2025-05-08,5663.9399,23352.6895,36928.6289
2025-05-09,5659.9102,23499.3203,37503.3281
2025-05-12,5844.1899,23566.5391,37644.2617
2025-05-13,5886.5498,23638.5605,38183.2617
2025-05-14,5892.5801,23527.0098,38128.1289
2025-05-15,5916.9302,23695.5898,37755.5117
2025-05-16,5958.3799,23767.4297,37753.7188
2025-05-19,5963.6001,23934.9805,37498.6289
2025-05-20,5940.4600,24036.1094,37529.4883
2025-05-21,5844.6099,24122.4004,37298.9805
2025-05-22,5842.0098,23999.1699,36985.8711
2025-05-23,5802.8198,23629.5801,37160.4688
2025-05-27,5921.5400,24226.4902,37724.1094
2025-05-28,5888.5498,24038.1895,37722.3984
2025-05-29,5912.1699,23933.2305,38432.9805
2025-05-30,5911.6899,23997.4805,37965.1016
2025-06-02,5935.9399,23930.6699,37470.6719
2025-06-03,5970.3701,24091.6191,37446.8086
2025-06-04,5970.8101,24276.4805,37747.4492
2025-06-05,5939.2998,24323.5801,37554.4883
2025-06-06,6000.3599,24304.4609,37741.6094
2025-06-09,6005.8799,24174.3203,38088.5703
2025-06-10,6038.8101,23987.5605,38211.5117
2025-06-11,6022.2402,23948.9004,38421.1914
2025-06-12,6045.2598,23771.4492,38173.0898
2025-06-13,5976.9702,23516.2305,37834.2500
2025-06-16,6033.1099,23699.1191,38311.3281
2025-06-17,5982.7202,23434.6504,38536.7383
2025-06-18,5980.8701,23317.8105,38885.1484
2025-06-20,5967.8398,23350.5508,38403.2305
2025-06-23,6025.1699,23269.0098,38354.0898
2025-06-24,6092.1802,23641.5801,38790.5586
2025-06-25,6092.1602,23498.3301,38942.0703
2025-06-26,6141.0200,23649.3008,39584.5781
2025-06-27,6173.0698,24033.2207,40150.7891
2025-06-30,6204.9502,23909.6094,40487.3906
2025-07-01,6198.0098,23673.2891,39986.3281
2025-07-02,6227.4199,23790.1094,39762.4805
2025-07-03,6279.3501,23934.1309,39785.8984
2025-07-07,6229.9800,24073.6699,39587.6797
2025-07-08,6225.5200,24206.9102,39688.8086
2025-07-09,6263.2598,24549.5605,39821.2812
2025-07-10,6280.4600,24456.8105,39646.3594
2025-07-11,6259.7500,24255.3105,39569.6797
2025-07-14,6268.5601,24160.6406,39459.6211
2025-07-15,6243.7598,24060.2891,39678.0195
2025-07-16,6263.7002,24009.3809,39663.3984
2025-07-17,6297.3599,24370.9297,39901.1914
2025-07-18,6296.7900,24289.5098,39819.1094
2025-07-22,6309.6201,24041.9004,39774.9219
2025-07-23,6358.9102,24240.8203,41171.3203
2025-07-24,6363.3501,24295.9297,41826.3398
2025-07-25,6388.6401,24217.5000,41456.2305
2025-07-28,6389.7700,23970.3594,40998.2695
2025-07-29,6370.8599,24217.3691,40674.5508
2025-07-30,6362.8999,24262.2207,40654.6992
2025-07-31,6339.3901,24065.4707,41069.8203
2025-08-01,6238.0098,23425.9707,40799.6016
2025-08-04,6329.9399,23757.6895,40290.6992
2025-08-05,6299.1899,23846.0703,40549.5391
2025-08-06,6345.0601,23924.3594,40794.8594
2025-08-07,6340.0000,24192.5000,41059.1484
2025-08-08,6389.4502,24162.8594,41820.4805
2025-08-12,6445.7598,24024.7793,42718.1719
2025-08-13,6466.5801,24185.5898,43274.6719
2025-08-14,6468.5400,24377.5000,42649.2617
2025-08-15,6449.7998,24359.3008,43378.3086
2025-08-18,6449.1499,24314.7695,43714.3086
2025-08-19,6411.3701,24423.0703,43546.2891
2025-08-20,6395.7798,24276.9707,42888.5508
2025-08-21,6370.1699,24293.3398,42610.1719
2025-08-22,6466.9102,24363.0898,42633.2891
2025-08-25,6439.3198,24273.1191,42807.8203
2025-08-26,6465.9399,24152.8691,42394.3984
2025-08-27,6481.3999,24046.2109,42520.2695
2025-08-28,6501.8599,24039.9199,42828.7891
2025-08-29,6460.2598,23902.2109,42718.4688
2025-09-02,6415.5400,23487.3301,42310.4883
2025-09-03,6448.2598,23594.8008,41938.8906
2025-09-04,6502.0801,23770.3301,42580.2695
2025-09-05,6481.5000,23596.9805,43018.7500
2025-09-08,6495.1499,23807.1309,43643.8086
2025-09-09,6512.6099,23718.4492,43459.2891
2025-09-10,6532.0400,23632.9492,43837.6719
2025-09-11,6587.4702,23703.6504,44372.5000
2025-09-12,6584.2900,23698.1504,44768.1211
2025-09-16,6606.7598,23329.2402,44902.2695
2025-09-17,6600.3501,23359.1797,44790.3789
2025-09-18,6631.9600,23674.5293,45303.4297
2025-09-19,6664.3599,23639.4102,45045.8086
2025-09-22,6693.7500,23527.0508,45493.6602
2025-09-24,6637.9702,23666.8105,45630.3086
2025-09-25,6604.7202,23534.8301,45754.9297
2025-09-26,6643.7002,23739.4707,45354.9883
2025-09-29,6661.2100,23745.0605,45043.7500
2025-09-30,6688.4600,23880.7207,44932.6289
2025-10-01,6711.2002,24113.6191,44550.8516
2025-10-02,6715.3501,24422.5605,44936.7305
2025-10-03,6715.7900,24378.8008,45769.5000
2025-10-06,6740.2798,24378.2891,47944.7617
2025-10-07,6714.5898,24385.7793,47950.8789
2025-10-08,6753.7202,24597.1309,47734.9883
2025-10-09,6735.1099,24611.2500,48580.4414
2025-10-10,6552.5098,24241.4609,48088.8008
2025-10-14,6644.3101,24236.9395,46847.3203
2025-10-15,6671.0601,24181.3691,47672.6719
2025-10-16,6629.0698,24272.1895,48277.7383
2025-10-17,6664.0098,23830.9902,47582.1484
2025-10-20,6735.1299,24258.8008,49185.5000
2025-10-21,6735.3501,24330.0293,49316.0586
2025-10-22,6699.3999,24151.1309,49307.7891
2025-10-23,6738.4399,24207.7891,48641.6094
2025-10-24,6791.6899,24239.8906,49299.6484
2025-10-27,6875.1602,24308.7793,50512.3203
2025-10-28,6890.8901,24278.6309,50219.1797
2025-10-29,6890.5898,24124.2109,51307.6484
2025-10-30,6822.3398,24118.8906,51325.6094
2025-10-31,6840.2002,23958.3008,52411.3398
2025-11-04,6771.5498,23949.1094,51497.1992
2025-11-05,6796.2900,24049.7402,50212.2695
2025-11-06,6720.3198,23734.0195,50883.6797
2025-11-07,6728.7998,23569.9609,50276.3711
2025-11-10,6832.4302,23959.9902,50911.7617
2025-11-11,6846.6099,24088.0605,50842.9297
2025-11-12,6850.9199,24381.4609,51063.3086
2025-11-13,6737.4902,24041.6191,51281.8281
2025-11-14,6734.1099,23876.5508,50376.5312
2025-11-17,6672.4102,23590.5195,50323.9102
2025-11-18,6617.3198,23180.5293,48702.9805
2025-11-19,6642.1602,23162.9199,48537.6992
2025-11-20,6538.7598,23278.8496,49823.9414
2025-11-21,6602.9902,23091.8691,48625.8789
2025-11-25,6765.8799,23464.6309,48659.5195
2025-11-26,6812.6099,23726.2207,49559.0703
2025-11-28,6849.0898,23836.7891,50253.9102
2025-12-01,6812.6299,23589.4395,49303.2812
2025-12-02,6829.3701,23710.8594,49303.4492
2025-12-03,6849.7202,23693.7109,49864.6797
2025-12-04,6857.1201,23882.0293,51028.4219
2025-12-05,6870.3999,24028.1406,50491.8711
2025-12-08,6846.5098,24046.0098,50581.9414
2025-12-09,6840.5098,24162.6504,50655.1016
2025-12-10,6886.6802,24130.1406,50602.8008
2025-12-11,6901.0000,24294.6094,50148.8203
2025-12-12,6827.4102,24186.4902,50836.5508
2025-12-15,6816.5098,24229.9102,50168.1094
2025-12-16,6800.2598,24076.8691,49383.2891
2025-12-17,6721.4302,23960.5898,49512.2812
2025-12-18,6774.7598,24199.5000,49001.5000
2025-12-19,6834.5000,24288.4004,49507.2109
2025-12-22,6878.4902,24283.9707,50402.3906
2025-12-23,6909.7900,24340.0605,50412.8711
2025-12-29,6905.7402,24351.1191,50526.9219
2025-12-30,6896.2402,24490.4102,50339.4805
2026-01-05,6902.0498,24868.6895,51832.8008
2026-01-06,6944.8198,24892.1992,52518.0781
2026-01-07,6920.9302,25122.2598,51961.9805
2026-01-08,6921.4600,25127.4609,51117.2617
2026-01-09,6966.2798,25261.6406,51939.8906
2026-01-13,6963.7402,25420.6602,53549.1602
2026-01-14,6926.6001,25286.2402,54341.2305
2026-01-15,6944.4702,25352.3906,54110.5000
2026-01-16,6940.0098,25297.1309,53936.1719
2026-01-20,6796.8599,24703.1191,52991.1016
2026-01-21,6875.6201,24560.9805,52774.6406
2026-01-22,6913.3501,24856.4707,53688.8906
2026-01-23,6915.6099,24900.7109,53846.8711
2026-01-26,6950.2300,24933.0801,52885.2500
2026-01-27,6978.6001,24894.4395,53333.5391
2026-01-28,6978.0298,24822.7891,53358.7109
2026-01-29,6969.0098,24309.4609,53375.6016
2026-01-30,6939.0298,24538.8105,53322.8516
2026-02-02,6976.4399,24797.5195,52655.1797
2026-02-03,6917.8101,24780.7891,54720.6602
2026-02-04,6882.7202,24603.0391,54293.3594
2026-02-05,6798.3999,24491.0605,53818.0391
2026-02-06,6932.2998,24721.4609,54253.6797
2026-02-09,6964.8198,25014.8691,56363.9414
2026-02-10,6941.8101,24987.8496,57650.5391
2026-02-12,6832.7598,24852.6895,57639.8398
2026-02-13,6836.1699,24914.8809,56941.9688
2026-02-17,6843.2202,24998.4004,56566.4883
2026-02-18,6881.3101,25278.2109,57143.8398
2026-02-19,6861.8901,25043.5703,57467.8281
2026-02-20,6909.5098,25260.6895,56825.6992
2026-02-24,6890.0698,24986.2500,57321.0898
2026-02-25,6946.1299,25175.9395,58583.1211
2026-02-26,6908.8599,25289.0195,58753.3906
2026-02-27,6878.8799,25284.2598,58850.2695
2026-03-02,6881.6201,24638.0000,58057.2383
2026-03-03,6816.6299,23790.6504,56279.0508
2026-03-04,6869.5000,24205.3594,54245.5391
2026-03-05,6830.7100,23815.7500,55278.0586
2026-03-06,6740.0200,23591.0293,55620.8398
2026-03-09,6795.9902,23409.3691,52728.7188
2026-03-10,6781.4800,23968.6309,54248.3906
2026-03-11,6775.7998,23640.0293,55025.3711
2026-03-12,6672.6201,23589.6504,54452.9609
2026-03-13,6632.1899,23447.2891,53819.6094
2026-03-16,6699.3799,23564.0098,53751.1484
2026-03-17,6716.0898,23730.9199,53700.3906
2026-03-18,6624.7002,23502.2500,55239.3984
2026-03-19,6606.4902,22839.5605,53372.5312
2026-03-23,6581.0000,22653.8594,51515.4883
2026-03-24,6556.3701,22636.9102,52252.2812
2026-03-25,6591.8999,22957.0801,53749.6211
2026-03-26,6477.1602,22612.9707,53603.6484
2026-03-27,6368.8501,22300.7500,53373.0703
2026-03-30,6343.7202,22562.8809,51885.8516
2026-03-31,6528.5200,22680.0391,51063.7188
2026-04-01,6575.3198,23298.8906,53739.6797
2026-04-02,6582.6899,23168.0801,52463.2695
2026-04-07,6616.8501,22921.5898,53429.5586
2026-04-08,6782.8101,24080.6309,56308.4219
2026-04-09,6824.6602,23806.9902,55895.3203
2026-04-10,6816.8901,23803.9492,56924.1094
2026-04-13,6886.2402,23742.4395,56502.7695
2026-04-14,6967.3799,24044.2207,57877.3906
2026-04-15,7022.9502,24066.6992,58134.2383
2026-04-16,7041.2798,24154.4707,59518.3398
2026-04-17,7126.0601,24702.2402,58475.8984
2026-04-20,7109.1401,24417.8008,58824.8906
2026-04-21,7064.0098,24270.8691,59349.1719
2026-04-22,7137.8999,24194.9004,59585.8594
2026-04-23,7108.3999,24155.4492,59140.2305
2026-04-24,7165.0801,24128.9805,59716.1797
2026-04-27,7173.9102,24083.5293,60537.3594
2026-04-28,7138.7998,24018.2598,59917.4609
2026-04-30,7209.0098,24292.3809,59284.9219
2026-05-07,7337.1099,24663.6094,62833.8398
2026-05-08,7398.9302,24338.6309,62713.6484
2026-05-11,7412.8398,24350.2793,62417.8789
2026-05-12,7400.9600,23954.9297,62742.5703
2026-05-13,7444.2500,24136.8105,63272.1094
2026-05-14,7501.2402,24456.2598,62654.0508
2026-05-15,7408.5000,23950.5703,61409.2891
2026-05-18,7403.0498,24307.9199,60815.9492
2026-05-19,7353.6099,24400.6504,60550.5898
2026-05-20,7432.9702,24737.2402,59804.4102
2026-05-21,7445.7202,24606.7695,61684.1406
2026-05-22,7473.4702,24888.5605,63339.0703
2026-05-26,7519.1201,25184.8906,64996.0898
2026-05-27,7520.3599,25177.8008,64999.4102
2026-05-28,7563.6299,25092.2500,64693.1211
2026-05-29,7580.0601,25104.6992,66329.5000
2026-06-01,7599.9600,25003.0391,66934.3281
2026-06-02,7609.7798,25124.1699,66734.2422
2026-06-03,7553.6802,24795.9395,68402.1328
2026-06-04,7584.3101,24944.9492,67470.6875
2026-06-05,7383.7402,24759.0508,66588.1172
2026-06-08,7405.7300,24616.2207,64024.6016
2026-06-09,7386.6499,24433.0605,65416.6289
2026-06-10,7266.9902,24195.3105,64179.2695
2026-06-11,7394.2998,24209.7109,64217.2695
2026-06-12,7431.4600,24635.3008,66020.0391
2026-06-15,7554.2900,24894.0098,69317.5000
2026-06-16,7511.3501,24910.4102,69404.5000
2026-06-17,7420.1001,24934.6699,69902.2500
2026-06-18,7500.5801,25026.8008,71053.4922
2026-06-22,7472.7900,25139.6895,72353.9609
2026-06-23,7365.4600,24893.5801,69788.3828
2026-06-24,7358.2202,24740.3594,69174.9688
2026-06-25,7357.4902,24994.8301,72366.3438
2026-06-26,7354.0200,24671.2207,69360.8828
2026-06-29,7440.4302,24626.8906,69468.1094
2026-06-30,7499.3599,24995.8105,70062.3203
2026-07-01,7483.2300,25040.2793,70474.9609
2026-07-02,7483.2402,25580.8809,68733.1484
2026-07-06,7537.4302,25817.8906,69737.6875
2026-07-07,7503.8501,25465.2500,68256.9609
2026-07-08,7482.7100,24897.4492,66819.0469
2026-07-09,7543.6401,25118.2695,67743.8516
2026-07-10,7575.3901,25067.0898,68557.7266
2026-07-13,7515.3398,25114.2500,67242.7266
2026-07-14,7543.5898,25147.0293,67743.5000
2026-07-15,7572.3999,24999.5293,68751.5078
2026-07-16,7533.7700,24915.4902,66835.5391
2026-07-17,7457.6899,24830.9805,64141.1211
2026-07-21,7509.2002,25011.3496,66232.1875
2026-07-22,7498.9600,25155.4102,66115.6016
2026-07-23,7408.2998,24763.1191,66422.6016
2026-07-24,7411.9800,25099.0000,64611.1484
2026-07-27,7413.1802,25361.0293,64931.1914
2026-07-28,7428.7798,25464.0098,62364.9219
2026-07-29,7316.1499,25460.4805,61434.1914
2026-07-30,7437.6299,25612.0293,61867.4297
2026-07-31,7489.7202,25629.2402,64362.0195
2026-08-03,7600.5000,26001.3105,63754.8984
2026-08-04,7736.5200,26202.3496,63957.5312
2026-08-05,7723.5498,26126.3008,66300.4375
2026-08-06,7709.9600,26140.1309,65683.2578
2026-08-07,7757.6401,26319.4492,65606.7109
2026-08-10,7753.1099,26323.8809,66970.2188
2026-08-12,7748.5000,26331.0703,67524.0625
2026-08-13,7798.9902,26299.7402,68308.5938
2026-08-14,7785.7598,26440.3105,68713.7969
2026-08-17,7745.0601,26338.6094,69220.2500
2026-08-18,7691.7598,26128.3594,67460.7266
2026-08-19,7707.9800,26091.3301,65326.4219
2026-08-20,7641.1602,25983.0391,66216.7891
2026-08-21,7674.3701,26136.5605,66016.3594
2026-08-24,7652.8599,26106.5996,65528.0898
